legacy_id,url,name
370982,https://www.thegioididong.com/dtdd/iphone-18-pro-max,Điện thoại iPhone 18 Pro Max 256GB
370977,https://www.thegioididong.com/dtdd/iphone-18-pro,Điện thoại iPhone 18 Pro 256GB
370987,https://www.thegioididong.com/dtdd/iphone-duo,Điện thoại iPhone Duo 256GB
369617,https://www.thegioididong.com/dtdd/xiaomi-redmi-note-17-4g-4gb-128gb,Điện thoại Xiaomi Redmi Note 17 4G 4GB/128GB
342679,https://www.thegioididong.com/dtdd/iphone-17-pro-max,Điện thoại iPhone 17 Pro Max 256GB
367499,https://www.thegioididong.com/dtdd/realme-16t-5g-8gb-128gb,Điện thoại realme 16T 5G 8GB/128GB
369626,https://www.thegioididong.com/dtdd/xiaomi-redmi-note-17-pro-5g-12gb-256gb,Điện thoại Xiaomi Redmi Note 17 Pro 5G 12GB/256GB
369628,https://www.thegioididong.com/dtdd/xiaomi-redmi-note-17-pro-max-12gb-256gb,Điện thoại Xiaomi Redmi Note 17 Pro Max 5G 12GB/256GB
367011,https://www.thegioididong.com/dtdd/honor-600-lite-8gb-256gb,Điện thoại Honor 600 Lite 8GB/256GB
368236,https://www.thegioididong.com/dtdd/motorola-razr-fold-12gb-256gb,Điện thoại Motorola Razr Fold 5G 12GB/256GB
342667,https://www.thegioididong.com/dtdd/iphone-17,Điện thoại iPhone 17 256GB
370544,https://www.thegioididong.com/dtdd/samsung-galaxy-s26-fe-8gb-128gb,Điện thoại Samsung Galaxy S26 FE 5G 8GB/128GB
368250,https://www.thegioididong.com/dtdd/oppo-reno16f-5g-8gb-128gb,Điện thoại OPPO Reno16F 5G 8GB/128GB
342676,https://www.thegioididong.com/dtdd/iphone-17-pro,Điện thoại iPhone 17 Pro 256GB
368057,https://www.thegioididong.com/dtdd/samsung-galaxy-z-fold8-12gb-256gb,Điện thoại Samsung Galaxy Z Fold8 12GB/256GB
368050,https://www.thegioididong.com/dtdd/samsung-galaxy-z-fold8-ultra-12gb-256gb,Điện thoại Samsung Galaxy Z Fold8 Ultra 12GB/256GB
329138,https://www.thegioididong.com/dtdd/iphone-16-plus,Điện thoại iPhone 16 Plus 128GB
363408,https://www.thegioididong.com/dtdd/vivo-x300-ultra,Điện thoại Vivo X300 Ultra 16GB/512GB
368872,https://www.thegioididong.com/dtdd/nothing-phone-4-a-8gb-128gb?utm_flashsale=1,Điện thoại Nothing Phone (4a) 5G 8GB/128GB
363401,https://www.thegioididong.com/dtdd/samsung-galaxy-a37-6gb-128gb,Điện thoại Samsung Galaxy A37 5G 6GB/128GB
367002,https://www.thegioididong.com/dtdd/xiaomi-17t-5g-12gb-256gb?utm_flashsale=1,Điện thoại Xiaomi 17T 5G 12GB/256GB
370752,https://www.thegioididong.com/dtdd/oppo-a6-6gb-128gb,Điện thoại OPPO A6 6GB/128GB
363466,https://www.thegioididong.com/dtdd/vivo-v70-fe-8gb-256gb?utm_flashsale=1,Điện thoại Vivo V70 FE 5G 8GB/256GB
367427,https://www.thegioididong.com/dtdd/realme-c100x-4gb-128gb,Điện thoại realme C100x 4GB/128GB
358683,https://www.thegioididong.com/dtdd/honor-x9d-5g-12gb-256gb,Điện thoại HONOR X9d 5G 12GB/256GB
367204,https://www.thegioididong.com/dtdd/tecno-spark-50-4gb-128gb,Điện thoại Tecno Spark 50 4GB/128GB
367975,https://www.thegioididong.com/dtdd/motorola-edge-70-fusion-8gb-128gb,Điện thoại Motorola Edge 70 Fusion 8GB/128GB
281570,https://www.thegioididong.com/dtdd/iphone-15,Điện thoại iPhone 15 128GB
342670,https://www.thegioididong.com/dtdd/iphone-air,Điện thoại iPhone Air 256GB
361947,https://www.thegioididong.com/dtdd/samsung-galaxy-s26-12gb-256gb,Điện thoại Samsung Galaxy S26 5G 12GB/256GB
368099,https://www.thegioididong.com/dtdd/oppo-reno16-5g-8gb-256gb,Điện thoại OPPO Reno16 5G 8GB/256GB
357576,https://www.thegioididong.com/dtdd/vivo-v60-lite-8gb-256gb?utm_flashsale=1,Điện thoại vivo V60 Lite 5G 8GB/256GB
364187,https://www.thegioididong.com/dtdd/realme-c100-4g-8gb-128gb,Điện thoại realme C100 4G 8GB/128GB
358026,https://www.thegioididong.com/dtdd/honor-x7d-5g-8gb-256gb,Điện thoại Honor X7d 5G 8GB/256GB
364633,https://www.thegioididong.com/dtdd/tecno-spark-go-3-4gb-128gb?utm_flashsale=1,Điện thoại Tecno Spark Go 3 4GB/128GB
362373,https://www.thegioididong.com/dtdd/motorola-g57-power-5g-8gb-128gb,Điện thoại Motorola G57 Power 5G 8GB/128GB
342692,https://www.thegioididong.com/dtdd/iphone-17e-256gb,Điện thoại iPhone 17e 256GB
360302,https://www.thegioididong.com/dtdd/xiaomi-redmi-note-15-6gb-128gb,Điện thoại Xiaomi Redmi Note 15 6GB/128GB
360244,https://www.thegioididong.com/dtdd/oppo-a6x-4gb-64gb?utm_flashsale=1,Điện thoại OPPO A6x 4GB/64GB
368101,https://www.thegioididong.com/dtdd/oppo-reno16-pro,Điện thoại OPPO Reno16 Pro 5G 12GB/256GB
357862,https://www.thegioididong.com/dtdd/vivo-x300-pro,Điện thoại vivo X300 Pro 5G 16GB/512GB
361703,https://www.thegioididong.com/dtdd/realme-16-5g-8gb-256gb,Điện thoại realme 16 5G 8GB/256GB
344641,https://www.thegioididong.com/dtdd/honor-magic-v5-5g-16gb-512gb,Điện thoại HONOR Magic V5 5G 16GB/512GB
362374,https://www.thegioididong.com/dtdd/motorola-edge-70-8gb-256gb,Điện thoại Motorola Edge 70 8GB/256GB
329135,https://www.thegioididong.com/dtdd/iphone-16,Điện thoại iPhone 16 128GB
334864,https://www.thegioididong.com/dtdd/iphone-16e,Điện thoại iPhone 16e 128GB
333363,https://www.thegioididong.com/dtdd/samsung-galaxy-s25,Điện thoại Samsung Galaxy S25 5G 12GB/256GB
360310,https://www.thegioididong.com/dtdd/xiaomi-redmi-note-15-5g-6gb-128gb,Điện thoại Xiaomi Redmi Note 15 5G 6GB/128GB
339245,https://www.thegioididong.com/dtdd/honor-400-lite,Điện thoại HONOR 400 Lite 12GB/256GB
360344,https://www.thegioididong.com/dtdd/realme-c85-8gb-128gb?utm_flashsale=1,Điện thoại realme C85 8GB/128GB
369546,https://www.thegioididong.com/dtdd/motorola-g06-power-4gb-64gb?utm_flashsale=1,Điện thoại Motorola G06 POWER 4GB/64GB
341688,https://www.thegioididong.com/dtdd/samsung-galaxy-a17-5g-8gb-128gb,Điện thoại Samsung Galaxy A17 5G 8GB/128GB
360312,https://www.thegioididong.com/dtdd/xiaomi-redmi-note-15-pro-5g-8gb-256gb,Điện thoại Xiaomi Redmi Note 15 Pro 5G 8GB/256GB
339180,https://www.thegioididong.com/dtdd/vivo-y39-5g?utm_flashsale=1,Điện thoại vivo Y39 5G 8GB/128GB
357832,https://www.thegioididong.com/dtdd/realme-c85-pro-8gb-128gb,Điện thoại realme C85 Pro 8GB/128GB
339638,https://www.thegioididong.com/dtdd/honor-400-5g-12gb-256gb-den,Điện thoại HONOR 400 5G 12GB/256GB Đen
362760,https://www.thegioididong.com/dtdd/realme-c85-5g-8gb-128gb?utm_flashsale=1,Điện thoại realme C85 5G 8GB/128GB
366660,https://www.thegioididong.com/dtdd/tecno-spark-40-6gb-128gb,Điện thoại Tecno Spark 40 6GB/128GB
358048,https://www.thegioididong.com/dtdd/motorola-moto-g35-5g-4gb-128gb?utm_flashsale=1,Điện thoại Motorola G35 5G 4GB/128GB
366829,https://www.thegioididong.com/dtdd/realme-c100i-4gb-64gb?utm_flashsale=1,Điện thoại realme C100i 4GB/64GB
363438,https://www.thegioididong.com/dtdd/realme-p4-power-5g-12gb-256gb,Điện thoại realme P4 Power 5G 12GB/256GB
342560,https://www.thegioididong.com/dtdd/samsung-galaxy-s25-fe-5g-8gb-128gb,Điện thoại Samsung Galaxy S25 FE 5G 8GB/128GB
360240,https://www.thegioididong.com/dtdd/oppo-reno15f-5g-8gb-256gb,Điện thoại OPPO Reno15 F 5G 8GB/256GB
360307,https://www.thegioididong.com/dtdd/xiaomi-redmi-note-15-pro-8gb-256gb?utm_flashsale=1,Điện thoại Xiaomi Redmi Note 15 Pro 8GB/256GB
344650,https://www.thegioididong.com/dtdd/oppo-a6-pro-8gb-256gb,Điện thoại OPPO A6 Pro 8GB/256GB
343067,https://www.thegioididong.com/dtdd/realme-15-pro-5g-12gb-256gb,Điện thoại realme 15 Pro 5G 12GB/256GB
343063,https://www.thegioididong.com/dtdd/realme-15t-5g-8gb-256gb?utm_flashsale=1,Điện thoại realme 15T 5G 8GB/256GB
358225,https://www.thegioididong.com/dtdd/motorola-moto-g86-5g-8gb-128gb,Điện thoại Motorola G86 POWER 5G 8GB/128GB
358224,https://www.thegioididong.com/dtdd/motorola-edge-60-fusion-8gb-256gb,Điện thoại Motorola Edge 60 Fusion 5G 8GB/256GB
358223,https://www.thegioididong.com/dtdd/motorola-razr-60-8gb-256gb,Điện thoại Motorola Razr 60 5G 8GB/256GB
338738,https://www.thegioididong.com/dtdd/samsung-galaxy-z-fold7,Điện thoại Samsung Galaxy Z Fold7 5G 12GB/256GB
360309,https://www.thegioididong.com/dtdd/xiaomi-redmi-note-15-pro-plus-5g-12gb-256gb,Điện thoại Xiaomi Redmi Note 15 Pro+ 5G 12GB/256GB
343124,https://www.thegioididong.com/dtdd/oppo-a6-pro-5g-8gb-256gb?utm_flashsale=1,Điện thoại OPPO A6 Pro 5G 8GB/256GB
341625,https://www.thegioididong.com/dtdd/vivo-v60-12gb-256gb?utm_flashsale=1,Điện thoại vivo V60 5G 12GB/256GB
362919,https://www.thegioididong.com/dtdd/honor-x8d-8gb-128gb,Điện thoại HONOR X8d 8GB/128GB
361191,https://www.thegioididong.com/dtdd/oppo-a6t-4gb-64gb,Điện thoại OPPO A6t 4GB/64GB
336408,https://www.thegioididong.com/dtdd/vivo-v50-lite-5g,Điện thoại vivo V50 Lite 5G 8GB/256GB
361951,https://www.thegioididong.com/dtdd/samsung-galaxy-s26-ultra-12gb-256gb,Điện thoại Samsung Galaxy S26 Ultra 5G 12GB/256GB
363398,https://www.thegioididong.com/dtdd/samsung-galaxy-a57-8gb-128gb,Điện thoại Samsung Galaxy A57 5G 8GB/128GB
341802,https://www.thegioididong.com/dtdd/samsung-galaxy-a07-4gb-64gb,Điện thoại Samsung Galaxy A07 4GB/64GB
341797,https://www.thegioididong.com/dtdd/samsung-galaxy-a17-4gb-128gb?utm_flashsale=1,Điện thoại Samsung Galaxy A17 4GB/128GB
311033,https://www.thegioididong.com/dtdd/nokia-105-4g-pro,Điện thoại Nokia 105 4G Pro
369630,https://www.thegioididong.com/dtdd/xiaomi-redmi-17-4g-4gb-128gb?utm_flashsale=1,Điện thoại Xiaomi Redmi 17 4G 4GB/128GB
365289,https://www.thegioididong.com/dtdd/xiaomi-poco-c71-4gb-64gb?utm_flashsale=1,Điện thoại Xiaomi Poco C71 4GB/64GB
367977,https://www.thegioididong.com/dtdd/masstel-izi-t6-t127,Điện thoại Masstel IZI T6 T127
360671,https://www.thegioididong.com/dtdd/vivo-y31d-6gb-128gb,Điện thoại vivo Y31d 6GB/128GB
323546,https://www.thegioididong.com/dtdd/masstel-fami-50,Điện thoại Masstel Fami 50 4G
365875,https://www.thegioididong.com/dtdd/vivo-y05-4gb-64gb?utm_flashsale=1,Điện thoại vivo Y05 4GB/64GB
329676,https://www.thegioididong.com/dtdd/nokia-hmd-105-4g,Điện thoại Nokia HMD 105 4G
342939,https://www.thegioididong.com/dtdd/masstel-izi-10-type-c,Điện thoại Masstel IZI 10 4G Type-C
207956,https://www.thegioididong.com/dtdd/nokia-220-4g,Điện thoại Nokia 220 4G
370758,https://www.thegioididong.com/dtdd/masstel-izi-10s,Điện thoại Masstel IZI 10S
364793,https://www.thegioididong.com/dtdd/xiaomi-redmi-a7-pro,Điện thoại Xiaomi Redmi A7 Pro 4GB/64GB
367596,https://www.thegioididong.com/dtdd/oppo-a6c-4gb-64gb,Điện thoại OPPO A6c 4GB/64GB
363437,https://www.thegioididong.com/dtdd/realme-note-80-4gb-64gb?utm_flashsale=1,Điện thoại realme Note 80 4GB/64GB
370492,https://www.thegioididong.com/dtdd/vivo-y05e-4gb-64gb?utm_flashsale=1,Điện thoại vivo Y05e 4GB/64GB
311034,https://www.thegioididong.com/dtdd/nokia-110-4g-pro,Điện thoại Nokia 110 4G Pro
365878,https://www.thegioididong.com/dtdd/vivo-y11d-4gb-128gb,Điện thoại Vivo Y11d 4GB/128GB
368232,https://www.thegioididong.com/dtdd/xiaomi-redmi-a7-3gb-64gb,Điện thoại Xiaomi Redmi A7 3GB/64GB
366923,https://www.thegioididong.com/dtdd/nubia-v80-design-4gb-128gb,Điện thoại Nubia V80 Design 4GB/128GB
361709,https://www.thegioididong.com/dtdd/samsung-galaxy-a07-5g-4gb-128gb,Điện thoại Samsung Galaxy A07 5G 4GB/128GB
299998,https://www.thegioididong.com/dtdd/mobell-f209,Điện thoại Mobell F209
358698,https://www.thegioididong.com/dtdd/honor-play-10-3gb-64gb,Điện thoại HONOR Play 10 3GB/64GB
333347,https://www.thegioididong.com/dtdd/samsung-galaxy-s25-ultra,Điện thoại Samsung Galaxy S25 Ultra 5G 12GB/256GB
369620,https://www.thegioididong.com/dtdd/xiaomi-redmi-note-17-5g-6gb-128gb,Điện thoại Xiaomi Redmi Note 17 5G 6GB/128GB
366662,https://www.thegioididong.com/dtdd/nubia-a56-4gb-128gb,Điện thoại Nubia A56 4GB/128GB
361630,https://www.thegioididong.com/dtdd/nubia-a36-4gb-64gb,Điện thoại Nubia A36 4GB/64GB
369634,https://www.thegioididong.com/dtdd/xiaomi-redmi-17-5g-4gb-128gb,Điện thoại Xiaomi Redmi 17 5G 4GB/128GB
304608,https://www.thegioididong.com/dtdd/mobell-f309,Điện thoại Mobell F309 4G
284122,https://www.thegioididong.com/dtdd/mobell-m239,Điện thoại Mobell M239 4G
367004,https://www.thegioididong.com/dtdd/xiaomi-17t-pro-5g-12gb-256gb?utm_flashsale=1,Điện thoại Xiaomi 17T Pro 5G 12GB/256GB
359776,https://www.thegioididong.com/dtdd/xiaomi-redmi-15-5g-4gb-128gb,Điện thoại Xiaomi Redmi 15 5G 4GB/128GB
363464,https://www.thegioididong.com/dtdd/vivo-v70-8gb-256gb?utm_flashsale=1,Điện thoại Vivo V70 5G 8GB/256GB
367811,https://www.thegioididong.com/dtdd/nubia-v80-max-6gb-128gb,Điện thoại Nubia V80 Max 6GB/128GB
358691,https://www.thegioididong.com/dtdd/honor-x5c-plus-4gb-64gb,Điện thoại HONOR X5c Plus 4GB/64GB
322877,https://www.thegioididong.com/dtdd/masstel-izi-t6,Điện thoại Masstel IZI T6 4G
322876,https://www.thegioididong.com/dtdd/masstel-fami-60s,Điện thoại Masstel Fami 60S 4G
361949,https://www.thegioididong.com/dtdd/samsung-galaxy-s26-plus-12gb-256gb,Điện thoại Samsung Galaxy S26+ 5G 12GB/256GB
360238,https://www.thegioididong.com/dtdd/oppo-reno15-5g-8gb-256gb?utm_flashsale=1,Điện thoại OPPO Reno15 5G 8GB/256GB
346265,https://www.thegioididong.com/dtdd/xiaomi-redmi-15c-6gb-128gb,Điện thoại Xiaomi Redmi 15C 6GB/128GB
368053,https://www.thegioididong.com/dtdd/samsung-galaxy-z-flip8-12gb-256gb,Điện thoại Samsung Galaxy Z Flip8 5G 12GB/256GB
363470,https://www.thegioididong.com/dtdd/xiaomi-poco-x8-pro-8gb-256gb,Điện thoại Xiaomi POCO X8 Pro 5G 8GB/256GB
341272,https://www.thegioididong.com/dtdd/xiaomi-redmi-15-6gb-128gb,Điện thoại Xiaomi Redmi 15 6GB/128GB
362971,https://www.thegioididong.com/dtdd/honor-x7d-8gb-128gb,Điện thoại Honor X7d 8GB/128GB
368045,https://www.thegioididong.com/dtdd/samsung-galaxy-a27-6gb-128gb,Điện thoại Samsung Galaxy A27 6GB/128GB
365402,https://www.thegioididong.com/dtdd/oppo-find-x9s-12gb-512gb,Điện thoại OPPO Find X9s 12GB/512GB
344644,https://www.thegioididong.com/dtdd/xiaomi-15t-12gb-256gb,Điện thoại Xiaomi 15T 5G 12GB/256GB
288630,https://www.thegioididong.com/dtdd/mobell-m539,Điện thoại Mobell M539
358669,https://www.thegioididong.com/dtdd/vivo-y21d-6gb-128gb?utm_flashsale=1,Điện thoại vivo Y21d 6GB/128GB
338741,https://www.thegioididong.com/dtdd/samsung-galaxy-z-flip7-fe?utm_flashsale=1,Điện thoại Samsung Galaxy Z Flip7 FE 5G 8GB/128GB
368234,https://www.thegioididong.com/dtdd/motorola-g37-4gb-64gb,Điện thoại Motorola Moto G37 5G 4GB/64GB
338026,https://www.thegioididong.com/dtdd/mobell-rock-7,Điện thoại Mobell Rock 7
360236,https://www.thegioididong.com/dtdd/oppo-reno15-pro-5g-12gb-256gb?utm_flashsale=1,Điện thoại OPPO Reno15 Pro 5G 12GB/256GB
314697,https://www.thegioididong.com/dtdd/mobell-m331,Điện thoại Mobell M331 4G
361270,https://www.thegioididong.com/dtdd/xiaomi-17-ultra,Điện thoại Xiaomi 17 Ultra 5G 16GB/512GB
326477,https://www.thegioididong.com/dtdd/nokia-3210-4g,Điện thoại Nokia 3210 4G
361269,https://www.thegioididong.com/dtdd/xiaomi-17,Điện thoại Xiaomi 17 5G 12GB/256GB
370547,https://www.thegioididong.com/dtdd/xphone-hera-s9,Điện thoại Xphone Hera S9
362375,https://www.thegioididong.com/dtdd/motorola-signature-12gb-256gb?utm_flashsale=1,Điện thoại Motorola Signature 12GB/256GB
340220,https://www.thegioididong.com/dtdd/honor-x6c-6gb-128gb,Điện thoại HONOR X6c 6GB/128GB
339177,https://www.thegioididong.com/dtdd/oppo-reno14-f-5g-12gb-256gb?utm_flashsale=1,Điện thoại OPPO Reno14 F 5G 12GB/256GB
344645,https://www.thegioididong.com/dtdd/xiaomi-15t-12gb-512gb-xam,Điện thoại Xiaomi 15T 5G 12GB/512GB
363468,https://www.thegioididong.com/dtdd/xiaomi-poco-m8-8gb-256gb,Điện thoại Xiaomi POCO M8 5G 8GB/256GB
335955,https://www.thegioididong.com/dtdd/samsung-galaxy-s25-edge-5g-512gb,Điện thoại Samsung Galaxy S25 Edge 5G 12GB/512GB
361707,https://www.thegioididong.com/dtdd/realme-16-pro-5g-12gb-256gb,Điện thoại realme 16 Pro 5G 12GB/256GB
368875,https://www.thegioididong.com/dtdd/nothing-phone-4-a-pro-12gb-256gb?utm_flashsale=1,Điện thoại Nothing Phone (4a) Pro 5G 12GB/256GB
332934,https://www.thegioididong.com/dtdd/oppo-reno13-5g?utm_flashsale=1,Điện thoại OPPO Reno13 5G 12GB/256GB
337714,https://www.thegioididong.com/dtdd/xiaomi-redmi-note-14-pro-5g-12gb-512gb,Điện thoại Xiaomi Redmi Note 14 Pro 5G 12GB/512GB
343066,https://www.thegioididong.com/dtdd/realme-15-5g-12gb-256gb?utm_flashsale=1,Điện thoại realme 15 5G 12GB/256GB
367007,https://www.thegioididong.com/dtdd/honor-600-pro-12gb-256gb,Điện thoại Honor 600 Pro 12GB/256GB
366919,https://www.thegioididong.com/dtdd/nubia-air-5g-8gb-256gb,Điện thoại Nubia Air 5G 8GB/256GB
335915,https://www.thegioididong.com/dtdd/samsung-galaxy-a26-6gb-128gb?utm_flashsale=1,Điện thoại Samsung Galaxy A26 5G 6GB/128GB
367010,https://www.thegioididong.com/dtdd/honor-600-8gb-256gb,Điện thoại Honor 600 8GB/256GB
344646,https://www.thegioididong.com/dtdd/xiaomi-15t-pro-12gb-256gb,Điện thoại Xiaomi 15T Pro 5G 12GB/256GB
367598,https://www.thegioididong.com/dtdd/oppo-a6t-pro-8gb-128gb,Điện thoại OPPO A6t Pro 8GB/128GB
362273,https://www.thegioididong.com/dtdd/xiaomi-poco-f8-pro-12-512gb,Điện thoại Xiaomi POCO F8 Pro 12GB/512GB
362274,https://www.thegioididong.com/dtdd/xiaomi-poco-x7-pro-12-512gb,Điện thoại Xiaomi POCO X7 Pro 12GB/512GB
370849,https://www.thegioididong.com/dtdd/xiaomi-poco-f9-ultra-12gb-256gb,Điện thoại Xiaomi POCO F9 Ultra 5G 12GB/256GB
317981,https://www.thegioididong.com/dtdd/oppo-find-n3-flip-hong,Điện thoại OPPO Find N3 Flip 5G 12GB/256GB Hồng
364791,https://www.thegioididong.com/dtdd/oppo-find-x9-ultra,Điện thoại OPPO Find X9 Ultra 12GB/512GB
367617,https://www.thegioididong.com/dtdd/tecno-pova-curve-2-5g-8gb-128gb,Điện thoại Tecno Pova Curve 2 5G 8GB/128GB
265311,https://www.thegioididong.com/dtdd/masstel-izi-10,Điện thoại Masstel IZI 10
334404,https://www.thegioididong.com/dtdd/oppo-a5-pro-5g?utm_flashsale=1,Điện thoại OPPO A5 Pro 5G 8GB/256GB
363258,https://www.thegioididong.com/dtdd/oppo-find-n6,Điện thoại OPPO Find N6 5G 16GB/512GB
363410,https://www.thegioididong.com/dtdd/honor-x5c-4gb-64gb,Điện thoại HONOR X5c 4GB/64GB
368098,https://www.thegioididong.com/dtdd/honor-600-pro-molly-12gb-512gb,Điện thoại Honor 600 Pro Molly 12GB/512GB Vàng Trắng
336623,https://www.thegioididong.com/dtdd/realme-14-5g,Điện thoại realme 14 5G 12GB/256GB
338736,https://www.thegioididong.com/dtdd/samsung-galaxy-z-flip7,Điện thoại Samsung Galaxy Z Flip7 5G 12GB/256GB
337713,https://www.thegioididong.com/dtdd/xiaomi-redmi-note-14-pro-plus-5g-12gb-512gb,Điện thoại Xiaomi Redmi Note 14 Pro+ 5G 12GB/512GB
368231,https://www.thegioididong.com/dtdd/tecno-spark-50-pro-4gb-128gb,Điện thoại Tecno Spark 50 Pro 4GB/128GB
371029,https://www.thegioididong.com/dtdd/nothing-phone-4b-8gb-128gb,Điện thoại Nothing Phone (4b) 5G 8GB/128GB
371119,https://www.thegioididong.com/dtdd/vivo-v80-lite-5g-6gb-128gb,Điện thoại vivo V80 Lite 5G 6GB/128GB
371120,https://www.thegioididong.com/dtdd/vivo-v80-lite-5g-6gb-256gb,Điện thoại vivo V80 Lite 5G 6GB/256GB
371195,https://www.thegioididong.com/dtdd/oppo-a7-pro-5g-8gb-128gb,Điện thoại OPPO A7 Pro 5G 8GB/128GB
371196,https://www.thegioididong.com/dtdd/oppo-a7-pro-5g-6gb-256gb,Điện thoại OPPO A7 Pro 5G 6GB/256GB
371197,https://www.thegioididong.com/dtdd/oppo-a7-pro-5g-8gb-256gb,Điện thoại OPPO A7 Pro 5G 8GB/256GB
371315,https://www.thegioididong.com/dtdd/oppo-find-x10-pro-max-12gb-512gb,Điện thoại OPPO Find X10 Pro Max 5G 12GB/512GB
371316,https://www.thegioididong.com/dtdd/oppo-find-x10-12gb-512gb,Điện thoại OPPO Find X10 5G 12GB/512GB
371317,https://www.thegioididong.com/dtdd/oppo-find-x10-12gb-256gb,Điện thoại OPPO Find X10 5G 12GB/256GB
361311,https://www.thegioididong.com/laptop/hp-15-fc0023au-r5-7520u-d0bh1pa,"Laptop HP 15 fc0023AU - D0BH1PA (R5 7520U, 16GB, 512GB, Full HD, Win11)"
363537,https://www.thegioididong.com/laptop/macbook-neo-13-inch-a18-pro-8gb-256gb,Laptop MacBook Neo 13 inch A18 Pro 8GB/256GB
358132,https://www.thegioididong.com/laptop/asus-vivobook-s14-s3407va-core-5-210h-ly146w,"Laptop Asus Vivobook S14 S3407VA - LY146W (Core 5 210H, 16GB, 512GB, WUXGA, Win11)"
368556,https://www.thegioididong.com/laptop/dell-15-dc15255-r5-7530u-dc5r5973w1-2y,"Laptop Dell 15 DC15255 - DC5R5973W1-2Y (R5 7530U, 16GB, 512GB, Full HD 120Hz, OfficeHS24+365, Win11)"
367016,https://www.thegioididong.com/laptop/lenovo-ideapad-slim-3-15iph11-ultra-5-322-83ur00a4vn,"Laptop Lenovo IdeaPad Slim 3 15IPH11 - 83UR00A4VN (Ultra 5 322, 16GB, 512GB, WUXGA, Win11)"
355729,https://www.thegioididong.com/laptop/hp-240r-g10-core-5-120u-c3ru7at,"Laptop HP 240R G10 - C3RU7AT (Core 5 120U, 16GB, 512GB, Full HD, Win11)"
362025,https://www.thegioididong.com/laptop/dell-15-dc15250-i5-1334u-dc5i5897w1,"Laptop Dell 15 DC15250 - DC5I5897W1 (i5 1334U, 16GB, 512GB, Full HD+ 120Hz, OfficeH24+365, Win11)"
363487,https://www.thegioididong.com/laptop/macbook-air-13-inch-m5-16gb-512gb-70w,Laptop MacBook Air 13 inch M5 16GB/512GB/8GPU 70W
369212,https://www.thegioididong.com/laptop/msi-modern-15-f1mg-1264vn-core-5-120u,"Laptop MSI Modern 15 F1MG-1264VN (Core 5 120U, 16GB, 512GB, Full HD, Win11)"
364397,https://www.thegioididong.com/laptop/asus-vivobook-16-a1607qa-x1-26-100-mb067w,"Laptop Asus Vivobook 16 A1607QA - MB067W (X1 26 100, 16GB, 512GB, WUXGA, Win11)"
367375,https://www.thegioididong.com/laptop/acer-aspire-lite-14-al14-44p-r0sp-r7-7730u-nx-dmcsv-003,"Laptop Acer Aspire Lite 14 AL14-44P-R0SP - NX.DMCSV.003 (R7 7730U, 8GB, 512GB, Full HD+, Win11)"
337420,https://www.thegioididong.com/laptop/hp-245-g10-r5-b8pf9at,"Laptop HP 245 G10 - B8PF9AT (R5 7530U, 8GB, 512GB, Full HD, Win11)"
364859,https://www.thegioididong.com/laptop/dell-15-dc15250-i5-1334u-71092479,"Laptop Dell 15 DC15250 - 71092479 (i5 1334U, 16GB, 512GB, Full HD 120Hz, OfficeHS24+365B, Win11)"
368189,https://www.thegioididong.com/laptop/singpc-m16-i382-i3-1215u?utm_flashsale=1,"Laptop SingPC M16-i382 (i3 1215U, 8GB, 256GB, WUXGA, Win11 Pro)"
363263,https://www.thegioididong.com/laptop/acer-aspire-go-15-ag15-72p-500w-core-5-120u-nx-jrrsv-007,"Laptop Acer Aspire Go 15 AG15-72P-500W - NX.JRRSV.007 (Core 5 120U, 16GB, 512GB, Full HD, Win11)"
366746,https://www.thegioididong.com/laptop/lenovo-ideapad-slim-3-15arp10-r5-7535hs-83k700yuvn,"Laptop Lenovo IdeaPad Slim 3 15ARP10 - 83K700YUVN (R5 7535HS, 16GB, 512GB, WUXGA, Win11)"
367376,https://www.thegioididong.com/laptop/acer-aspire-lite-15-al15-49p-r6xx-r5-7430u-nx-drzsv-002,"Laptop Acer Aspire Lite 15 AL15-49P-R6XX - NX.DRZSV.002 (R5 7430U, 8GB, 512GB, Full HD, Win11)"
363507,https://www.thegioididong.com/laptop/macbook-air-15-inch-m5-16gb-512gb-70w,Laptop MacBook Air 15 inch M5 16GB/512GB 70W
342941,https://www.thegioididong.com/laptop/msi-modern-15-f13mg-i5-1334u-667vn-16gb,"Laptop MSI Modern 15 F13MG - 667VN_16GB (i5 1334U, 16GB, 512GB, Full HD, Win11)"
360420,https://www.thegioididong.com/laptop/asus-vivobook-15-x1504va-core-7-150u-bq295w,"Laptop Asus Vivobook 15 X1504VA - BQ295W (Core 7 150U, 16GB, 512GB, Full HD, Win11)"
358078,https://www.thegioididong.com/laptop/hp-omnibook-5-flip-14-fp0057tu-core-5-120u-bz7q6pa,"Laptop HP OmniBook 5 Flip 14 fp0057TU - BZ7Q6PA (Core 5 120U, 16GB, 512GB, WUXGA, Cảm ứng, OfficeH24, Win11)"
338204,https://www.thegioididong.com/laptop/hp-victus-15-fa2731tx-i5-b85lnpa,"Laptop HP Gaming VICTUS 15 fa2731TX - B85LNPA (i5 13420H, 16GB, 512GB, RTX 3050 6GB, Full HD 144Hz, Win11)"
362620,https://www.thegioididong.com/laptop/asus-vivobook-go-15-e1504fa-r5-40-bq374w,"Laptop Asus Vivobook Go 15 E1504FA - BQ374W (R5 40, 8GB, 512GB, Full HD, Win11)"
357990,https://www.thegioididong.com/laptop/dell-15-dc15250-i5-1334u-cph99,"Laptop Dell 15 DC15250 - CPH99 (i5 1334U, 16GB, 512GB, Full HD 120Hz, OfficeH24+365B, Win11)"
362621,https://www.thegioididong.com/laptop/asus-tuf-gaming-fa506ncq-r7-170-hn005w,"Laptop Asus TUF Gaming FA506NCQ - HN005W (R7 170, 16GB, 512GB, RTX 3050 4GB, Full HD 144Hz, Win11)"
363903,https://www.thegioididong.com/laptop/lenovo-gaming-loq-15arp10-r7-170-83s000cnvn,"Laptop Lenovo Gaming LOQ 15ARP10 - 83S000CNVN (R7 170, 16GB, 512GB, RTX 3050 6GB, Full HD 144Hz, Win11)"
366090,https://www.thegioididong.com/laptop/acer-aspire-go-15-ag15-52p-52wt-ultra-5-115u-nx-jwksv-001,"Laptop Acer Aspire Go 15 AG15-52P-52WT - NX.JWKSV.001 (Ultra 5 115U, 16GB, 512GB, Full HD, Win11)"
368211,https://www.thegioididong.com/laptop/lenovo-ideapad-slim-3-15iwc11-core-5-320-83rr00cvvn,"Laptop Lenovo Ideapad Slim 3 15IWC11 - 83RR00CVVN (Core 5 320, 8GB, 512GB, WUXGA, Win11)"
341267,https://www.thegioididong.com/laptop/hp-omnibook-5-ai-16-af1048tu-ultra-5-225u-bz7q9pa,"Laptop HP OmniBook 5 AI 16 af1048TU - BZ7Q9PA (Ultra 5 225U, 16GB, 512GB, WUXGA, OfficeH24, Win11)"
360690,https://www.thegioididong.com/laptop/dell-14-dc14250-core-5-120u-dc4c5386w,"Laptop Dell 14 DC14250 - DC4C5386W (Core 5 120U, 16GB, 512GB, Full HD+, OfficeH24+365, Win11)"
368656,https://www.thegioididong.com/laptop/acer-gaming-aspire-7-a715-59g-59rd-core-5-210h-nh-dxusv-001,"Laptop Acer Gaming Aspire 7 A715-59G-59RD - NH.DXUSV.001 (Core 5 210H, 16GB, 512GB, RTX 3050 4GB, Fulll HD 144Hz, Win11)"
365310,https://www.thegioididong.com/laptop/dell-15-dc15250-i5-1334u-dc15250-i5u165w11slu-27,"Laptop Dell 15 DC15250 - DC15250-i5U165W11SLU-27 (i5 1334U, 16GB, 512GB, Full HD 120Hz, OfficeHS24+365, Win11)"
362398,https://www.thegioididong.com/laptop/hp-15-fd1486tu-ultra-5-125h-d0bh3pa,"Laptop HP 15 fd1486TU - D0BH3PA (Ultra 5 125H, 24GB, 512GB, Full HD, Win11)"
368210,https://www.thegioididong.com/laptop/lenovo-ideapad-slim-3-15iwc11-core-5-320-83rr00aavn,"Laptop Lenovo IdeaPad Slim 3 15IWC11 - 83RR00AAVN (Core 5 320, 16GB, 512GB, WUXGA, Win11)"
368192,https://www.thegioididong.com/laptop/singpc-m16-i595-i5-1235u,"Laptop SingPC M16-i595 (i5 1235U, 16GB, 512GB, WUXGA, Win11 Pro)"
366087,https://www.thegioididong.com/laptop/acer-aspire-lite-15-al15-21p-r91w-r5-40-nx-dnrsv-002,"Laptop Acer Aspire Lite 15 AL15-21P-R91W - NX.DNRSV.002 (R5 40, 16GB, 512GB, Full HD, Win11)"
369645,https://www.thegioididong.com/laptop/acer-nitro-propanel-anv15-52-50rb-core-5-210h-nh-quasv-002,"Laptop Acer Nitro ProPanel ANV15-52-50RB - NH.QUASV.002 (Core 5 210H, 16GB, 512GB, RTX 4050 6GB, Full HD 180Hz, Win11)"
363492,https://www.thegioididong.com/laptop/macbook-pro-16-inch-m5-pro-48gb-1tb,Laptop MacBook Pro 16 inch M5 Pro 48GB/1TB
360295,https://www.thegioididong.com/laptop/acer-gaming-predator-helios-neo-16-ai-phn16-73-757w-nh-qvqsv-001,"Laptop Acer Gaming Predator Helios Neo 16 AI PHN16 73 757W - NH.QVQSV.001 (Ultra 7 255HX, 32GB, 1TB, RTX 5060 8GB, 2K+ 240Hz, Win11)"
362024,https://www.thegioididong.com/laptop/dell-pro-14-essential-pv14250-core-5-120u-pv14250-120u-16512w-bl,"Laptop Dell Pro 14 Essential PV14250 - PV14250-120U-16512W-BL (Core 5 120U, 16GB, 512GB, Full HD+, OfficeH24+365, Win11)"
362410,https://www.thegioididong.com/laptop/asus-vivobook-14-x1407ca-ultra-5-225h-ly008w,"Laptop Asus Vivobook 14 X1407CA - LY008W (Ultra 5 225H, 16GB, 512GB, WUXGA, Win11)"
341623,https://www.thegioididong.com/laptop/hp-victus-15-fb3116ax-r7-7445hs-bx8u4pa,"Laptop HP Gaming VICTUS 15 fb3116AX - BX8U4PA (R7 7445HS, 16GB, 512GB, RTX3050 6GB, Full HD 144Hz, Win11)"
368208,https://www.thegioididong.com/laptop/lenovo-ideapad-slim-3-14iwc11-core-5-320-83rq002pvn,"Laptop Lenovo IdeaPad Slim 3 14IWC11 - 83RQ002PVN (Core 5 320, 8GB, 512GB, WUXGA, Win11)"
362406,https://www.thegioididong.com/laptop/asus-vivobook-go-15-e1504fa-r5-40-bq350w,"Laptop Asus Vivobook Go 15 E1504FA - BQ350W (R5 40, 16GB, 512GB, Full HD, Win11)"
340562,https://www.thegioididong.com/laptop/dell-15-dc15250-i7-dc5i7748w1,"Laptop Dell 15 DC15250 - DC5I7748W1 (i7 1355U, 16GB, 512GB, Full HD 120Hz, OfficeH24+365, Win11)"
340484,https://www.thegioididong.com/laptop/hp-probook-455-g10-r5-b8pg7at,"Laptop HP Probook 455 G10 - B8PG7AT (R5 7530U, 16GB, 512GB, Full HD, Win11)"
366745,https://www.thegioididong.com/laptop/lenovo-ideapad-slim-3-14arp10-r5-7535hs-83k600e6vn,"Laptop Lenovo IdeaPad Slim 3 14ARP10 - 83K600E6VN (R5 7535HS, 16GB, 512GB, WUXGA, Win11)"
342758,https://www.thegioididong.com/laptop/asus-vivobook-s16-s3607va-core-5-210h-rp155ws,"Laptop Asus Vivobook S16 S3607VA - RP155WS (Core 5 210H, 16GB, 512GB, WUXGA 144Hz, OfficeH24+365, Win11)"
366823,https://www.thegioididong.com/laptop/acer-gaming-nitro-propanel-anv16-72-71t9-core-7-240h-nh-qunsv-001,"Laptop Acer Gaming Nitro ProPanel ANV16-72-71T9 - NH.QUNSV.001 (Core 7 240H, 16GB, 512GB, RTX 5060 8GB, WUXGA 180Hz, Win11)"
335554,https://www.thegioididong.com/laptop/lenovo-loq-15irx9-i5-83dv003cvn,"Laptop Lenovo Gaming LOQ 15IRX9 - 83DV003CVN (i5 13450HX, 16GB, 512GB, RTX 3050 6GB, Full HD 144Hz, Win11)"
337044,https://www.thegioididong.com/laptop/hp-pavilion-16-af0055tu-ultra-5-ay8c4pa,"Laptop HP Pavilion 16 af0055TU - AY8C4PA (Ultra 5 125U, 16GB, 512GB, WUXGA, OfficeHS+365, Win11)"
366086,https://www.thegioididong.com/laptop/acer-aspire-lite-15-al15-46p-r73c-r3-5400u-nx-jxmsv-001,"Laptop Acer Aspire Lite 15 AL15-46P-R73C - NX.JXMSV.001 (R3 5400U, 8GB, 512GB, Full HD, Win11)"
340561,https://www.thegioididong.com/laptop/dell-15-dc15250-i5-dc5i5357w1,"Laptop Dell 15 DC15250 - DC5I5357W1 (i5 1334U, 16GB, 512GB, Full HD 120Hz, OfficeH24+365, Win11)"
339682,https://www.thegioididong.com/laptop/dell-inspiron-14-5441-x1p-64-100-5mnk1,"Laptop Dell Inspiron 14 5441 - 5MNK1 (X1P 64 100, 16GB, 512GB, Full HD+, OfficeH24+365, Win11)"
341624,https://www.thegioididong.com/laptop/hp-victus-15-fb3115ax-r7-7445hs-bx9c9pa,"Laptop HP Gaming VICTUS 15 fb3115AX - BX9C9PA (R7 7445HS, 16GB, 512GB, RTX4050 6GB, Full HD 144Hz, Win11)"
342524,https://www.thegioididong.com/laptop/lenovo-gaming-loq-15irx9-i5-83dv01anvn,"Laptop Lenovo Gaming LOQ 15IRX9 - 83DV01ANVN (i5 13450HX, 16GB, 1TB, RTX 3050 6GB, Full HD 144Hz, Win11)"
341607,https://www.thegioididong.com/laptop/acer-nitro-v-15-propanel-anv15-52-72bm-i7-13620h-nh-qz9sv-004,"Laptop Acer Gaming Nitro ProPanel ANV15 52 72BM - NH.QZ9SV.004 (i7 13620H, 16GB, 512GB, RTX5050 8GB, Full HD 180Hz, Win11)"
360298,https://www.thegioididong.com/laptop/acer-gaming-nitro-16s-ai-propanel-an16s-61-r193-r9-ai-365-nh-qxtsv-001,"Laptop Acer Gaming Nitro ProPanel AN16S 61 R193 - NH.QXTSV.001 (R9 AI 365, 16GB, 512GB, RTX 5070 8GB, 2K+ 180Hz, Win11)"
368655,https://www.thegioididong.com/laptop/acer-aspire-lite-16-al16-71p-582q-ultra-5-125h-nx-drssv-001,"Laptop Acer Aspire Lite 16 AL16-71P-582Q - NX.DRSSV.001 (Ultra 5 125H, 16GB, 512GB, Full HD+ 120Hz, Win11)"
364183,https://www.thegioididong.com/laptop/asus-vivobook-go-14-e1404fa-r5-40-eb945w,"Laptop Asus VivoBook Go 14 E1404FA - EB945W (R5 40, 16GB, 512GB, Full HD, Win11)"
367346,https://www.thegioididong.com/laptop/dell-14-dc14250-core-3-100u-dc14250-c3u085w11slu-27,"Laptop Dell 14 DC14250 - DC14250-C3U085W11SLU-27 (Core 3 100U, 8GB, 512GB, Full HD+, OfficeH24+365, Win11)"
341266,https://www.thegioididong.com/laptop/hp-omnibook-5-ai-16-af1046tu-ultra-5-225u-bz7q8pa,"Laptop HP OmniBook 5 AI 16 af1046TU - BZ7Q8PA (Ultra 5 225U, 16GB, 512GB, WUXGA, Cảm ứng, OfficeH24, Win11)"
365624,https://www.thegioididong.com/laptop/hp-15-fd1487tu-ultra-5-125h-d0bh4pa,"Laptop HP 15 fd1487TU - D0BH4PA (Ultra 5 125H, 24GB, 512GB, Full HD, Win11)"
338320,https://www.thegioididong.com/laptop/asus-s3407ca-ultra-5-ly095ws,"Laptop Asus Vivobook S14 S3407CA - LY095WS (Ultra 5 225H, 16GB, 512GB, WUXGA, OfficeH24+365, Win11)"
360692,https://www.thegioididong.com/laptop/dell-15-dc15250-i7-1355u-71084747,"Laptop Dell 15 DC15250 - 71084747 (i7 1355U, 16GB, 512GB, Full HD 120 Hz, OfficeHS24+365, Win11)"
366992,https://www.thegioididong.com/laptop/acer-aspire-lite-15-al15-48p-r86q-r7-5825u-nx-ds1sv-002,"Laptop Acer Aspire Lite 15 AL15-48P-R86Q - NX.DS1SV.002 (R7 5825U, 8GB, 512GB, Full HD, Win11)"
334446,https://www.thegioididong.com/laptop/lenovo-ideapad-slim-3-15irh10-i7-83k1000fvn,"Laptop Lenovo IdeaPad Slim 3 15IRH10 - 83K1000FVN (i7 13620H, 24GB, 512GB, WUXGA, Win11)"
333421,https://www.thegioididong.com/laptop/acer-aspire-lite-16-g2-al16-52p-76du-i7-nxj2ssv005,"Laptop Acer Aspire Lite 16 G2 AL16 52P 76DU - NX.J2SSV.005 (i7 1355U, 16GB, 512GB, Full HD+, Win11)"
341601,https://www.thegioididong.com/laptop/acer-nitro-v-15-propanel-anv15-41-r0fe-r7-7735hs-nh-qpfsv-005,"Laptop Acer Gaming Nitro V 15 ProPanel ANV15 41 R0FE - NH.QPFSV.005 (R7 7735HS, 16GB, 512GB, RTX 3050 6GB, Full HD 180Hz, Win11)"
339954,https://www.thegioididong.com/laptop/msi-modern-14-f1mg-core-5-432vn,"Laptop MSI Modern 14 F1MG - 432VN (Core 5 120U, 16GB, 512GB, Full HD, Win11)"
327707,https://www.thegioididong.com/laptop/msi-cyborg-15-a13vek-i7-1423vn,"Laptop MSI Gaming Cyborg 15 A13VEK - 1423VN (i7 13620H, 16GB, 512GB, RTX 4050 6GB, Full HD 144Hz, Win11)"
363257,https://www.thegioididong.com/laptop/asus-x1607ca-ultra-5-225h-mb980w,"Laptop Asus VivoBook 16 X1607CA - MB980W (Ultra 5 225H, 16GB, 512GB, WUXGA, Win11)"
369911,https://www.thegioididong.com/laptop/dell-15-dc15255-r7-7730u-x9ym42,"Laptop Dell 15 DC15255 - X9YM42 (R7 7730U, 16GB, 1TB, Full HD 120Hz, OfficeH24+36, Win11)"
367684,https://www.thegioididong.com/laptop/lenovo-ideapad-slim-3-14iph11-ultra-5-322-83uq003nvn,"Laptop Lenovo IdeaPad Slim 3 14IPH11 - 83UQ003NVN (Ultra 5 322, 16GB, 512GB, WUXGA, Win11)"
362026,https://www.thegioididong.com/laptop/dell-15-dc15250-i7-1355u-dc5i7952w1,"Laptop Dell 15 DC15250 - DC5I7952W1 (i7 1355U, 16GB, 512GB, Full HD+ 120Hz, OfficeH24+365, Win11)"
363690,https://www.thegioididong.com/laptop/msi-gaming-cyborg-15-a13uc-i5-13420h-2088vn,"Laptop MSI Gaming Cyborg 15 A13UC - 2088VN (i5 13420H, 16GB, 512GB, RTX 3050 4GB, Full HD 144Hz, Win11)"
325691,https://www.thegioididong.com/laptop/hp-15-fd0015tu-i7-a19c5pa,"Laptop HP 15 fd0015TU - A19C5PA (i7 1355U, 16GB, 512GB, Full HD, Win11)"
358797,https://www.thegioididong.com/laptop/hp-15-fd1288tu-ultra-7-155h-c2cv7pa,"Laptop HP 15 fd1288TU - C2CV7PA (Ultra 7 155H, 16GB, 512GB, Full HD, Win11)"
341602,https://www.thegioididong.com/laptop/acer-aspire-lite-16-ai-al16-71p-5674-ultra-5-125h-nx-d4xsv-001,"Laptop Acer Aspire Lite 16 AI AL16 71P 5674 - NX.D4XSV.001 (Ultra 5 125H, 16GB, 512GB, Full HD+, Win11)"
359486,https://www.thegioididong.com/laptop/lenovo-ideapad-slim-5-oled-14akp10-r5-330-83hx00b2vn,"Laptop Lenovo Ideapad Slim 5 OLED 14AKP10 - 83HX00B2VN (R5 330, 16GB, 1TB, WUXGA, Win11)"
367575,https://www.thegioididong.com/laptop/hp-15-fd2127tu-ultra-5-225u-d72ccpa,"Laptop HP 15 fd2127TU - D72CCPA (Ultra 5 225U, 16GB, 512GB, Full HD, Win11)"
360691,https://www.thegioididong.com/laptop/dell-15-dc15250-i5-1334u-71084746,"Laptop Dell 15 DC15250 - 71084746 (i5 1334U, 16GB, 512GB, Full HD 120Hz, OfficeHS24+365, Win11)"
362020,https://www.thegioididong.com/laptop/dell-15-dc15250-i7-1355u-cph991,"Laptop Dell 15 DC15250 - CPH991 (i7 1355U, 16GB, 1TB, Full HD 120Hz, OfficeHS24+365, Win11)"
365608,https://www.thegioididong.com/laptop/hp-240r-g9-core-5-120u-c40lgat,"Laptop HP 240R G9 - C40LGAT (Core 5 120U, 16GB, 512GB, Full HD, Win11)"
366741,https://www.thegioididong.com/laptop/lenovo-ideapad-slim-5-oled-14iph11-ultra-5-322-83s5000dvn,"Laptop Lenovo IdeaPad Slim 5 OLED 14IPH11 - 83S5000DVN (Ultra 5 322, 16GB, 512GB, WUXGA OLED, Win11)"
366749,https://www.thegioididong.com/laptop/lenovo-gaming-loq-15irx9-i7-13645hx-83dv01h2vn,"Laptop Lenovo Gaming LOQ 15IRX9 - 83DV01H2VN (i7 13645HX, 16GB, 1TB, RTX 4050 6GB, Full HD 144Hz, Win11)"
369754,https://www.thegioididong.com/laptop/acer-gaming-nitro-propanel-anv15-52-73z8-core-7-240h-nh-quasv-001,"Laptop Acer Gaming Nitro ProPanel ANV15-52-73Z8 - NH.QUASV.001 (Core 7 240H, 16GB, 512GB, RTX 4050 6GB, Full HD  180Hz, Win11)"
341626,https://www.thegioididong.com/laptop/acer-nitro-v-15-propanel-anv15-52-59aa-i5-13420h-nh-qz9sv-002,"Laptop Acer Gaming Nitro ProPanel ANV15 52 59AA - NH.QZ9SV.002 (i5 13420H, 16GB, 512GB, RTX 5050 8GB, Full HD 180Hz, Win11)"
325697,https://www.thegioididong.com/laptop/acer-nitro-v-anv15-51-55ca-i5-nhqn8sv004,"Laptop Acer Gaming Nitro V ANV15 51 55CA - NH.QN8SV.004 (i5 13420H, 16GB, 512GB, RTX 4050 6GB, Full HD 144Hz, Win11)"
363261,https://www.thegioididong.com/laptop/acer-aspire-go-14-ag14-72p-54df-core-5-120u-nx-jsbsv-009,"Laptop Acer Aspire Go 14 AG14-72P-54DF - NX.JSBSV.009 (Core 5 120U, 16GB, 512GB, Full HD+, Win11)"
358077,https://www.thegioididong.com/laptop/hp-omnibook-5-flip-14-fp0055tu-core-7-150u-bz7q4pa,"Laptop HP OmniBook 5 Flip 14 fp0055TU - BZ7Q4PA (Core 7 150U, 24GB, 512GB, WUXGA, Cảm ứng, OfficeH24, Win11)"
362667,https://www.thegioididong.com/laptop/dell-15-dc15250-i7-1355u-dc15250-i7u161w11slu-5,"Laptop Dell 15 DC15250 - DC15250-i7U161W11SLU-5 (i7 1355U, 16GB, 1TB, Full HD 120Hz, OfficeH24+365, Win11)"
368558,https://www.thegioididong.com/laptop/dell-15-dc15250-core-3-100u-71100520,"Laptop Dell 15 DC15250 - 71100520 (Core 3 100U, 8GB, 512GB, Full HD 120Hz, OfficeH24+365, Win11)"
339211,https://www.thegioididong.com/laptop/gigabyte-a16-ga6h-i7-gaming-a16-cmhi2vn893sh,"Laptop GIGABYTE Gaming A16 GA6H - GAMING-A16-CMHI2VN893SH (i7 13620H, 16GB, 512GB, RTX 4050 6GB, WUXGA 165Hz, Win11)"
367576,https://www.thegioididong.com/laptop/hp-gaming-victus-15-fa2451tx-i5-13420h-d17wppa,"Laptop HP Gaming VICTUS 15 fa2451TX - D17WPPA (i5 13420H, 16GB, 512GB, RTX 4050 6GB, Full HD 144Hz, Win11)"
327507,https://www.thegioididong.com/laptop/acer-aspire-5-a515-58m-79r7-i7-nxkq8sv007,"Laptop Acer Aspire 5 A515 58M 79R7 - NX.KQ8SV.007 (i7 13620H, 16GB, 512GB, Full HD, Win11)"
369478,https://www.thegioididong.com/laptop/lenovo-ideapad-slim-3-15iwc11-core-3-304-83rr00a8vn,"Laptop Lenovo IdeaPad Slim 3 15IWC11 - 83RR00A8VN (Core 3 304, 8GB, 512GB, WUXGA, Win11)"
368557,https://www.thegioididong.com/laptop/dell-14-dc14250-core-5-120u-dc4c5375w1-2y,"Laptop Dell 14 DC14250 - DC4C5375W1-2Y (Core 5 120U, 16GB, 512GB, Full HD 120Hz, OfficeHS24+365, Win11)"
351613,https://www.thegioididong.com/laptop/dell-15-dc15250-i7-1355u-dc15250-i7u161w11slu,"Laptop Dell 15 DC15250 - DC15250-i7U161W11SLU (i7 1355U, 16GB, 1TB, Full HD 120Hz, OfficeH24+365, Win11)"
363260,https://www.thegioididong.com/laptop/acer-nitro-v-15-propanel-anv15-41-r0y4-r7-7735hs-nh-qpesv-004,"Laptop Acer Nitro ProPanel ANV15-41-R0Y4 - NH.QPESV.004 (R7 7735HS, 16GB, 512GB, RTX 4050 6GB, Full HD 180Hz, Win11)"
368207,https://www.thegioididong.com/laptop/lenovo-ideapad-slim-3-14iwc11-core-5-320-83rq002nvn,"Laptop Lenovo IdeaPad Slim 3 14IWC11 - 83RQ002NVN (Core 5 320, 16GB, 512GB, WUXGA, Win11)"
341618,https://www.thegioididong.com/laptop/hp-15-fd0235tu-core-5-120u-9q970pa-120u,"Laptop HP 15 fd0235TU - 9Q970PA_120U (Core 5 120U, 16GB, 512GB, Full HD, Win11)"
368654,https://www.thegioididong.com/laptop/acer-aspire-lite-15-al15-36p-30tn-core-3-n350-nx-ddasv-001,"Laptop Acer Aspire Lite 15 AL15-36P-30TN - NX.DDASV.001 (Core 3 N350, 8GB, 512GB, Full HD, Win11)"
367574,https://www.thegioididong.com/laptop/hp-15-fd2126tu-ultra-5-225u-d72cbpa,"Laptop HP 15 fd2126TU - D72CBPA (Ultra 5 225U, 16GB, 512GB, Full HD, Win11)"
339688,https://www.thegioididong.com/laptop/asus-gaming-v16-v3607vu-core-5-rp192w,"Laptop Asus Gaming V16 V3607VU - RP192W (Core 5 210H, 16GB, 512GB, RTX 4050 6GB, WUXGA 144Hz, Win11)"
364860,https://www.thegioididong.com/laptop/dell-15-dc15250-i7-1355u-71092480,"Laptop Dell 15 DC15250 - 71092480 (i7 1355U, 16GB, 512GB, Full HD 120Hz, OfficeHS24+365B, Win11)"
358080,https://www.thegioididong.com/laptop/hp-omnibook-x-flip-14-fm0088tu-ultra-5-226v-bz7q2pa,"Laptop HP OmniBook X Flip 14 fm0088TU - BZ7Q2PA (Ultra 5 226V, 16GB, 512GB, WUXGA, Cảm ứng, OfficeH24+365B, Win11)"
357992,https://www.thegioididong.com/laptop/dell-15-dc15255-r7-7730u-x9ym41,"Laptop Dell 15 DC15255 - X9YM41 (R7 7730U, 16GB, 1TB, Full HD 120Hz, OfficeH24+365B, Win11)"
340006,https://www.thegioididong.com/laptop/msi-venture-a15-ai-a2hmg-r7-003vn,"Laptop MSI Venture A15 AI A2HMG - 003VN (R7 260, 16GB, 512GB, Full HD 144Hz, Win11)"
318354,https://www.thegioididong.com/laptop/acer-nitro-v-anv15-51-57b2-i5-nhqn8sv001,"Laptop Acer Gaming Nitro V ANV15 51 57B2 - NH.QN8SV.001 (i5 13420H, 8GB, 512GB, RTX 4050 6GB, Full HD 144Hz, Win11)"
365998,https://www.thegioididong.com/laptop/dell-15-dc15250-i5-1334u-cph992,"Laptop Dell 15 DC15250 - CPH992 (i5 1334U, 16GB, 512GB, Full HD 120Hz, OfficeHS24+365B, Win11)"
362666,https://www.thegioididong.com/laptop/dell-15-dc15250-i5-1334u-dc15250-i5u165w11slu-5,"Laptop Dell 15 DC15250 - DC15250-i5U165W11SLU-5 (i5 1334U, 16GB, 512GB, Full HD 120Hz, OfficeH24+365, Win11)"
337843,https://www.thegioididong.com/laptop/gigabyte-a16-ga6h-i5-gaminga16cmhh2vn893sh,"Laptop GIGABYTE Gaming A16 GA6H - GAMING-A16-CMHH2VN893SH (i5 13420H, 16GB, 512GB, RTX 4050 6GB, WUXGA 165Hz, Win11)"
358498,https://www.thegioididong.com/laptop/dell-15-dc15250-i5-1334u-71071928,"Laptop Dell 15 DC15250 - 71071928 (i5 1334U, 16GB, 512GB, Full HD 120Hz, OfficeH24+365B, Win11)"
345510,https://www.thegioididong.com/laptop/hp-gaming-victus-15-fa2732tx-i5-13420h-b85lppa,"Laptop HP Gaming VICTUS 15 fa2732TX - B85LPPA (i5 13420H, 16GB, 512GB, RTX 4050 6GB, Full HD 144Hz, Win11)"
358074,https://www.thegioididong.com/laptop/hp-omnibook-5-ai-16-af1054tu-ultra-7-255u-c1mn8pa,"Laptop HP OmniBook 5 AI 16 af1054TU - C1MN8PA (Ultra 7 255U, 32GB, 512GB, WUXGA, OfficeH24, Win11)"
311176,https://www.thegioididong.com/laptop/hp-pavilion-15-eg3093tu-i5-8c5l4pa,"Laptop HP Pavilion 15 eg3093TU - 8C5L4PA (i5 1335U, 16GB, 512GB, Full HD, Win11)"
341610,https://www.thegioididong.com/laptop/msi-katana-15-hx-b14wfk-i7-14650hx-025vn,"Laptop MSI Gaming Katana 15 HX B14WFK - 025VN (i7 14650HX, 16GB, 512GB, RTX5060 8GB, QHD 165Hz, Win11)"
334998,https://www.thegioididong.com/laptop/acer-aspire-5-a515-58gm-598j-i5-nxkw1sv002,"Laptop Acer Gaming Aspire 5 A515 58GM 598J - NX.KW1SV.002 (i5 13420H, 16GB, 512GB, RTX 2050 4GB, Full HD 144Hz, Win11)"
364401,https://www.thegioididong.com/laptop/asus-zenbook-14-ux3405ca-ultra-5-225h-st628w,"Laptop Asus ZenBook 14 UX3405CA - ST628W (Ultra 5 225H, 16GB, 512GB, 3K OLED 120Hz, Win11)"
359477,https://www.thegioididong.com/laptop/lenovo-gaming-loq-essential-15irx11-i5-13450hx-83sc003svn,"Laptop Lenovo Gaming LOQ Essential 15IRX11 - 83SC003SVN (i5 13450HX, 16GB, 1TB, RTX 5050 8GB, Full HD, 144Hz, Win11)"
337043,https://www.thegioididong.com/laptop/hp-pavilion-16-af0054tu-ultra-5-ay8c3pa,"Laptop HP Pavilion 16 af0054TU - AY8C3PA (Ultra 5 125U, 16GB, 1TB, WUXGA, OfficeHS+365, Win11)"
334803,https://www.thegioididong.com/laptop/dell-inspiron-15-3530-i5-n5i5530w1,"Laptop Dell Inspiron 15 3530 - N5I5530W1 (i5 1334U, 16GB, 512GB, Full HD 120Hz, OfficeH24+365, Win11)"
339951,https://www.thegioididong.com/laptop/msi-venture-a14-ai-a3hmg-r5-ai-340-004vn,"Laptop MSI Venture A14 AI+ A3HMG - 004VN (R5 AI 340, 16GB, 512GB, 2.8K OLED 120Hz, Win11)"
341270,https://www.thegioididong.com/laptop/hp-15-fd0234tu-core-5-120u-9q969pa-120u,"Laptop HP 15 fd0234TU - 9Q969PA-120U (Core 5 120U, 16GB, 512GB, Full HD, Win11)"
333424,https://www.thegioididong.com/laptop/acer-aspire-16-ai-a16-71m-59l5-ultra-5-nxj4ysv001,"Laptop Acer Aspire 16 AI A16 71M 59L5 - NX.J4YSV.001 (Ultra 5 125H, 16GB, 512GB, Full HD+, Win11)"
341611,https://www.thegioididong.com/laptop/msi-katana-15-hx-b14wek-i5-14450hx-286vn,"Laptop MSI Gaming Katana 15 HX B14WEK - 286VN (i5 14450HX, 16GB, 512GB, RTX5050 8GB, QHD 165Hz, Win11)"
360417,https://www.thegioididong.com/laptop/asus-vivobook-14-x1404va-core-5-120u-eb260w,"Laptop Asus Vivobook 14 X1404VA - EB260W (Core 5 120U, 16GB, 512GB, Full HD, Win11)"
368559,https://www.thegioididong.com/laptop/dell-14-dc14250-core-7-150u-71100515,"Laptop Dell 14 DC14250 - 71100515 (Core 7 150U, 16GB, 512GB, Full HD+ 120Hz, OfficeH24+365, Win11)"
364405,https://www.thegioididong.com/laptop/asus-zenbook-14-ux3405ca-ultra-9-285h-st648w,"Laptop Asus Zenbook 14 UX3405CA - ST648W (Ultra 9 285H, 32GB, 1TB, 3K OLED 120Hz, Win11)"
358120,https://www.thegioididong.com/laptop/hp-omnibook-5-16-ag1069au-r5-ai-340-bz7t1pa,"Laptop HP OmniBook 5 16 ag1069AU - BZ7T1PA (R5 AI 340, 16GB, 512GB, WUXGA, OfficeH24+365B, Win11)"
342754,https://www.thegioididong.com/laptop/dell-15-dc15250-i5-1334u-dc15250-i5u165w11slu,"Laptop Dell 15 DC15250 - DC15250-i5U165W11SLU (i5 1334U, 16GB, 512GB, Full HD 120Hz, OfficeH24+365, Win11)"
358089,https://www.thegioididong.com/laptop/macbook-pro-14-inch-m5-24gb-1tb,Laptop MacBook Pro 14 inch M5 24GB/1TB
366702,https://www.thegioididong.com/laptop/hp-probook-4-g1ah-16-r5-220-c40jpat,"Laptop HP Probook 4 G1ah 16 - C40JPAT (R5 220, 16GB, 512GB, WUXGA, Win11)"
365535,https://www.thegioididong.com/laptop/lenovo-thinkpad-e14-gen-7-ultra-5-135h-21sx00bnvn,"Laptop Lenovo ThinkPad E14 Gen 7 - 21SX00BNVN (Ultra 5 135H, 16GB, 512GB, WUXGA, Win11)"
362922,https://www.thegioididong.com/laptop/msi-gaming-cyborg-15-b13wfkg-i7-13620h-658vn,"Laptop MSI Gaming Cyborg 15 B13WFKG - 658VN (i7 13620H, 16GB, 1TB, RTX 5060 8GB, Full HD 144Hz, Win11)"
360419,https://www.thegioididong.com/laptop/asus-vivobook-15-x1504va-core-5-120u-bq285w,"Laptop Asus Vivobook 15 X1504VA - BQ285W (Core 5 120U, 16GB, 512GB, Full HD, Win11)"
369481,https://www.thegioididong.com/laptop/dell-15-dc15250-core-3-100u-cph993,"Laptop Dell 15 DC15250 - CPH993 (Core 3 100U, 8GB, 512GB, Full HD 120Hz, OfficeH24+365, Win11)"
365607,https://www.thegioididong.com/laptop/hp-240r-g9-core-5-120u-c40m2at,"Laptop HP 240R G9 - C40M2AT (Core 5 120U, 8GB, 512GB, Full HD, Win11)"
364967,https://www.thegioididong.com/laptop/dell-14-dc14250-core-7-150u-f0ftk7,"Laptop Dell 14 DC14250 - F0FTK7 (Core 7 150U, 16GB, 512GB, MX570A 2GB, Full HD+, OfficeHS24+365, Win11)"
363259,https://www.thegioididong.com/laptop/acer-nitro-lite-nl16-71g-71fn-i7-13620h-nh-d5asv-003,"Laptop Acer Nitro Lite NL16-71G-71FN - NH.D5ASV.003 (i7 13620H, 16GB, 512GB, RTX 4050 6GB, FHD+ 180Hz, Win11)"
366909,https://www.thegioididong.com/laptop/msi-gaming-cyborg-15-black-edition-a13ve-i5-13420h-a13ve-2410vn,"Laptop MSI Gaming Cyborg 15 Black Edition A13VE - A13VE-2410VN (i5 13420H, 16GB, 512GB, RTX 4050 6GB, Full HD 144Hz, Win11)"
334796,https://www.thegioididong.com/laptop/asus-zenbook-14-ux3405ca-ultra-5-pz187ws,"Laptop Asus Zenbook 14 UX3405CA - PZ187WS (Ultra 5 225H, 16GB, 512GB, 2.8K OLED 120Hz, Cảm ứng, OfficeH24+365, Win11)"
358796,https://www.thegioididong.com/laptop/hp-14-ep1137tu-ultra-7-155h-c2cy8pa,"Laptop HP 14 ep1137TU - C2CY8PA (Ultra 7 155H, 16GB, 512GB, Full HD, Win11)"
363882,https://www.thegioididong.com/laptop/lenovo-ideapad-slim-5-oled-14agp11-r7-445-83s1003fvn,"Laptop Lenovo Ideapad Slim 5 OLED 14AGP11 - 83S1003FVN (R7 445, 32GB, 512GB, WUXGA OLED, Win11)"
327406,https://www.thegioididong.com/laptop/hp-probook-450-g10-i5-9h1n5pt,"Laptop HP Probook 450 G10 - 9H1N5PT (i5 1335U, 16GB, 512GB, Full HD, Win11)"
363262,https://www.thegioididong.com/laptop/acer-aspire-go-15-ag15-72p-76a2-core-7-150u-nx-jrrsv-008,"Laptop Acer Aspire Go 15 AG15-72P-76A2 - NX.JRRSV.008 (Core 7 150U, 16GB, 512GB, Full HD, Win11)"
341751,https://www.thegioididong.com/laptop/gigabyte-a16-ga6h-i5-13420h-gaming-a16-cthh3vn893sh,"Laptop GIGABYTE Gaming A16 GA6H - GAMING-A16-CTHH3VN893SH (i5 13420H, 16GB, 512GB, RTX5050 8GB, WUXGA 165Hz, Win11)"
362399,https://www.thegioididong.com/laptop/hp-15-fd1490tu-ultra-7-155h-d0bh5pa,"Laptop HP 15 fd1490TU - D0BH5PA (Ultra 7 155H, 24GB, 512GB, Full HD, Win11)"
365311,https://www.thegioididong.com/laptop/dell-15-dc15250-i7-1355u-dc15250-i7u161w11slu-27,"Laptop Dell 15 DC15250 - DC15250-i7U161W11SLU-27 (i7 1355U, 16GB, 1TB, Full HD 120Hz, OfficeHS24+365, Win11)"
339681,https://www.thegioididong.com/laptop/dell-inspiron-15-3530-i5-p16wd22,"Laptop Dell Inspiron 15 3530 - P16WD22 (i5 1334U, 16GB, 512GB, Full HD 120Hz, OfficeH24+365, Win11)"
363901,https://www.thegioididong.com/laptop/lenovo-thinkbook-16-g9-irl-i5-13420h-21us008fvn,"Laptop Lenovo ThinkBook 16 G9 IRL - 21US008FVN (i5 13420H, 16GB, 512GB, WUXGA, Win11)"
340560,https://www.thegioididong.com/laptop/dell-inspiron-15-3530-i5-71070372,"Laptop Dell Inspiron 15 3530 - 71070372 (i5 1334U, 16GB, 512GB, Full HD 120Hz, OfficeH24+365, Win11)"
358079,https://www.thegioididong.com/laptop/hp-15-fc0655au-r5-7430u-c81ngpa,"Laptop HP 15 fc0655AU - C81NGPA (R5 7430U, 16GB, 512GB, Full HD, Win11)"
341609,https://www.thegioididong.com/laptop/msi-katana-15-hx-b14wfk-i7-14650hx-267vn,"Laptop MSI Gaming Katana 15 HX B14WFK - 267VN (i7 14650HX, 32GB, 512GB, RTX 5060 8GB, QHD 165Hz, Win11)"
341613,https://www.thegioididong.com/laptop/msi-katana-15-hx-b14wek-i7-14650hx-027vn,"Laptop MSI Gaming Katana 15 HX B14WEK - 027VN (i7 14650HX, 32GB, 512GB, RTX5050 8GB, QHD 165Hz, Win11)"
360421,https://www.thegioididong.com/laptop/asus-gaming-v16-v3607vj-core-5-210h-rp071w,"Laptop Asus Gaming V16 V3607VJ - RP071W (Core 5 210H, 16GB, 512GB, RTX 3050 6GB, WUXGA 144Hz, Win11)"
344606,https://www.thegioididong.com/laptop/lenovo-gaming-loq-15irx9-i7-13650hx-83dv01alvn,"Laptop Lenovo Gaming LOQ 15IRX9 - 83DV01ALVN (i7 13650HX, 16GB, 512GB, RTX 4050 6GB, Full HD 144Hz, Win11)"
360693,https://www.thegioididong.com/laptop/dell-gaming-alienware-16-aurora-ac16250-core-7-240h-c7h161w11ii4050,"Laptop Dell Gaming Alienware 16 Aurora AC16250 - C7H161W11II4050 (Core 7 240H, 16GB, 1TB, RTX 4050 6GB, WQXGA 120Hz, OfficeH24+365, Win11)"
358499,https://www.thegioididong.com/laptop/dell-15-dc15250-i7-1355u-71073959,"Laptop Dell 15 DC15250 - 71073959 (i7 1355U, 16GB, 512GB, Full HD 120Hz, OfficeH24+365B, Win11)"
338316,https://www.thegioididong.com/laptop/dell-inspiron-15-3530-i5-n3530-i5u165w11slu-bl,"Laptop Dell Inspiron 15 3530 - N3530-i5U165W11SLU-BL (i5 1334U, 16GB, 512GB, Full HD 120Hz, OfficeH24+365, Win11)"
342513,https://www.thegioididong.com/laptop/lenovo-thinkbook-14-core-7-240h-21sg007vvn,"Laptop Lenovo ThinkBook 14 - 21SG007VVN (Core 7 240H, 32GB, 1TB, WUXGA, Win11)"
359927,https://www.thegioididong.com/laptop/gigabyte-gaming-a16-ga6h-i7-13620h-gaming-a16-cthi3vn893sh,"Laptop GIGABYTE Gaming A16 GA6H - GAMING-A16-CTHI3VN893SH (i7 13620H, 16GB, 512GB, RTX 5050 8GB, WUXGA 165Hz, Win11)"
358075,https://www.thegioididong.com/laptop/hp-omnibook-x-flip-14-fk0092au-r5-ai-340-bz7p5pa,"Laptop HP OmniBook X Flip 14 fk0092AU - BZ7P5PA (R5 AI 340, 16GB, 512GB, WUXGA, Cảm ứng, OfficeH24, Win11)"
360296,https://www.thegioididong.com/laptop/acer-gaming-nitro-v-16s-ai-propanel-anv16s-41-r337-r7-260-nh-qzzsv-002,"Laptop Acer Gaming Nitro ProPanel ANV16S 41 R337 - NH.QZZSV.002 (R7 260, 16GB, 1TB, RTX 5050 8GB, FHD+ 180Hz, Win11)"
358088,https://www.thegioididong.com/laptop/macbook-pro-14-inch-m5-16gb-1tb,Laptop MacBook Pro 14 inch M5 16GB/1TB
340558,https://www.thegioididong.com/laptop/dell-inspiron-15-3530-i5-n3530-i5u165w11slu-hs24,"Laptop Dell Inspiron 15 3530 - N3530-i5U165W11SLU-HS24 (i5 1334U, 16GB, Full HD 120Hz, OfficeH24+365, Win11)"
365609,https://www.thegioididong.com/laptop/hp-240r-g10-core-5-120u-c3sg9at,"Laptop HP 240R G10 - C3SG9AT (Core 5 120U, 8GB, 512GB, Full HD, Win11)"
368220,https://www.thegioididong.com/laptop/lenovo-thinkpad-e14-gen-7-ultra-5-225u-21sx005nvn,"Laptop Lenovo ThinkPad E14 Gen 7 - 21SX005NVN (Ultra 5 225U, 16GB, 512GB, WUXGA, Win11)"
341564,https://www.thegioididong.com/laptop/dell-alienware-16-aurora-ac16250-core-7-240h-c7h161w11ii5050,"Laptop Dell Gaming Alienware 16 Aurora AC16250 - C7H161W11II5050 (Core 7 240H, 16GB, 1TB, RTX 5050 8GB, WQXGA 120Hz, OfficeH24+365, Win11)"
364399,https://www.thegioididong.com/laptop/asus-vivobook-s16-m3607ga-r7-ai-445-sh034w,"Laptop Asus Vivobook S16 M3607GA - SH034W (R7 AI 445, 16GB, 512GB, WUXGA OLED, Win11)"
322099,https://www.thegioididong.com/laptop/msi-gaming-cyborg-15-ai-a1vek-ultra-7-053vn,"Laptop MSI Gaming Cyborg 15 AI A1VEK - 053VN (Ultra 7 155H, 16GB, 512GB, RTX 4050 6GB, Full HD 144Hz, Win11)"
367378,https://www.thegioididong.com/laptop/acer-swift-go-14-ai-sfg14-i71-70rp-ultra-7-358h-nx-jzhsv-003,"Laptop Acer Swift Go 14 AI SFG14-I71-70RP - NX.JZHSV.003 (Ultra 7 358H, 32GB, 1TB, 2.8K 120Hz, Win11)"
341563,https://www.thegioididong.com/laptop/dell-alienware-16-aurora-ac16250-core-5-210h-71072939,"Laptop Dell Gaming Alienware 16 Aurora AC16250 - 71072939 (Core 5 210H, 16GB, 512GB, RTX 3050 6GB, WQXGA 120Hz, OfficeH24+365, Win11)"
338321,https://www.thegioididong.com/laptop/asus-s3407ca-ultra-7-ly096ws,"Laptop Asus Vivobook S14 S3407CA - LY096WS (Ultra 7 255H, 16GB, 512GB, WUXGA, OfficeH24+365, Win11)"
311177,https://www.thegioididong.com/laptop/hp-pavilion-15-eg3091tu-i7-8c5l2pa,"Laptop HP Pavilion 15 eg3091TU - 8C5L2PA (i7 1355U, 16GB, 512GB, Full HD, Win11)"
339201,https://www.thegioididong.com/laptop/acer-nitro-lite-16-nl16-71g-71uj-i7-nhd59sv002,"Laptop Acer Gaming Nitro Lite 16 NL16 71G 71UJ - NH.D59SV.002 (i7 13620H, 16GB, 512GB, RTX 3050 6GB, Full HD+ 165Hz, Win11)"
366703,https://www.thegioididong.com/laptop/hp-omnibook-7-aero-13-bg1087au-r5-ai-340-bz7s1pa,"Laptop HP OmniBook 7 Aero 13 bg1087AU - BZ7S1PA (R5 AI 340, 16GB, 512GB, WUXGA, OfficeH24+365, Win11)"
359482,https://www.thegioididong.com/laptop/lenovo-v14-g5-i5-13420h-83hd005jvn,"Laptop Lenovo V14 G5 - 83HD005JVN (i5 13420H, 16GB, 512GB, Full HD, Win11)"
361536,https://www.thegioididong.com/laptop/dell-14-dc1425-core-7-150u-71083580,"Laptop Dell 14 DC14250 - 71083580 (Core 7 150U, 16GB, 512GB, Full HD+, OfficeH24+365, Win11)"
341752,https://www.thegioididong.com/laptop/gigabyte-a16-ga6h-i7-13620h-gaming-a16-cvhi3vn893sh,"Laptop GIGABYTE Gaming A16 GA6H - GAMING-A16-CVHI3VN893SH (i7 13620H, 16GB, 512GB, RTX5060 8GB, WUXGA 165Hz, Win11)"
360694,https://www.thegioididong.com/laptop/dell-16-dc16250-core-7-150u-c7u161w11blu,"Laptop Dell 16 DC16250 - C7U161W11BLU (Core 7 150U, 16GB, 1TB, Full HD+, Cảm ứng, OfficeH24+365, Win11)"
357991,https://www.thegioididong.com/laptop/dell-15-dc15250-i7-1355u-cph997,"Laptop Dell 15 DC15250 - CPH997 (i7 1355U, 16GB, 1TB, Full HD 120Hz, OfficeH24+365, Win11)"
358076,https://www.thegioididong.com/laptop/hp-omnibook-x-flip-14-fm0076tu-ultra-7-258v-bz7p6pa,"Laptop HP OmniBook X Flip 14 fm0076TU - BZ7P6PA (Ultra 7 258V, 32GB, 512GB, WUXGA, Cảm ứng, OfficeH24, Win11)"
361726,https://www.thegioididong.com/laptop/hp-omnibook-7-14-fs0043tu-core-5-210h-c1mn3pa,"Laptop HP OmniBook 7 14 fs0043TU - C1MN3PA (Core 5 210H, 16GB, 512GB, 2K, OfficeH24+365, Win11)"
330579,https://www.thegioididong.com/laptop/asus-ux5406sa-ultra-7-pv140ws,"Laptop Asus Zenbook S 14 UX5406SA - PV140WS (Ultra 7 258V, 32GB, 1TB, 2.8K OLED 120Hz, OfficeHS, Win11)"
363897,https://www.thegioididong.com/laptop/lenovo-thinkbook-14-gen-8-ultra-5-135h-21sj00eavn,"Laptop Lenovo ThinkBook 14 Gen 8 - 21SJ00EAVN (Ultra 5 135H, 16GB, 512GB, WUXGA, Win11)"
368555,https://www.thegioididong.com/laptop/dell-15-dc15250-core-3-100u-dc5c3259w1-2y,"Laptop Dell 15 DC15250 - DC5C3259W1-2Y (Core 3 100U, 8GB, 512GB, Full HD 120Hz, OfficeHS24+365, Win11)"
340479,https://www.thegioididong.com/laptop/hp-pavilion-15-eg3112tu-i7-8u6l9pa,"Laptop HP Pavilion 15 eg3112TU - 8U6L9PA (i7 1355U, 16GB, 512GB, Full HD, Win11)"
362408,https://www.thegioididong.com/laptop/asus-vivobook-14-m1407ga-r7-ai-445-ly270w,"Laptop Asus Vivobook 14 M1407GA - LY270W (R7 AI 445, 16GB, 512GB, WUXGA, Win11)"
365625,https://www.thegioididong.com/laptop/hp-probook-4-g1ir-14-core-5-120u-c40jkat,"Laptop HP ProBook 4 G1iR 14 - C40JKAT (Core 5 120U, 16GB, 512GB, WUXGA, Win11)"
367683,https://www.thegioididong.com/laptop/lenovo-ideapad-slim-3-16iph11-ultra-7-355-83us002wvn,"Laptop Lenovo IdeaPad Slim 3 16IPH11 - 83US002WVN (Ultra 7 355, 16GB, 512GB, WUXGA, Win11)"
325244,https://www.thegioididong.com/laptop/dell-inspiron-14-5440-core-7-n4i7204w1,"Laptop Dell Inspiron 14 5440 - N4I7204W1 (Core 7 150U, 16GB, 512GB, Full HD+, OfficeHS, Win11)"
365613,https://www.thegioididong.com/laptop/hp-240r-g10-core-7-150u-cc9b9pt,"Laptop HP 240R G10 - CC9B9PT (Core 7 150U, 16GB, 512GB, Full HD, Win11)"
362625,https://www.thegioididong.com/laptop/asus-zenbook-14-um3406ga-r7-ai-445-qd075ws,"Laptop Asus Zenbook 14 UM3406GA - QD075WS (R7 AI 445 ,16GB, 512GB, WUXGA OLED, OfficeH24+365, Win11)"
363891,https://www.thegioididong.com/laptop/lenovo-thinkpad-e16-gen-3-ultra-7-258v-22ay003vvn,"Laptop Lenovo ThinkPad E16 Gen 3 - 22AY003VVN (Ultra 7 258V, 32GB, 512GB, WUXGA, Win11)"
369845,https://www.thegioididong.com/laptop/hp-omnibook-7-14-fr0033tu-ultra-5-225u-c1mn2pa,"Laptop HP OmniBook 7 14 fr0033TU - C1MN2PA (Ultra 5 225U, 16GB, 512GB, WUXGA, OfficeH24+365, Win11)"
359471,https://www.thegioididong.com/laptop/lenovo-v15-g5-irl-i5-13420h-83hf00byvn,"Laptop Lenovo V15 G5 IRL - 83HF00BYVN (i5 13420H, 16GB, 512GB, Full HD, Win11)"
364979,https://www.thegioididong.com/laptop/acer-gaming-aspire-7-a715-59g-79xf-core-7-240h-nh-qx6sv-008,"Laptop Acer Gaming Aspire 7 A715-59G-79XF - NH.QX6SV.008 (Core 7 240H, 16GB, 512GB, RTX 3050 6GB, Full HD 144Hz, Win11)"
357987,https://www.thegioididong.com/laptop/dell-inspiron-14-5440-core-5-120u-71053697,"Laptop Dell Inspiron 14 5440 - 71053697 (Core 5 120U, 16GB, 1TB, Full HD+, OfficeH24+365B, Win11)"
364414,https://www.thegioididong.com/laptop/asus-vivobook-14-m1407ka-r5-ai-330-ly849w,"Laptop Asus Vivobook 14 M1407KA - LY849W (R5 AI 330, 16GB, 512GB, WUXGA, Win11)"
364181,https://www.thegioididong.com/laptop/asus-tuf-gaming-a16-fa607nuq-r7-170-rl007w,"Laptop Asus TUF Gaming A16 FA607NUQ - RL007W (R7 170, 16GB, 512GB, RTX 4050 6GB, Full HD+ 144Hz, Win11)"
337472,https://www.thegioididong.com/laptop/dell-inspiron-15-3530-i7-71053721,"Laptop Dell Inspiron 15 3530 - 71053721 (i7 1355U, 16GB, 512GB, Full HD 120Hz, OfficeH24+365, Win11)"
341621,https://www.thegioididong.com/laptop/hp-15-fd1037tu-core-7-150u-9z2w5pa,"Laptop HP 15 fd1037TU - 9Z2W5PA (Core 7 150U, 16GB, 1TB, Full HD, Win11)"
364623,https://www.thegioididong.com/laptop/lenovo-gaming-loq-15irx10-i7-13645hx-83je01agvn,"Laptop Lenovo Gaming LOQ 15IRX10 - 83JE01AGVN (i7 13645HX, 16GB, 512GB, RTX 5050 8GB, Full HD 144Hz, Win11)"
361538,https://www.thegioididong.com/laptop/dell-16-plus-db16250-ultra-7-256v-x65nw7,"Laptop Dell 16 Plus DB16250 - X65NW7 (Ultra 7 256V, 16GB, 1TB, QHD+ 120Hz, OfficeH24+365, Win11)"
357988,https://www.thegioididong.com/laptop/dell-inspiron-14-5440-core-7-150u-71059084,"Laptop Dell Inspiron 14 5440 - 71059084 (Core 7 150U, 16GB, 1TB, MX570A 2GB, 2.2K, OfficeH24+365B, Win11)"
326280,https://www.thegioididong.com/laptop/msi-katana-a15-ai-b8vg-r7-465vn,"Laptop MSI Gaming Katana A15 AI B8VG - 465VN (R7 8845HS, 16GB, 1TB, RTX 4070 8GB, Full HD 144Hz, Win11)"
335020,https://www.thegioididong.com/laptop/msi-prestige-14-ai-evo-c2vmg-ultra-7-020vn,"Laptop MSI Prestige 14 AI+ Evo C2VMG - 020VN (Ultra 7 258V, 32GB, 1TB, 2.8K OLED 120Hz, Win11)"
335015,https://www.thegioididong.com/laptop/msi-vector-16-hx-ai-a2xwig-ultra-9-062vn,"Laptop MSI Gaming Vector 16 HX AI A2XWIG - 062VN (Ultra 9 275HX, 16GB, 1TB, RTX 5080 16GB, QHD+ 240Hz, Win11)"
332397,https://www.thegioididong.com/laptop/acer-swift-ai-sf14-51-53p9-ultra-5-nxj2ksv002,"Laptop Acer Swift AI SF14 51 53P9 - NX.J2KSV.002 (Ultra 5 226V, 16GB, 1TB, 2.8K OLED 90Hz, Win11)"
365305,https://www.thegioididong.com/laptop/dell-14-dc14250-core-7-150u-71092478,"Laptop Dell 14 DC14250 - 71092478 (Core 7 150U, 16GB, 512GB, Full HD+ 120Hz, OfficeHS24+365, Win11)"
332579,https://www.thegioididong.com/laptop/acer-nitro-v-16-propanel-anv16-41-r6zy-r5-nhqp2sv002,"Laptop Acer Gaming Nitro ProPanel ANV16 41 R6ZY - NH.QP2SV.002 (R5 8645HS, 16GB, 512GB, RTX 3050 6GB, WUXGA 165Hz, Win11)"
367017,https://www.thegioididong.com/laptop/lenovo-ideapad-slim-3-15iph11-ultra-7-355-83ur00a5vn,"Laptop Lenovo IdeaPad Slim 3 15IPH11 - 83UR00A5VN (Ultra 7 355, 16GB, 512GB, WUXGA, Win11)"
342521,https://www.thegioididong.com/laptop/lenovo-gaming-legion-5-15irx10-i7-13650hx-83ly00hqvn,"Laptop Lenovo Gaming Legion 5 15IRX10 - 83LY00HQVN (i7 13650HX, 16GB, 512GB, RTX 5060 8GB, WUXGA 165Hz, OfficeH24, Win11)"
365614,https://www.thegioididong.com/laptop/hp-elitebook-6-g1a-14-r5-ai-340-c0ce1pt,"Laptop HP EliteBook 6 G1a 14 - C0CE1PT (R5 AI 340, 16GB, 512GB, WUXGA, Win11)"
362409,https://www.thegioididong.com/laptop/asus-vivobook-14-flip-tp3407sa-ultra-5-226v-sg349w,"Laptop Asus Vivobook 14 Flip TP3407SA - SG349W (Ultra 5 226V, 16GB, 512GB, WUXGA OLED, Cảm ứng, Win11)"
358072,https://www.thegioididong.com/laptop/hp-omnibook-5-ai-16-af1052tu-ultra-7-255u-c1mn6pa,"Laptop HP OmniBook 5 AI 16 af1052TU - C1MN6PA (Ultra 7 255U, 32GB, 512GB, WUXGA, Cảm ứng, OfficeH24, Win11)"
366165,https://www.thegioididong.com/laptop/lenovo-ideapad-slim-3-15iph11-ultra-7-355-83ur0075vn,"Laptop Lenovo IdeaPad Slim 3 15IPH11 - 83UR0075VN (Ultra 7 355, 16GB, 512GB, WUXGA, Win11)"
342469,https://www.thegioididong.com/laptop/dell-inspiron-15-3530-i7-1355u-n5i7421w1,"Laptop Dell Inspiron 15 3530 - N5I7421W1 (i7 1355U, 16GB, 512GB,  Full HD 120Hz, OfficeHS24+365, Win11)"
364942,https://www.thegioididong.com/laptop/asus-vivobook-16-x1607ca-ultra-7-255h-mb990w,"Laptop Asus Vivobook 16 X1607CA - MB990W (Ultra 7 255H, 16GB, 512GB, WUXGA, Win11)"
334800,https://www.thegioididong.com/laptop/asus-zenbook-a14-ux3407qa-x1-26-100-qd299ws,"Laptop Asus Zenbook A14 UX3407QA - QD299WS (X1 26 100, 16GB, 512GB, WUXGA OLED, OfficeH24+365, Win11)"
358119,https://www.thegioididong.com/laptop/hp-omnibook-7-14-fr0024tu-ultra-7-255h-c1mn0pa,"Laptop HP OmniBook 7 14 fr0024TU - C1MN0PA (Ultra 7 255H, 32GB, 512GB, WUXGA, OfficeH24+365B, Win11)"
366167,https://www.thegioididong.com/laptop/lenovo-gaming-loq-15irx9-i7-13645hx-83dv01h3vn,"Laptop Lenovo Gaming LOQ 15IRX9 - 83DV01H3VN (i7 13645HX, 16GB, 512GB, RTX 4050 6GB, Full HD 144Hz, Win11)"
366166,https://www.thegioididong.com/laptop/lenovo-gaming-loq-15arp10e-r7-7735hs-83s0004fvn,"Laptop Lenovo Gaming LOQ 15ARP10E - 83S0004FVN (R7 7735HS, 16GB, 512GB, RTX 4050 6GB, Full HD 144Hz, Win11)"
358381,https://www.thegioididong.com/laptop/lenovo-gaming-legion-5-15irx10-i7-13650hx-83ly00hrvn,"Laptop Lenovo Gaming Legion 5 15IRX10 - 83LY00HRVN (i7 13650HX, 16GB, 512GB, RTX 5050 8GB, WUXGA 165Hz, OfficeH24, Win11)"
365616,https://www.thegioididong.com/laptop/hp-elitebook-6-g1a-14-r7-ai-350-c0cg2pt,"Laptop HP EliteBook 6 G1a 14 - C0CG2PT (R7 AI 350, 16GB, 512GB, WUXGA, Win11)"
341565,https://www.thegioididong.com/laptop/dell-alienware-16-aurora-ac16250-core-7-240h-71072937,"Laptop Dell Gaming Alienware 16 Aurora AC16250 - 71072937 (Core 7 240H, 16GB, 1TB, RTX 5060 8GB, WQXGA 120Hz, OfficeH24+365, Win11)"
362021,https://www.thegioididong.com/laptop/dell-14-dc14250-core-5-120u-f0ftk5,"Laptop Dell 14 DC14250 - F0FTK5 (Core 5 120U, 16GB, 1TB, Full HD+, OfficeH24+365, Win11)"
345503,https://www.thegioididong.com/laptop/hp-probook-4-g1i-16-ultra-7-255u-bq5e1pt,"Laptop HP Probook 4 G1i 16 - BQ5E1PT (Ultra 7 255U, 16GB, 512GB, WUXGA, Win11)"
359298,https://www.thegioididong.com/laptop/msi-gaming-katana-15-hx-b14wgk-i7-14650hx-023vn,"Laptop MSI Gaming Katana 15 HX B14WGK - 023VN (i7 14650HX, 16GB, 1TB, RTX 5070 8GB, QHD, 165Hz, Win11)"
363898,https://www.thegioididong.com/laptop/lenovo-thinkpad-e14-gen-7-ultra-5-228v-21u2003svn,"Laptop Lenovo ThinkPad E14 Gen 7 - 21U2003SVN (Ultra 5 228V, 32GB, 512GB, WUXGA, Win11)"
345506,https://www.thegioididong.com/laptop/hp-elitebook-6-g1i-13-ultra-5-225u-bq9l8pt,"Laptop HP EliteBook 6 G1i 13 - BQ9L8PT (Ultra 5 225U, 16GB, 512GB, WUXGA, Win11)"
363826,https://www.thegioididong.com/laptop/dell-pro-13-plus-pb13250-ultra-5-235u-71084491,"Laptop Dell Pro 13 Plus PB13250 - 71084491 (Ultra 5 235U, 16GB, 512GB, Full HD+, Win11)"
359299,https://www.thegioididong.com/laptop/msi-gaming-katana-15-hx-b14wfk-i9-14900hx-294vn,"Laptop MSI Gaming Katana 15 HX B14WFK - 294VN (i9 14900HX, 16GB, 512GB, RTX 5060 8GB, QHD, 165Hz, Win11)"
367377,https://www.thegioididong.com/laptop/acer-aspire-lite-15-al15-53p-56qh-core-5-120u-nx-dg3sv-001,"Laptop Acer Aspire Lite 15 AL15-53P-56QH - NX.DG3SV.001 (Core 5 120U, 8GB, 512GB, Full HD, Win11)"
342749,https://www.thegioididong.com/laptop/asus-vivobook-s14-s3407va-i7-13620h-ly053w,"Laptop Asus Vivobook S14 S3407VA - LY053W (i7 13620H, 16GB, 512GB, WUXGA, Win11)"
325247,https://www.thegioididong.com/laptop/dell-inspiron-15-3530-i7-p16wd,"Laptop Dell Inspiron 15 3530 - P16WD (i7 1355U, 16GB, 1TB, Full HD 120Hz, OfficeHS, Win11)"
363900,https://www.thegioididong.com/laptop/lenovo-thinkpad-e14-gen-7-ultra-7-258v-21u2003jvn,"Laptop Lenovo ThinkPad E14 Gen 7 - 21U2003JVN (Ultra 7 258V, 32GB, 512GB, WUXGA, Win11)"
358798,https://www.thegioididong.com/laptop/hp-omnibook-5-16-ag1066au-r7-al-350-bz7s9pa,"Laptop HP OmniBook 5 16 ag1066AU - BZ7S9PA (R7 Al 350, 16GB, 512GB, WUXGA, Cảm ứng, OfficeH24+365B, Win11)"
341269,https://www.thegioididong.com/laptop/hp-omnibook-uf-14-fh0097tu-ultra-7-258v-bz7s3pa,"Laptop HP OmniBook UF 14 fh0097TU - BZ7S3PA (Ultra 7 258V, 32GB, 1TB, 2.8K OLED 120Hz, Cảm ứng, OfficeH24, Win11)"
359302,https://www.thegioididong.com/laptop/msi-gaming-stealth-a16-ai-a3xwfg-r9-ai-hx-370-018vn,"Laptop MSI Gaming Stealth A16 AI+ A3XWFG - 018VN (R9 AI HX 370, 32GB, 1TB, RTX 5060 8GB, QHD+ OLED, 240Hz, Win11)"
362624,https://www.thegioididong.com/laptop/asus-vivobook-s14-m3407ga-r7-ai-445-sf030w,"Laptop Asus Vivobook S14 M3407GA - SF030W (R7 AI 445, 16GB, 512GB, WUXGA OLED, Win11)"
361729,https://www.thegioididong.com/laptop/hp-probook-4-g1q-14-x1-26-100-c40jqat,"Laptop HP ProBook 4 G1q 14 - C40JQAT (X1 26 100, 16GB, 512GB, WUXGA, Win11)"
363902,https://www.thegioididong.com/laptop/lenovo-v15-g5-irl-i5-13420h-83hf00bvvn,"Laptop Lenovo V15 G5 IRL - 83HF00BVVN (i5 13420H, 8GB, 512GB, Full HD, Win11)"
364415,https://www.thegioididong.com/laptop/asus-vivobook-s14-s3407ca-ultra-5-225h-sf913w,"Laptop Asus Vivobook S14 S3407CA - SF913W (Ultra 5 225H, 16GB, 512GB, WUXGA OLED, Win11)"
368209,https://www.thegioididong.com/laptop/lenovo-thinkbook-16-g9-r7-250-21ut005mvn,"Laptop Lenovo ThinkBook 16 G9 - 21UT005MVN (R7 250, 16GB, 512GB, WUXGA, Win11)"
326049,https://www.thegioididong.com/laptop/hp-245-g10-r5-a20tdpt,"Laptop HP 245 G10 - A20TDPT (R5 7530U, 8GB, 512GB, Full HD, Win11)"
337041,https://www.thegioididong.com/laptop/hp-pavilion-16-af0052tu-ultra-7-ay8c1pa,"Laptop HP Pavilion 16 af0052TU - AY8C1PA (Ultra 7 155U, 16GB, 1TB, WUXGA, OfficeHS+365, Win11)"
364622,https://www.thegioididong.com/laptop/lenovo-thinkpad-x1-carbon-gen-13-ultra-7-258v-21ns010cvn,"Laptop Lenovo ThinkPad X1 Carbon Gen 13 - 21NS010CVN (Ultra 7 258V, 32GB, 1TB, 2.8K OLED 120Hz, Win11Pro)"
359928,https://www.thegioididong.com/laptop/gigabyte-gaming-a16-ga6h-i7-13620h-cwhi3vnc94sh,"Laptop GIGABYTE Gaming A16 GA6H - CWHI3VNC94SH (i7 13620H, 16GB, 1TB, RTX 5070 8GB, WQXGA 165Hz, Win11)"
362626,https://www.thegioididong.com/laptop/asus-zenbook-14-um3406ga-r7-ai-445-qd073ws,"Laptop Asus Zenbook 14 UM3406GA - QD073WS (R7 AI 445, 32GB, 1TB, WUXGA OLED, OfficeH24+365, Win11)"
368221,https://www.thegioididong.com/laptop/lenovo-thinkbook-14-gen-9-irl-i5-13420h-21uy008tvn,"Laptop Lenovo ThinkBook 14 Gen 9 IRL - 21UY008TVN (i5 13420H, 16GB, 512GB, WUXGA, Win11)"
337042,https://www.thegioididong.com/laptop/hp-pavilion-16-af0053tu-ultra-7-ay8c2pa,"Laptop HP Pavilion 16 af0053TU - AY8C2PA (Ultra 7 155U, 16GB, 512GB, WUXGA, OfficeHS+365, Win11)"
365312,https://www.thegioididong.com/laptop/dell-16-dc16250-core-7-150u-dc16250-c7u161w11blu-27,"Laptop Dell 16 DC16250 - DC16250-C7U161W11BLU-27 (Core 7 150U, 16GB, 1TB, Full HD+, OfficeHS24+365, Win11)"
340563,https://www.thegioididong.com/laptop/dell-inspiron-14-5441-x1p-64-n4o10441w1,"Laptop Dell Inspiron 14 5441 - N4O10441W1 (X1P 64 100, 16GB, 1TB, Full HD+, OfficeH24+365, Win11)"
340559,https://www.thegioididong.com/laptop/dell-inspiron-15-3530-i7-n3530-i7u161w11slu,"Laptop Dell Inspiron 15 3530 - N3530-i7U161W11SLU (i7 1355U, 16GB, 1TB, Full HD 120Hz, OfficeH24+365, Win11)"
368223,https://www.thegioididong.com/laptop/hp-omnibook-x-flip-14-fk0082au-r7-ai-350-bz7n8pa,"Laptop HP OmniBook X Flip 14 fk0082AU - BZ7N8PA (R7 AI 350, 32GB, 1TB, 2K, Cảm ứng, OfficeH24+365, Win11)"
367012,https://www.thegioididong.com/laptop/lenovo-ideapad-5-2in1-14iph11-ultra-5-322-83ug0026vn,"Laptop Lenovo IdeaPad 5 2in1 14IPH11 - 83UG0026VN (Ultra 5 322, 16GB, 512GB, WUXGA, Cảm ứng, Win11)"
362023,https://www.thegioididong.com/laptop/dell-16-dc16251-core-7-150u-dc6c7557w1,"Laptop Dell 16 DC16251 - DC6C7557W1 (Core 7 150U, 16GB, 1TB, Full HD+, OfficeH24+365, Win11)"
325953,https://www.thegioididong.com/laptop/dell-inspiron-14-5440-core-7-7fn5j,"Laptop Dell Inspiron 14 5440 - 7FN5J (Core 7 150U, 16GB, 1TB, Full HD+, OfficeHS, Win11)"
342719,https://www.thegioididong.com/laptop/hp-gaming-omen-16-am0176tx-ultra-7-255h-bx9d3pa,"Laptop HP Gaming OMEN 16 am0176TX - BX9D3PA (Ultra 7 255H, 16GB, 512GB, RTX 5060 8GB, WUXGA 165Hz, Win11)"
368217,https://www.thegioididong.com/laptop/lenovo-yoga-7-2in1-14iph11-ultra-5-322-83tc002lvn,"Laptop Lenovo Yoga 7 2in1 14IPH11 - 83TC002LVN (Ultra 5 322, 16GB, 512GB, WUXGA OLED, Cảm ứng, OfficeH24+365, Win11)"
345500,https://www.thegioididong.com/laptop/hp-probook-4-g1i-16-ultra-5-225u-bq5d4pt,"Laptop HP Probook 4 G1i 16 - BQ5D4PT (Ultra 5 225U, 16GB, 512GB, WUXGA, Win11)"
369747,https://www.thegioididong.com/laptop/dell-14-dc14250-core-7-150u-dc14250-c7u161w11slu-2y,"Laptop Dell 14 DC14250 - DC14250-C7U161W11SLU-2Y (Core 7 150U, 16GB, 1TB, Full HD+ ,OfficeH24+365, Win11)"
368218,https://www.thegioididong.com/laptop/lenovo-thinkbook-14-g9-r7-250-21v0005pvn,"Laptop Lenovo ThinkBook 14 G9 - 21V0005PVN (R7 250, 16GB, 512GB, WUXGA, Win11)"
345508,https://www.thegioididong.com/laptop/hp-elitebook-6-g1i-13-ultra-7-255u-bq9m6p,"Laptop HP EliteBook 6 G1i 13 - BQ9M6PT (Ultra 7 255U, 16GB, 512GB, WUXGA, Win11)"
358794,https://www.thegioididong.com/laptop/hp-omnibook-7-16-az0038tu-core-5-210h-c2cx1pa,"Laptop HP OmniBook 7 16 az0038TU - C2CX1PA (Core 5 210H, 24GB, 512GB, WUXGA, OfficeH24, Win11)"
367013,https://www.thegioididong.com/laptop/lenovo-ideapad-5-2in1-14iph11-ultra-7-355-83ug0027vn,"Laptop Lenovo IdeaPad 5 2in1 14IPH11 - 83UG0027VN (Ultra 7 355, 16GB, 512GB, WUXGA, Cảm ứng, Win11)"
361730,https://www.thegioididong.com/laptop/hp-probook-4-g1q-14-x1-26-100-c40jrat,"Laptop HP ProBook 4 G1q 14 - C40JRAT (X1 26 100, 32GB, 512GB, WUXGA, Win11)"
339235,https://www.thegioididong.com/laptop/asus-zenbook-14-um3406ka-r7-ai-350-pp113ws,"Laptop Asus Zenbook 14 UM3406KA - PP113WS (R7 AI 350, 16GB, 512GB, 2.8K 120Hz, OfficeH24+365, Win11)"
342721,https://www.thegioididong.com/laptop/hp-gaming-omen-16-am0127tx-i9-14900hx-bx8y0pa,"Laptop HP Gaming OMEN 16 am0127TX - BX8Y0PA (i9 14900HX, 32GB, 512GB, RTX 5070 8GB, WUXGA 165Hz, Win11)"
367021,https://www.thegioididong.com/laptop/lenovo-ideapad-slim-5-14agp11-r7-ai-445-83s1006rvn,"Laptop Lenovo IdeaPad Slim 5 14AGP11 - 83S1006RVN (R7 AI 445, 16GB, 512GB, WUXGA OLED, Win11)"
341268,https://www.thegioididong.com/laptop/hp-omnibook-uf-14-fh0095tu-ultra-9-288v-bz7s2pa,"Laptop HP OmniBook UF 14 fh0095TU - BZ7S2PA (Ultra 9 288V, 32GB, 1TB, 2.8K OLED 120Hz, Cảm ứng, OfficeH24, Win11)"
358795,https://www.thegioididong.com/laptop/hp-omnibook-7-16-az0043tu-core-7-240h-c2cx3pa,"Laptop HP OmniBook 7 16 az0043TU - C2CX3PA (Core 7 240H, 32GB, 512GB, WUXGA, OfficeH24, Win11)"
364621,https://www.thegioididong.com/laptop/lenovo-thinkpad-x1-carbon-gen-13-ultra-7-258v-21ns010jvn,"Laptop Lenovo ThinkPad X1 Carbon Gen 13 - 21NS010JVN (Ultra 7 258V, 32GB, 1TB, 2.8K OLED 120Hz, Win11Pro)"
367685,https://www.thegioididong.com/laptop/lenovo-ideapad-slim-3-14iph11-ultra-7-355-83uq003pvn,"Laptop Lenovo IdeaPad Slim 3 14IPH11 - 83UQ003PVN (Ultra 7 355, 16GB, 512GB, WUXGA, Win11)"
337040,https://www.thegioididong.com/laptop/hp-elitebook-ultra-g1q-x1e-78-100-b4py1pt,"Laptop HP Elitebook Ultra G1q - B4PY1PT (X1E 78 100, 32GB, 1TB, 2.2K, Cảm ứng, Win11 Pro)"
368224,https://www.thegioididong.com/laptop/hp-gaming-hyperx-omen-15-ga0092tx-i5-14450hx-d72d8pa,"Laptop HP Gaming HyperX Omen 15 ga0092TX - D72D8PA (i5 14450HX, 16GB, 512GB, RTX 5050 8GB, WUXGA 165Hz, Win11)"
327098,https://www.thegioididong.com/laptop/hp-15-fc0085au-r5-a6vv8pa,"Laptop HP 15 fc0085AU - A6VV8PA (R5 7430U, 16GB, 512GB, Full HD, Win11)"
339558,https://www.thegioididong.com/laptop/hp-elitebook-x-g1a-14-ai-r9-ai-hx-pro-375-b9fe4pt,"Laptop HP EliteBook X G1a 14 AI - B9FE4PT (R9 AI HX PRO 375, 32GB, 1TB, 2.8K OLED 120Hz, Cảm ứng, Win11 Pro)"
358081,https://www.thegioididong.com/laptop/hp-omnibook-7-16-az0040tu-core-9-270h-c2dr3pa,"Laptop HP OmniBook 7 16 az0040TU - C2DR3PA (Core 9 270H, 32GB, 512GB, WUXGA, OfficeH24+365, Win11)"
367019,https://www.thegioididong.com/laptop/lenovo-yoga-slim-7-oled-14iph11-ultra-7-355,"Laptop Lenovo Yoga Slim 7 OLED 14IPH11 - 83QM002FVN (Ultra 7 355, 32GB, 1TB, WUXGA OLED, OfficeH24+365, Win11)"
368225,https://www.thegioididong.com/laptop/hp-hyperx-omen-15-ga0091tx-i5-14450h-d72d7pa,"Laptop HP HyperX Omen 15 ga0091TX - D72D7PA (i5 14450HX, 16GB, 512GB, RTX 5060 8GB, WUXGA 165Hz, Win11)"
368213,https://www.thegioididong.com/laptop/lenovo-ideapad-slim-5-14iph11-ultra-7-355-83s5004fvn,"Laptop Lenovo IdeaPad Slim 5 14IPH11 - 83S5004FVN (Ultra 7 355, 16GB, 512GB, WUXGA OLED, Win11)"
331522,https://www.thegioididong.com/laptop/hp-elitebook-x360-830-g11-ultra-5-a7rb9pt,"Laptop HP Elitebook X360 830 G11 - A7RB9PT (Ultra 5 135U, 16GB, 512GB, WUXGA, Cảm ứng, Win11 Pro)"
370357,https://www.thegioididong.com/laptop/lenovo-yoga-slim-7-ultra-14iph11-ultra-7-355-83qk006gvn,"Laptop Lenovo Yoga Slim 7 Ultra 14IPH11 - 83QK006GVN (Ultra 7 355, 32GB, 1TB, WQXGA+ 120Hz, Cảm ứng, OfficeH24+365, Win11)"
363896,https://www.thegioididong.com/laptop/lenovo-thinkpad-x1-carbon-gen-13-ultra-5-226v-21ns010evn,"Laptop Lenovo ThinkPad X1 Carbon Gen 13 - 21NS010EVN (Ultra 5 226V, 16GB, 1TB, 2.8K OLED 120Hz, Win11Pro)"
341573,https://www.thegioididong.com/laptop/msi-stealth-a16-mercedes-amg-ai-a3xwgg-r9-ai-hx-370-032vn,"Laptop MSI Gaming Stealth A16 Mercedes AMG AI+ A3XWGG - 032VN (R9 AI HX 370, 32GB, 2TB, RTX 5070 8GB, QHD+ OLED 240Hz, Win11)"
367374,https://www.thegioididong.com/laptop/acer-aspire-lite-14-al14-45p-r7z3-r3-5400u-nx-dpesv-002,"Laptop Acer Aspire Lite 14 AL14-45P-R7Z3 - NX.DPESV.002 (R3 5400U, 8GB, 512GB, Full HD+, Win11)"
368301,https://www.thegioididong.com/laptop/asus-vivobook-14-x1407ca-ultra-5-225h-ly203w,"Laptop Asus Vivobook 14 X1407CA - LY203W (Ultra 5 225H, 16GB, 512GB, WUXGA, Win11)"
360418,https://www.thegioididong.com/laptop/asus-vivobook-15-x1504va-core-5-120u-bq185w,"Laptop Asus Vivobook 15 X1504VA - BQ185W (Core 5 120U, 16GB, 512GB, Full HD, Win11)"
368146,https://www.thegioididong.com/laptop/asus-vivobook-go-14-e1404fa-r5-40-eb1832w,"Laptop Asus Vivobook Go 14 E1404FA - EB1832W (R5 40, 8GB, 512GB, Full HD, Win11)"
370862,https://www.thegioididong.com/laptop/acer-aspire-lite-15-al15-410p-r1w8-ryzen-5-3500u-nx-x0rsv-001,"Laptop Acer Aspire Lite 15 AL15-410P-R1W8 - NX.X0RSV.001 (Ryzen 5 3500U, 8GB, 512GB, Full HD, Win11)"
369755,https://www.thegioididong.com/laptop/asus-gaming-v16-v3607vj-core-5-core-5-210h-tk189w,"Laptop Asus Gaming V16 V3607VJ Core 5 - TK189W (Core 5 210H, 16GB, 512GB, RTX 3050 6GB, WUXGA 144Hz, Win11)"
368302,https://www.thegioididong.com/laptop/asus-vivobook-go-14-e1404fa-r5-40-eb012w,"Laptop Asus Vivobook Go 14 E1404FA - EB012W (R5 40, 8GB, 512GB, Full HD, Win11)"
369450,https://www.thegioididong.com/laptop/asus-vivobook-16-x1607ca-ultra-5-225h-mb387w,"Laptop Asus Vivobook 16 X1607CA - MB387W (Ultra 5 225H, 16GB, 512GB, WUXGA, Win11)"
369758,https://www.thegioididong.com/laptop/asus-vivobook-go-15-x1504ma-core-3-304-bq893w,"Laptop Asus Vivobook 15 X1504MA - BQ893W (Core 3 304, 8GB, 512GB, Full HD, Win 11)"
369746,https://www.thegioididong.com/laptop/dell-14-dc14250-core-3-100u-dc14250-c3u085w11slu-2y,"Laptop Dell 14 DC14250 - DC14250-C3U085W11SLU-2Y (Core 3 100U, 8GB, 512GB, Full HD+, OfficeH24+365, Win11)"
364941,https://www.thegioididong.com/laptop/asus-vivobook-s14-m3407ha-r5-220-sf480w,"Laptop Asus Vivobook S14 M3407HA - SF480W (R5 220, 16GB, 512GB, WUXGA OLED, Win11)"
367892,https://www.thegioididong.com/laptop/asus-vivobook-14-x1404ma-core-5-320-eb219w,"Laptop Asus Vivobook 14 X1404MA - EB219W (Core 5 320, 8GB, 512GB, Full HD, Win11)"
368147,https://www.thegioididong.com/laptop/asus-vivobook-15-x1504ma-core-5-320-bq385w,"Laptop Asus Vivobook 15 X1504MA - BQ385W (Core 5 320, 16GB, 512GB, Full HD, Win11)"
369984,https://www.thegioididong.com/laptop/msi-cyborg-15-black-edition-a13veo-i7-13620h-2608vn,"Laptop MSI Cyborg 15 Black Edition A13VEO - 2608VN (i7 13620H, 16GB, 512GB, RTX 4050 6GB, Full HD 144Hz, Win11)"
364489,https://www.thegioididong.com/laptop/asus-tuf-gaming-f16-fx608jmi-i7-14650hx-tu241w,"Laptop Asus TUF Gaming F16 FX608JMI - TU241W (i7 14650HX, 16GB, 512GB, RTX 5060 8GB, Full HD+ 144Hz, Win11)"
364403,https://www.thegioididong.com/laptop/asus-zenbook-14-ux3405ca-ultra-7-255h-st629w,"Laptop Asus Zenbook 14 UX3405CA - ST629W (Ultra 7 255H, 32GB, 512GB, 3K OLED 120Hz, Win11)"
368658,https://www.thegioididong.com/laptop/acer-aspire-lite-15-al15-44p-r4uh-r7-7730u-nx-djvsv-002,"Laptop Acer Aspire Lite 15 AL15-44P-R4UH - NX.DJVSV.002 (R7 7730U, 16GB, 512GB, Full HD, Win11)"
367898,https://www.thegioididong.com/laptop/asus-vivobook-15-x1504ma-core-5-320-bq632w,"Laptop Asus Vivobook 15 X1504MA - BQ632W (Core 5 320, 8GB, 512GB, Full HD, Win11)"
363503,https://www.thegioididong.com/laptop/macbook-air-13-inch-m5-24gb-512gb,Laptop Macbook Air 13 inch M5 24GB/512GB 35W
368657,https://www.thegioididong.com/laptop/acer-aspire-lite-15-al15-53p-56ec-core-5-120u-nx-dg3sv-002-16g,"Laptop Acer Aspire Lite 15 AL15-53P-56EC - NX.DG3SV.002.16G (Core 5 120U, 16GB, 512GB, Full HD, Win11)"
369749,https://www.thegioididong.com/laptop/dell-pro-15-essential-pv15250-core-3-100u-pv15250-100u-8512w-2y,"Laptop Dell Pro 15 Essential PV15250 - PV15250-100U-8512W-2Y (Core 3 100U, 8GB, 512GB, Full HD, OfficeH24+365, Win11)"
363511,https://www.thegioididong.com/laptop/macbook-air-15-inch-m5-24gb-512gb-70w,Laptop MacBook Air 15 inch M5 24GB/512GB 70W
369983,https://www.thegioididong.com/laptop/msi-cyborg-15-c13weo-i5-13420h-418vn,"Laptop MSI Cyborg 15 C13WEO - 418VN (i5 13420H, 16GB, 512GB, RTX 5050 8GB, Full HD 144Hz, Win11)"
364409,https://www.thegioididong.com/laptop/asus-gaming-rog-strix-g16-g614ph-r9-8940hx-s5101w,"Laptop Asus Gaming ROG Strix G16 G614PH - S5101W (R9 8940HX, 16GB, 512GB, RTX 5050 8GB, WQXGA 240Hz, Win11)"
369464,https://www.thegioididong.com/laptop/asus-expertbook-p5-p5405csa-ultra-5-226v-nz1368w,"Laptop Asus ExpertBook P5 P5405CSA - NZ1368W (Ultra 5 226V, 16GB, 512GB, WQXGA 144Hz, Win11)"
369469,https://www.thegioididong.com/laptop/asus-vivobook-s-16-s3607va-core-5-210h-rp155w,"Laptop Asus Vivobook S 16 S3607VA - RP155W (Core 5 210H, 16GB, 512GB, Full HD+ 144Hz, Win11)"
363488,https://www.thegioididong.com/laptop/macbook-pro-14-inch-m5-pro-24gb-1tb,Laptop MacBook Pro 14 inch M5 Pro 24GB/1TB 70W
351616,https://www.thegioididong.com/laptop/asus-vivobook-s14-m3407ka-r5-ai-330-sf034ws,"Laptop Asus Vivobook S14 M3407KA - SF034WS (R5 AI 330, 16GB, 512GB, WUXGA OLED, OfficeH24+365, Win11)"
366826,https://www.thegioididong.com/laptop/asus-vivobook-14-x1407aa-ultra-5-325-ly360w,"Laptop ASUS Vivobook 14 X1407AA - LY360W (Ultra 5 325, 16GB, 512GB, WUXGA, Win11)"
358371,https://www.thegioididong.com/laptop/lenovo-gaming-loq-15irx10-i7-13650hx-83je00pevn,"Laptop Lenovo Gaming LOQ 15IRX10 - 83JE00PEVN (i7 13650HX, 16GB, 512GB, RTX 5050 8GB, Full HD 144Hz, Win11)"
369449,https://www.thegioididong.com/laptop/asus-vivobook-14-x1404ma-core-5-320-eb028w,"Laptop Asus Vivobook 14 X1404MA - EB028W (Core 5 320, 16GB, 512GB, Full HD, Win11)"
364416,https://www.thegioididong.com/laptop/asus-vivobook-s14-s3407ca-ultra-7-255h-sf923w,"Laptop Asus Vivobook S14 S3407CA - SF923W (Ultra 7 255H, 16GB, 512GB, WUXGA, Win11)"
368148,https://www.thegioididong.com/laptop/asus-vivobook-15-x1504ma-core-7-350-bq395w,"Laptop Asus Vivobook 15 X1504MA - BQ395W (Core 7 350, 16GB, 512GB, Full HD, Win11)"
369985,https://www.thegioididong.com/laptop/msi-cyborg-15-black-edition-a13veo-i5-13420h-2610vn,"Laptop MSI Cyborg 15 Black Edition A13VEO - 2610VN (i5 13420H, 16GB, 512GB, RTX 4050 6GB, Full HD 144Hz, Win11)"
371075,https://www.thegioididong.com/laptop/asus-gaming-v16-v3607vu-core-5-210h-tk416w,"Laptop Asus Gaming V16 V3607VU - TK416W (Core 5 210H, 16GB, 512GB, RTX 4050 6GB, WUXGA 144Hz, Win11)"
368300,https://www.thegioididong.com/laptop/asus-vivobook-s14-s3407va-core-7-240h-ly256w,"Laptop Asus Vivobook S14 S3407VA - LY256W (Core 7 240H, 16GB, 512GB, WUXGA OLED, Win11)"
369748,https://www.thegioididong.com/laptop/dell-15-dc15250-core-3-100u-dc5c3851w1-2y,"Laptop Dell 15 DC15250 - DC5C3851W1-2Y (Core 3 100U, 8GB, 512GB, Full HD 120Hz, OfficeH24+365, Win11)"
364490,https://www.thegioididong.com/laptop/asus-tuf-gaming-a16-fa608um-r7-260-rv266w,"Laptop Asus TUF Gaming A16 FA608UM - RV266W (R7 260, 16GB, 512GB, RTX5060 8GB, Full HD+ 165Hz, Win11)"
365309,https://www.thegioididong.com/laptop/dell-14-dc14250-core-7-150u-dc14250-c7u161w11slu-27,"Laptop Dell 14 DC14250 - DC14250-C7U161W11SLU-27 (Core 7 150U, 16GB, 1TB, Full HD+, OfficeHS24+365, Win11)"
367899,https://www.thegioididong.com/laptop/asus-vivobook-15-x1504ma-core-7-350-bq633w,"Laptop Asus Vivobook 15 X1504MA - BQ633W (Core 7 350, 8GB, 512GB, Full HD, Win11)"
369463,https://www.thegioididong.com/laptop/asus-expertbook-p5-p5405csa-ultra-7-258v-nz1371w,"Laptop Asus ExpertBook P5 P5405CSA - NZ1371W (Ultra 7 258V, 32GB, 512GB, WQXGA 144Hz, Win11)"
367862,https://www.thegioididong.com/laptop/gigabyte-gaming-a16-r7-260-a16-3thk3vn893sh,"Laptop GIGABYTE Gaming A16 - 3THK3VN893SH (R7 260, 16GB, 512GB, RTX 5050 8GB, Full HD+ 165Hz, Win11)"
367864,https://www.thegioididong.com/laptop/gigabyte-gaming-aero-x16-r7-ai-350-aero-x16-1vh93vnc94ah,"Laptop GIGABYTE Gaming AERO X16 - 1VH93VNC94AH (R7 AI 350, 16GB, 1TB, RTX 5060 8GB, WQXGA 165Hz, Win11)"
367347,https://www.thegioididong.com/laptop/dell-pro-14-pc14250-ultra-5-235u-pc14250-235u-16512wp-2y,"Laptop Dell Pro 14 PC14250 - PC14250-235U-16512WP-2Y (Ultra 5 235U, 16GB, 512GB, Full HD+, Win11Pro)"
362022,https://www.thegioididong.com/laptop/dell-16-plus-db16250-ultra-5-226v-db6u5387w1,"Laptop Dell 16 Plus DB16250 - DB6U5387W1 (Ultra 5 226V, 16GB, 1TB, WQXGA, OfficeH24+365, Win11)"
365307,https://www.thegioididong.com/laptop/dell-16-dc16250-core-5-120u-71092481,"Laptop Dell 16 DC16250 - 71092481 (Core 5 120U, 16GB, 1TB, Full HD+, OfficeHS24+365, Win11)"
367682,https://www.thegioididong.com/laptop/lenovo-ideapad-slim-3-16iph11-ultra-5-322-83us002tvn,"Laptop Lenovo IdeaPad Slim 3 16IPH11 - 83US002TVN (Ultra 5 322, 24GB, 512GB, WUXGA, Win11)"
369467,https://www.thegioididong.com/laptop/asus-expertbook-ultra-p5-p5406cca-ultra-5-225h-sf0045w,"Laptop Asus ExpertBook P5 P5406CCA - SF0045W (Ultra 5 225H, 16GB, 512GB, WUXGA, Win11)"
370280,https://www.thegioididong.com/laptop/acer-gaming-nitro-propanel-anv15-52-78md-core-7-240h-nh-qz9sv-007,"Laptop Acer Gaming Nitro ProPanel ANV15-52-78MD - NH.QZ9SV.007 (Core 7 240H, 16GB, 512GB, RTX 5050 8GB, Full HD 180Hz, Win11)"
371299,https://www.thegioididong.com/laptop/asus-vivobook-16-x1607ca-ultra-7-255h-mb399w,"Laptop Asus Vivobook 16 X1607CA - MB399W (Ultra 7 255H, 16GB, 512GB, WUXGA, Win11)"
370863,https://www.thegioididong.com/laptop/acer-aspire-lite-14-al14-47p-r0tr-ryzen-5-3500u-nx-x0psv-002,"Laptop Acer Aspire Lite 14 AL14-47P-R0TR - NX.X0PSV.002 (Ryzen 5 3500U, 8GB, 512GB, Full HD, Win11)"
345504,https://www.thegioididong.com/laptop/hp-probook-4-g1i-16-ultra-7-255h-bq5e4pt,"Laptop HP Probook 4 G1i 16 - BQ5E4PT (Ultra 7 255H, 16GB, 512GB, WUXGA, Win11)"
363894,https://www.thegioididong.com/laptop/lenovo-thinkpad-e16-gen-3-ultra-7-258v-22ay003uvn,"Laptop Lenovo ThinkPad E16 Gen 3 - 22AY003UVN (Ultra 7 258V, 32GB, 1TB, WUXGA, Win11)"
365113,https://www.thegioididong.com/laptop/asus-tuf-gaming-fx608jhi-i7-14650hx-tu209w,"Laptop Asus TUF Gaming FX608JHI - TU209W (i7 14650HX, 16GB, 512GB, RTX5050 8GB, Full HD+ 144Hz, Win11)"
363513,https://www.thegioididong.com/laptop/macbook-air-15-inch-m5-32gb-512gb,Laptop MacBook Air 15 inch M5 32GB/512GB
367863,https://www.thegioididong.com/laptop/gigabyte-gaming-a16-r7-260-a16-3vhk3vn893sh,"Laptop GIGABYTE Gaming A16 - 3VHK3VN893SH (R7 260, 16GB, 512GB, RTX 5060 8GB, Full HD+ 165Hz, Win11)"
368219,https://www.thegioididong.com/laptop/lenovo-v14-g5-core7-240h-83hd0035vn,"Laptop Lenovo V14 G5 - 83HD0035VN (Core7 240H, 16G, 512GB, Full HD, Win11)"
369213,https://www.thegioididong.com/laptop/msi-gaming-cyborg-15-c13weo-417vn-i7-13620h,"Laptop MSI Gaming Cyborg 15 C13WEO-417VN (i7 13620H, 16GB, 512GB, RTX 5050 8GB, Full HD 144Hz, Win11)"
370349,https://www.thegioididong.com/laptop/lenovo-ideapad-slim-3-16iph11-ultra-5-322-83us0040vn,"Laptop Lenovo IdeaPad Slim 3 16IPH11 - 83US0040VN (Ultra 5 322, 16GB, 512GB, WUXGA, Win11)"
370356,https://www.thegioididong.com/laptop/lenovo-yoga-slim-7-ultra-14iph11-ultra-7-355-83qk0015vn,"Laptop Lenovo Yoga Slim 7 Ultra 14IPH11 - 83QK0015VN (Ultra 7 355, 32GB, 1TB, WQXGA+ 120Hz, Cảm ứng, OfficeH24+365, Win11)"
370866,https://www.thegioididong.com/laptop/acer-aspire-go-14-ai-ag14-i71m-977m-ultra-9-185h-nx-w26sv-001,"Laptop Acer Aspire Go 14 AI AG14-I71M-977M - NX.W26SV.001 (Ultra 9 185H, 16GB, 512GB, Full HD+, Win11)"
364408,https://www.thegioididong.com/laptop/asus-tuf-gaming-a14-fa401gm-r9-ai-465-rg013w,"Laptop Asus TUF Gaming A14 FA401GM - RG013W (R9 AI 465, 32GB, 1TB, RTX 5060 8GB, WQXGA 165Hz, Win11)"
365617,https://www.thegioididong.com/laptop/hp-elitebook-6-g1a-14-r7-ai-350-c0ce2pt,"Laptop HP EliteBook 6 G1a 14 - C0CE2PT (R7 AI 350, 16GB, 512GB, WUXGA, Cảm ứng, Win11)"
361539,https://www.thegioididong.com/laptop/dell-16-plus-db16250-ultra-9-288v-x65nw9,"Laptop Dell 16 Plus DB16250 - X65NW9 (Ultra 9 288V, 32GB, 2TB, QHD+ 120Hz, OfficeH24+365, Win11)"
363899,https://www.thegioididong.com/laptop/lenovo-thinkpad-x1-carbon-gen-13-ultra-7-256v-21ns010fvn,"Laptop Lenovo ThinkPad X1 Carbon Gen 13 - 21NS010FVN (Ultra 7 256V, 16GB, 512GB, 2.8K OLED 120Hz, Win11Pro)"
364389,https://www.thegioididong.com/laptop/asus-gaming-rog-flow-z13-gz302eac-ai-max-395-ru184ws,"Laptop Asus Gaming ROG Flow Z13 GZ302EAC - RU184WS (AI MAX+ 395, 128GB, 1TB, WQXGA 180Hz, Cảm ứng, OfficeH24+365, Win11)"
364488,https://www.thegioididong.com/laptop/asus-tuf-gaming-a16-fa608pp-r9-8940hx-rv089w,"Laptop Asus TUF Gaming A16 FA608PP - RV089W (R9 8940HX, 16GB, 512GB, RTX5070 8GB, WUXGA 165Hz, Win11)"
365302,https://www.thegioididong.com/laptop/dell-14-dc14255-r7-350-71092477,"Laptop Dell 14 DC14255 - 71092477 (R7 350, 16GB, 1TB, Full HD+, OfficeHS24+365B, Win11)"
366068,https://www.thegioididong.com/laptop/asus-gaming-rog-zephyrus-ga403gm-r9-ai-465-sy004w,"Laptop Asus Gaming ROG Zephyrus GA403GM - SY004W (R9 AI 465, 32GB, 1TB, RTX 5060 8GB, 3K OLED 120Hz, Win11)"
366827,https://www.thegioididong.com/laptop/asus-vivobook-s14-s3407aa-ultra-5-325-sf945w,"Laptop Asus Vivobook S14 S3407AA - SF945W (Ultra 5 325, 16GB, 512GB, WUXGA OLED, Win11)"
367015,https://www.thegioididong.com/laptop/lenovo-gaming-legion-5-15iph11-ultra-7-356h-83rw0023vn,"Laptop Lenovo Gaming Legion 5 15IPH11 - 83RW0023VN (Ultra 7 356H, 16GB, 512GB, RTX 5060 8GB, WQXGA OLED 165Hz, OfficeH24, Win11)"
367348,https://www.thegioididong.com/laptop/dell-pro-14-pc14250-ultra-7-255u-pc14250-255u-32512wh-2y,"Laptop Dell Pro 14 PC14250 - PC14250-255U-32512WH-2Y (Ultra 7 255U, 32GB, 512GB, Full HD+, Win11)"
368149,https://www.thegioididong.com/laptop/asus-gaming-rog-strix-g16-g614pm-r9-8940hx-ts147w,"Laptop Asus Gaming ROG Strix G16 G614PM - TS147W (R9 8940HX, 16GB, 512GB, RTX 5060 8GB, WQXGA 300Hz, Win11)"
368150,https://www.thegioididong.com/laptop/asus-gaming-rog-strix-g16-g614pr-r9-8940hx-ts103w,"Laptop Asus Gaming ROG Strix G16 G614PR - TS103W (R9 8940HX, 16GB, 512GB, RTX 5070Ti 12GB, WQXGA 300Hz, Win11)"
368212,https://www.thegioididong.com/laptop/lenovo-thinkpad-x9-14-gen-1-ultra-7-258v-21qa006jvn,"Laptop Lenovo ThinkPad X9 14 Gen 1 - 21QA006JVN (Ultra 7 258V, 32GB, 512GB, WUXGA OLED, Win11Pro)"
368216,https://www.thegioididong.com/laptop/lenovo-yoga-7-2in1-14iph11-ultra-7-355-83tc002mvn,"Laptop Lenovo Yoga 7 2in1 14IPH11 - 83TC002MVN (Ultra 7 355, 32GB, 512GB, WUXGA OLED, Cảm ứng, OfficeH24+365, Win11)"
368651,https://www.thegioididong.com/laptop/acer-gaming-nitro-propanel-anv16s-71-58wq-core-5-210h-nh-qxbsv-001,"Laptop Acer Gaming Nitro ProPanel ANV16S-71-58WQ - NH.QXBSV.001 (Core 5 210H, 16GB, 512GB, RTX 5050 8GB, 2K+ 180Hz, Win11)"
369461,https://www.thegioididong.com/laptop/asus-expertbook-ultra-b9-b9406caa-x7321tw-ultra-x7-358h-32gb-1tb-wqxga-oled-120hz-win11,"Laptop Asus ExpertBook Ultra B9 B9406CAA - X7321TW (Ultra X7 358H, 32GB, 1TB, WQXGA+ OLED 120Hz, Win11)"
369979,https://www.thegioididong.com/laptop/acer-swift-go-ai-sfg14-75-5264-ultra-5-226v-nxjnbsv001,"Laptop Acer Swift Go AI SFG14-75-5264 - NX.JNBSV.001 (Ultra 5 226V, 16GB, 512GB, Full HD, Win11)"
369980,https://www.thegioididong.com/laptop/acer-nitro-propanel-anv16-72-782f-core-7-240h-nhqupsv001,"Laptop Acer Nitro ProPanel ANV16-72-782F - NH.QUPSV.001 (Core 7 240H, 16GB, 512GB, RTX 5050 8GB, Full HD+ 180 Hz, Win11)"
370352,https://www.thegioididong.com/laptop/lenovo-thinkpad-e14-gen-7-core-7-240h-21t90025vn,"Laptop Lenovo ThinkPad E14 - 21T90025VN (Gen 7 Core 7 240H, 16GB, 512GB, WUXGA, Win11)"
370355,https://www.thegioididong.com/laptop/lenovo-yoga-slim-7-14iph11-ultra-7-355-83qm0076vn,"Laptop Lenovo Yoga Slim 7 14IPH11 - 83QM0076VN (Ultra 7 355, 16GB, 512GB, WUXGA, OfficeH24+365, Win11)"
332274,https://www.thegioididong.com/laptop/hp-omen-14-fb0135tx-ultra-7-ay8v1pa,"Laptop HP Gaming OMEN 14 fb0135TX - AY8V1PA (Ultra 7 155H, 16GB, 1TB, RTX 4060 8GB, 2.8K OLED 120Hz, Win11)"
335963,https://www.thegioididong.com/laptop/acer-predator-helios-18-ai-ph18-73-98aq-ultra-9-nhqvwsv001,"Laptop Acer Gaming Predator Helios 18 AI PH18 73 98AQ - NH.QVWSV.001 (Ultra 9 275HX, 192GB, 6TB, RTX 5090 24GB, 4K 120Hz, Win11 Pro)"
335964,https://www.thegioididong.com/laptop/acer-predator-helios-18-ai-ph18-73-93p0-ultra-9-nhqvysv001,"Laptop Acer Gaming Predator Helios 18 AI PH18 73 93P0 - NH.QVYSV.001 (Ultra 9 275HX, 64GB, 3TB, RTX 5080 12GB, 2.5K 250Hz, Win11 Pro)"
342527,https://www.thegioididong.com/laptop/lenovo-gaming-legion-5-15ahp10-r7-260-83m0002yvn,"Laptop Lenovo Gaming Legion 5 15AHP10 - 83M0002YVN (R7 260, 16GB, 512GB, RTX 5050 8GB, WQXGA OLED 165Hz, Win11)"
361537,https://www.thegioididong.com/laptop/dell-inspiron-14-5441-x1-26-100-71069158,"Laptop Dell Inspiron 14 5441 - 71069158 (X1 26 100, 16GB, 512GB, Full HD+, OfficeH24+365, Win11)"
363895,https://www.thegioididong.com/laptop/lenovo-thinkpad-x1-carbon-gen-13-ultra-5-226v-21ns0107vn,"Laptop Lenovo ThinkPad X1 Carbon Gen 13 - 21NS0107VN (Ultra 5 226V, 16GB, 512GB, 2.8K OLED 120Hz, Win11Pro)"
364868,https://www.thegioididong.com/laptop/msi-prestige-14-flip-ai-d3mtg-u9-386h-021vn,"Laptop MSI Prestige 14 Flip AI+ D3MTG - 021VN (U9 386H, 32GB, 1TB, Full HD+ OLED, Cảm ứng, Win11)"
365615,https://www.thegioididong.com/laptop/hp-elitebook-6-g1a-14-r5-ai-340-c0cf2pt,"Laptop HP EliteBook 6 G1a 14 - C0CF2PT (R5 AI 340, 16GB, 512GB, WUXGA, Cảm ứng, Win11)"
365619,https://www.thegioididong.com/laptop/hp-elitebook-8-g1a-14-r5-ai-pro-340-c0ce3pt,"Laptop HP EliteBook 8 G1a 14 - C0CE3PT (R5 AI PRO 340, 32GB, 512GB, WUXGA, Cảm ứng, Win11 Pro)"
365621,https://www.thegioididong.com/laptop/hp-elitebook-8-g1a-14-ai-350-c0ce5pt,"Laptop HP EliteBook 8 G1a 14 - C0CE5PT (R7 AI PRO 350, 32GB, 512GB, WUXGA, Cảm ứng, Win11)"
366066,https://www.thegioididong.com/laptop/asus-tuf-gaming-fa401ea-ryzen-ai-max-392-rg034w,"Laptop Asus TUF Gaming FA401EA - RG034W (RYZEN AI MAX+ 392, 64GB, 1TB, WQXGA 165Hz, Win11)"
366091,https://www.thegioididong.com/laptop/acer-gaming-predator-helios-neo-16-phn16-i31-50h7-i5-14450hx-nh-u4ssv-001,"Laptop Acer Gaming Predator Helios Neo 16 PHN16-I31-50H7 - NH.U4SSV.001 (i5 14450HX, 32GB, 512GB, RTX 5050 8GB, Full HD+ 180Hz, Win11)"
366092,https://www.thegioididong.com/laptop/acer-gaming-predator-helios-neo-16-phn16-i31-72xe-i7-14650hx-nh-u4rsv-001,"Laptop Acer Gaming Predator Helios Neo 16 PHN16-I31-72XE - NH.U4RSV.001 (i7 14650HX, 32GB, 512GB, RTX5060 8GB, 2K+ 180Hz, Win11)"
366093,https://www.thegioididong.com/laptop/acer-gaming-predator-helios-neo-16-phn16-i31-74mn-i7-14650hx-nh-u4ssv-002,"Laptop Acer Gaming Predator Helios Neo 16 PHN16-I31-74MN - NH.U4SSV.002 (i7 14650HX, 32GB, 512GB, RTX 5050 8GB, Full HD+ 180Hz, Win11)"
366744,https://www.thegioididong.com/laptop/lenovo-gaming-legion-5-15ahp11-r7-250-83q7001jvn,"Laptop Lenovo Gaming Legion 5 15AHP11 - 83Q7001JVN (R7 250, 16GB, 512GB, RTX 5060 8GB, WQXGA OLED 165Hz, OfficeH24, Win11)"
367686,https://www.thegioididong.com/laptop/lenovo-gaming-loq-15iph11-ultra-7-356h-83sl000lvn,"Laptop Lenovo Gaming LOQ 15IPH11 - 83SL000LVN (Ultra 7 356H, 16GB, 512GB, RTX 5060 8GB, WUXGA 165Hz, Win11)"
367865,https://www.thegioididong.com/laptop/msi-gaming-raider-16-max-hx-b2wi-ultra-9-290hx-plus-095vn,"Laptop MSI Gaming Raider 16 MAX HX B2WI - 095VN (Ultra 9 290HX Plus, 64GB, 2TB, RTX 5080 16GB, QHD+ OLED 240Hz, Win11)"
367887,https://www.thegioididong.com/laptop/asus-tuf-gaming-f16-fx608jhi-i5-14450hx-tu210w,"Laptop Asus TUF Gaming F16 FX608JHI - TU210W (i5 14450HX, 16GB, 512GB,RTX 5050 8GB, WUXGA 144Hz, Win11)"
367888,https://www.thegioididong.com/laptop/asus-zenbook-s-16-um5606ga-r9-ai-465-ss441w,"Laptop Asus Zenbook S 16 UM5606GA - SS441W (R9 AI 465, 16GB, 512GB, 3K OLED 120Hz, Win11)"
367889,https://www.thegioididong.com/laptop/asus-gaming-rog-zephyrus-g14-gu405aw-ultra-9-386h-sy029w,"Laptop Asus Gaming ROG Zephyrus G14 GU405AW - SY029W (Ultra 9 386H, 32GB, 1TB, RTX 5080 16GB, 3K OLED 120Hz, Win11)"
367890,https://www.thegioididong.com/laptop/asus-zenbook-a14-ux3407na-x2e-88-100-qd132ws,"Laptop Asus Zenbook A14 UX3407NA - QD132WS (X2E 88 100, 16GB, 512GB, WUXGA OLED, OfficeH24+365, Win11)"
367891,https://www.thegioididong.com/laptop/asus-zenbook-a14-ux3407na-x2e-88-100-qd254w,"Laptop Asus Zenbook A14 UX3407NA - QD254W (X2E 88 100, 32GB, 1TB, WUXGA OLED, Win11)"
367897,https://www.thegioididong.com/laptop/asus-zenbook-duo-ux8407aa-ultra-x7-358h-sn439ws,"Laptop Asus Zenbook DUO UX8407AA - SN439WS (Ultra X7 358H, 32GB, 512GB, 3K OLED 144Hz, Cảm ứng, OfficeH24+365, Win11)"
368214,https://www.thegioididong.com/laptop/lenovo-ideapad-slim-3-16iph11-ultra-7-355-83us003yvn,"Laptop Lenovo IdeaPad Slim 3 16IPH11 - 83US003YVN (Ultra 7 355, 16GB, 512GB, WUXGA, Win11)"
368650,https://www.thegioididong.com/laptop/acer-gaming-nitro-propanel-anv16s-61-r0b8-ryzen-ai-5-340-nh-qxqsv-001,"Laptop Acer Gaming Nitro ProPanel ANV16S-61-R0B8 - NH.QXQSV.001 (Ryzen AI 5 340, 16GB, 512GB, RTX 5050 8GB, Full HD 180Hz, Win11)"
368653,https://www.thegioididong.com/laptop/acer-gaming-predator-helios-neo-16s-phn16s-i51-97t9-ultra-9-386h,"Laptop Acer Gaming Predator Helios Neo 16S PHN16S-I51-97T9 - NH.U3SSV.006 (Ultra 9 386H, 16GB, 512GB, RTX 5070 8GB, 2K+ 165Hz, Win11)"
368659,https://www.thegioididong.com/laptop/acer-gaming-nitro-propanel-an16s-61-r9cn-ryzen-ai-7-350-nh-qxgsv-001,"Laptop Acer Gaming Nitro ProPanel AN16S-61-R9CN - NH.QXGSV.001 (Ryzen AI 7 350, 16GB, 512GB, RTX 5070 8GB, 2K+ 180Hz, Win11)"
369460,https://www.thegioididong.com/laptop/asus-zenbook-14-um3406ga-r7-ai-445-qd075w,"Laptop Asus Zenbook 14 UM3406GA - QD075W (R7 AI 445, 16GB, 512GB, WUXGA OLED, Win11)"
369462,https://www.thegioididong.com/laptop/asus-expertbook-ultra-b9-b9406caa-ultra-x7-358h-x7642tw,"Laptop Asus ExpertBook Ultra B9 B9406CAA - X7642TW (Ultra X7 358H, 64GB, 2TB, WQXGA+ OLED 120Hz, Win11)"
369465,https://www.thegioididong.com/laptop/asus-expertbook-ultra-p5-p5406cca-ultra-7-255h-sf0047w,"Laptop Asus ExpertBook P5 P5406CCA - SF0047W (Ultra 7 255H, 16GB, 512GB, WUXGA, Win11)"
369466,https://www.thegioididong.com/laptop/asus-expertbook-ultra-p5-p5406cca-ultra-7-255-sf0241w,"Laptop Asus ExpertBook P5 P5406CCA - SF0241W (Ultra 7 255H, 16GB, 512GB, WUXGA, Win11)"
369476,https://www.thegioididong.com/laptop/lenovo-gaming-legion-5-15ahp11-r7-250-83q7001hvn,"Laptop Lenovo Gaming Legion 5 15AHP11 - 83Q7001HVN (R7 250, 16GB, 512GB, RTX 5050 8GB, WQXGA OLED 165Hz, OfficeH24, Win11)"
369482,https://www.thegioididong.com/laptop/dell-16-dc16250-core-5-120u-71100513,"Laptop Dell 16 DC16250 - 71100513 (Core 5 120U, 16GB, 1TB, Full HD+, OfficeH24+365B, Win11)"
369751,https://www.thegioididong.com/laptop/msi-modern-14s-g3mg-003vn-core-5-320,"Laptop MSI Modern 14S G3MG-003VN (Core 5 320, 16GB, 1TB, Full HD+ 120Hz, Win11)"
369756,https://www.thegioididong.com/laptop/asus-proart-p1-h7606wp-r9-ai-hx-370-sr335w,"Laptop Asus ProArt P1 H7606WP - SR335W (R9 AI HX 370, 64GB, 2TB, RTX 5070 8GB, 3K 120Hz, Cảm ứng, Win11)"
369981,https://www.thegioididong.com/laptop/acer-nitro-propanel-an16s-61-r7zj-r7-ai-350-nhqxfsv002,"Laptop Acer Nitro ProPanel AN16S-61-R7ZJ - NH.QXFSV.002 (R7 AI 350, 16GB, 512GB, RTX 5060 8GB, 2K, Win11)"
369982,https://www.thegioididong.com/laptop/acer-nitro-propanel-anv16s-61-r7kq-r5-ai-340-nhqxpsv001,"Laptop Acer Nitro ProPanel ANV16S-61-R7KQ - NH.QXPSV.001 (R5 AI 340, 16GB, 512GB, RTX 5060 8GB, Full HD 180Hz, Win11)"
370278,https://www.thegioididong.com/laptop/acer-swift-go-ai-sfg14-75-765m-ultra-7-258v-nx-jnbsv-004,"Laptop Acer Swift Go AI SFG14-75-765M - NX.JNBSV.004 (Ultra 7 258V, 32GB, 512GB, Full HD+, Win11)"
370279,https://www.thegioididong.com/laptop/acer-gaming-nitro-propanel-anv15-52-556l-core-5-210h-nh-qz9sv-006,"Laptop Acer Gaming Nitro ProPanel ANV15-52-556L - NH.QZ9SV.006 (Core 5 210H, 16GB, 512GB, RTX 5050 8GB, Full HD 180Hz, Win11)"
370353,https://www.thegioididong.com/laptop/lenovo-thinkpad-e14-gen-7-ultra-255h-21sx002yvn,"Laptop Lenovo ThinkPad E14 - 21SX002YVN (Gen 7 Ultra 255H, 16GB, 512GB, WUXGA, Win11)"
370354,https://www.thegioididong.com/laptop/lenovo-yoga-slim-7-14iph11-ultra-7-355-83qm0075vn,"Laptop Lenovo Yoga Slim 7 14IPH11 - 83QM0075VN (Ultra 7 355, 16GB, 512GB, WUXGA, OfficeH24+365, Win11)"
370358,https://www.thegioididong.com/laptop/lenovo-yoga-slim-7-ultra-14iph11-ultra-x9-378h-83qk009pvn,"Laptop Lenovo Yoga Slim 7 Ultra 14IPH11 - 83QK009PVN (Ultra X9 378H, 32GB, 1TB, WQXGA+ 120Hz, OfficeH24+365, Win11)"
370582,https://www.thegioididong.com/laptop/msi-cyborg-15-max-c13we-422vn-i7-13620h,"Laptop MSI Cyborg 15 Max C13WE - 422VN (i7 13620H, 16GB, 512GB, RTX 5050 8GB, Full HD 144Hz, Win11)"
370583,https://www.thegioididong.com/laptop/msi-cyborg-15-max-c13wf-421vn-i7-13620h,"Laptop MSI Cyborg 15 Max C13WF - 421VN (i7 13620H, 16GB, 512GB, RTX 5060 8GB, Full HD 144Hz, Win11)"
370864,https://www.thegioididong.com/laptop/acer-swift-air-14-sfa14-i31-52bv-core-5-320-nx-w49sv-002,"Laptop Acer Swift Air 14 SFA14-I31-52BV - NX.W49SV.002 (Core 5 320, 12GB, 512GB, Full HD 120Hz, Win11)"
370865,https://www.thegioididong.com/laptop/acer-swift-air-14-sfa14-i31-34nf-core-3-304-nx-w49sv-001,"Laptop Acer Swift Air 14 SFA14-I31-34NF - NX.W49SV.001 (Core 3 304, 12GB, 512GB, WUXGA 120Hz, Win11)"
370910,https://www.thegioididong.com/laptop/asus-expertbook-p3-p3406ccap-ultra-7-255h-u716s8w,"Laptop Asus ExpertBook P3 P3406CCAP - U716S8W (Ultra 7 255H, 16GB, 512GB, WUXGA, Win11)"
371123,https://www.thegioididong.com/laptop/hp-15-fd2183tu-ultra-7-255u-dp2c0pa,"Laptop HP 15 fd2183TU - DP2C0PA (Ultra 7 255U, 16GB, 512GB, WUXGA, Win11)"
371124,https://www.thegioididong.com/laptop/hp-probook-4-g1a-14-r7-250-d9cp7at,"Laptop HP ProBook 4 G1a 14 - D9CP7AT (R7 250, 16GB, 512GB, WUXGA, Win11)"
371125,https://www.thegioididong.com/laptop/hp-probook-4-g1ah-16-r7-250-d9cp8at,"Laptop HP Probook 4 G1ah 16 - D9CP8AT (R7 250, 16GB, 512GB, WUXGA, Win11)"
371127,https://www.thegioididong.com/laptop/hp-probook-4-g2i-16-ultra-7-355-dk2y5at,"Laptop HP ProBook 4 G2i 16 - DK2Y5AT (Ultra 7 355, 16GB, 512GB, WUXGA, Win11)"
371128,https://www.thegioididong.com/laptop/hp-omnibook-ultra-14-kd0039tu-ultra-7-356h-d72c7pa,"Laptop HP OmniBook Ultra 14 kd0039TU - D72C7PA (Ultra 7 356H, 32GB, 1TB, 3K OLED 120Hz, Cảm ứng, OfficeH24+365, Win11)"
371129,https://www.thegioididong.com/laptop/hp-omnibook-ultra-14-kd0036tu-ultra-9-386h-d72c6pa,"Laptop HP OmniBook Ultra 14 kd0036TU - D72C6PA (Ultra 9 386H, 32GB, 1TB, 3K OLED 120Hz, Cảm ứng, OfficeH24+365, Win11)"
371130,https://www.thegioididong.com/laptop/hp-omnibook-5-14-hh0075tu-ultra-5-322-d72ctpa,"Laptop HP OmniBook 5 14 hh0075TU - D72CTPA (Ultra 5 322, 16GB, 512GB, WUXGA, OfficeH24+365, Win11)"
371132,https://www.thegioididong.com/laptop/hp-omnibook-5-14-hh0074tu-ultra-5-322-d72cspa,"Laptop HP OmniBook 5 14 hh0074TU - D72CSPA (Ultra 5 322, 16GB, 512GB, WUXGA, Cảm ứng, OfficeH24+365, Win11)"
371133,https://www.thegioididong.com/laptop/hp-omnibook-5-14-hh0073tu-ultra-7-355-d72crpa,"Laptop HP OmniBook 5 14 hh0073TU - D72CRPA (Ultra 7 355, 16GB, 512GB, WUXGA, OfficeH24+365, Win11)"
371134,https://www.thegioididong.com/laptop/hp-omnibook-5-14-hh0072tu-ultra-7-355-d72cqpa,"Laptop HP OmniBook 5 14 hh0072TU - D72CQPA (Ultra 7 355, 16GB, 512GB, WUXGA, Cảm ứng, OfficeH24+365, Win11)"
371135,https://www.thegioididong.com/laptop/hp-omnibook-x-flip-14-kb0048tu-ultra-7-355-d72bypa,"Laptop HP OmniBook X Flip 14 kb0048TU - D72BYPA (Ultra 7 355, 32GB, 512GB, WUXGA, Cảm ứng, OfficeH24+365, Win11)"
371137,https://www.thegioididong.com/laptop/hp-probook-4-g2i-16-ultra-5-325-dk2x9at,"Laptop HP ProBook 4 G2i 16 - DK2X9AT (Ultra 5 325, 16GB, 512GB, WUXGA, Win11)"
371296,https://www.thegioididong.com/laptop/asus-tuf-gaming-a15-fa506ncg-r7-155-hn390w,"Laptop Asus TUF Gaming A15 FA506NCG - HN390W (R7 155, 16GB, 512GB, RTX 3050 4GB, Full HD 144Hz, Win11)"
335308,https://www.thegioididong.com/may-tinh-bang/ipad-11-wifi-128gb,Máy tính bảng iPad A16 WiFi 128GB
363417,https://www.thegioididong.com/may-tinh-bang/ipad-air-m4-11-inch-wifi-128gb,Máy tính bảng iPad Air M4 11 inch WiFi 128GB
361231,https://www.thegioididong.com/may-tinh-bang/oppo-pad-5-8gb-256gb?utm_flashsale=1,Máy tính bảng OPPO Pad 5 8GB/256GB
362716,https://www.thegioididong.com/may-tinh-bang/xiaomi-pad-8-8gb-128gb,Máy tính bảng Xiaomi Pad 8 8GB/128GB
359089,https://www.thegioididong.com/may-tinh-bang/samsung-galaxy-tab-a11-plus-5g-6gb-128gb,Máy tính bảng Samsung Galaxy Tab A11+ 5G 6GB/128GB
359086,https://www.thegioididong.com/may-tinh-bang/samsung-galaxy-tab-a11-plus-wifi-6gb-128gb,Máy tính bảng Samsung Galaxy Tab A11+ WiFi 6GB/128GB
362718,https://www.thegioididong.com/may-tinh-bang/xiaomi-pad-8-pro-8gb-128gb,Máy tính bảng Xiaomi Pad 8 Pro 8GB/128GB
339287,https://www.thegioididong.com/may-tinh-bang/oppo-pad-se-matte-display-edition,Máy tính bảng OPPO Pad SE WiFi màn hình nhám 4GB/128GB
331229,https://www.thegioididong.com/may-tinh-bang/ipad-mini-7-wifi,Máy tính bảng iPad mini 7 WiFi 128GB
358082,https://www.thegioididong.com/may-tinh-bang/ipad-pro-m5-11-inch-wifi-256gb,Máy tính bảng iPad Pro M5 11 inch WiFi 256GB
320992,https://www.thegioididong.com/may-tinh-bang/oppo-pad-neo,Máy tính bảng OPPO Pad Neo 4G 8GB/128GB
343061,https://www.thegioididong.com/may-tinh-bang/samsung-galaxy-tab-s10-lite-5g-6gb-128gb,Máy tính bảng Samsung Galaxy Tab S10 Lite 5G 6GB/128GB
345548,https://www.thegioididong.com/may-tinh-bang/samsung-galaxy-tab-a11-4g-4gb-64gb,Máy tính bảng Samsung Galaxy Tab A11 4G 4GB/64GB
345544,https://www.thegioididong.com/may-tinh-bang/honor-pad-x7-wifi-4gb-64gb?utm_flashsale=1,Máy tính bảng HONOR Pad X7 WiFi 4GB/64GB
344721,https://www.thegioididong.com/may-tinh-bang/samsung-galaxy-tab-s11-5g-12gb-128gb,Máy tính bảng Samsung Galaxy Tab S11 5G 12GB/128GB
342548,https://www.thegioididong.com/may-tinh-bang/lenovo-idea-tab-5g-8gb-128gb,Máy tính bảng Lenovo Idea Tab 5G 8GB/128GB
339204,https://www.thegioididong.com/may-tinh-bang/xiaomi-redmi-pad-2-wifi-4gb-128gb?utm_flashsale=1,Máy tính bảng Xiaomi Redmi Pad 2 WiFi 4GB/128GB
335311,https://www.thegioididong.com/may-tinh-bang/ipad-11-5g-128gb,Máy tính bảng iPad A16 5G 128GB
356854,https://www.thegioididong.com/may-tinh-bang/xiaomi-redmi-pad-2-pro-6gb-128gb,Máy tính bảng Xiaomi Redmi Pad 2 Pro WiFi 6GB/128GB
333917,https://www.thegioididong.com/may-tinh-bang/oppo-pad-3,Máy tính bảng OPPO Pad 3 8GB/256GB
336740,https://www.thegioididong.com/may-tinh-bang/samsung-galaxy-tab-s10-fe-plus,Máy tính bảng Samsung Galaxy Tab S10 FE+ WiFi 8GB/128GB
322130,https://www.thegioididong.com/may-tinh-bang/samsung-galaxy-tab-s10-plus,Máy tính bảng Samsung Galaxy Tab S10+ WiFi 12GB/256GB
336738,https://www.thegioididong.com/may-tinh-bang/samsung-galaxy-tab-s10-fe-5g,Máy tính bảng Samsung Galaxy Tab S10 FE 5G 8GB/128GB
339207,https://www.thegioididong.com/may-tinh-bang/xiaomi-redmi-pad-2-4g-4gb-128gb,Máy tính bảng Xiaomi Redmi Pad 2 4G 4GB/128GB
356864,https://www.thegioididong.com/may-tinh-bang/xiaomi-redmi-pad-2-pro-5g-6gb-128gb,Máy tính bảng Xiaomi Redmi Pad 2 Pro 5G 6GB/128GB
339286,https://www.thegioididong.com/may-tinh-bang/oppo-pad-se-4g-4gb-128gb,Máy tính bảng OPPO Pad SE 4G 4GB/128GB
345546,https://www.thegioididong.com/may-tinh-bang/samsung-galaxy-tab-a11-wifi-4gb-64gb,Máy tính bảng Samsung Galaxy Tab A11 WiFi 4GB/64GB
365596,https://www.thegioididong.com/may-tinh-bang/samsung-galaxy-tab-s10-lite-wifi-8gb-256gb?utm_flashsale=1,Máy tính bảng Samsung Galaxy Tab S10 Lite Wifi 8GB/256GB
336737,https://www.thegioididong.com/may-tinh-bang/samsung-galaxy-tab-s10-fe,Máy tính bảng Samsung Galaxy Tab S10 FE WiFi 8GB/128GB
366579,https://www.thegioididong.com/may-tinh-bang/xiaomi-pad-2-wifi-9-7-4gb-64gb,Máy tính bảng Xiaomi Redmi Pad 2 Wifi 9.7 4GB/64GB
366598,https://www.thegioididong.com/may-tinh-bang/xiaomi-pad-2-4g-9-7-4gb-64gb,Máy tính bảng Xiaomi Redmi Pad 2 4G 9.7 4GB/64GB
344723,https://www.thegioididong.com/may-tinh-bang/samsung-galaxy-tab-s11-wifi-12gb-128gb,Máy tính bảng Samsung Galaxy Tab S11 WiFi 12GB/128GB
344725,https://www.thegioididong.com/may-tinh-bang/samsung-galaxy-tab-s11-ultra-5g-12gb-256gb,Máy tính bảng Samsung Galaxy Tab S11 Ultra 5G 12GB/256GB
363422,https://www.thegioididong.com/may-tinh-bang/ipad-air-m4-13-inch-wifi-128gb,Máy tính bảng iPad Air M4 13 inch WiFi 128GB
363821,https://www.thegioididong.com/may-doc-sach/may-doc-sach-boox-savi-6s-6-inch-32gb,Máy đọc sách Boox Savi 6S 6 inch 32GB
368575,https://www.thegioididong.com/may-tinh-bang/lenovo-idea-tab-plus-8gb-256gb,Máy tính bảng Lenovo Idea Tab Plus Matte Edition WiFi 8GB/256GB
368516,https://www.thegioididong.com/may-tinh-bang/lenovo-idea-tab-4gb-128gb,Máy tính bảng Lenovo Idea Tab 4GB/128GB
358099,https://www.thegioididong.com/may-tinh-bang/ipad-pro-m5-13-inch-wifi-256gb,Máy tính bảng iPad Pro M5 13 inch WiFi 256GB
363825,https://www.thegioididong.com/may-doc-sach/may-doc-sach-new-kindle-2024-6-inch-16gb,Máy đọc sách New Kindle 2024 6 inch 16 GB
363427,https://www.thegioididong.com/may-tinh-bang/ipad-air-m4-11-inch-5g-128gb,Máy tính bảng iPad Air M4 11 inch 5G 128GB
363432,https://www.thegioididong.com/may-tinh-bang/ipad-air-m4-13-inch-5g-128gb,Máy tính bảng iPad Air M4 13 inch 5G 128GB
358105,https://www.thegioididong.com/may-tinh-bang/ipad-pro-m5-11-inch-wifi-cellular-256gb,Máy tính bảng iPad Pro M5 11 inch 5G 256GB
358111,https://www.thegioididong.com/may-tinh-bang/ipad-pro-m5-13-inch-wifi-cellular-256gb,Máy tính bảng iPad Pro M5 13 inch 5G 256GB
368580,https://www.thegioididong.com/may-tinh-bang/lenovo-legion-tab-gen-3-wifi-12gb-256gb,Máy tính bảng Lenovo Legion Tab Gen 3 WiFi 12GB/256GB
368577,https://www.thegioididong.com/may-tinh-bang/lenovo-idea-tab-pro-gen-2-12gb-256gb,Máy tính bảng Lenovo Idea Tab Pro Gen 2 Matte Edition WiFi 12GB/256GB
363822,https://www.thegioididong.com/may-doc-sach/combo-may-doc-sach-boox-savi-6-6-inch-32gb,Combo máy đọc sách Boox Savi 6 6 inch 32 GB
368581,https://www.thegioididong.com/may-tinh-bang/lenovo-legion-tab-gen-5-wifi-12gb-256gb,Máy tính bảng Lenovo Legion Tab Gen 5 WiFi 12GB/256GB
339828,https://www.thegioididong.com/may-tinh-bang/honor-pad-x9a?utm_flashsale=1,Máy tính bảng HONOR Pad X9a 8GB/256GB
363824,https://www.thegioididong.com/may-doc-sach/may-doc-sach-boox-palma2-6-inch-128gb,Máy đọc sách Boox Palma2 6.13 inch 128 GB
368582,https://www.thegioididong.com/may-tinh-bang/lenovo-yoga-tab-wifi-8gb-256gb?utm_flashsale=1,Máy tính bảng Lenovo Yoga Tab WiFi 8GB/256GB
367014,https://www.thegioididong.com/may-tinh-bang/honor-pad-x8b-6gb-128gb?utm_flashsale=1,Máy tính bảng Honor Pad X8b 6GB/128GB
368579,https://www.thegioididong.com/may-tinh-bang/lenovo-idea-tab-wifi-8gb-256gb,Máy tính bảng Lenovo Idea Tab WiFi 8GB/256GB
358003,https://www.thegioididong.com/dong-ho-thong-minh/dong-ho-dinh-vi-tre-em-kidcare-sight-s25?utm_flashsale=1,Đồng hồ định vị trẻ em Kidcare Sight S25
366954,https://www.thegioididong.com/dong-ho-thong-minh/huawei-watch-fit-5-42-9mm-day-nylon,Huawei Watch Fit 5 42.9mm dây nylon
354255,https://www.thegioididong.com/dong-ho-thong-minh/kidcare-k25?utm_flashsale=1,Đồng hồ định vị trẻ em Kidcare K25 4G
366955,https://www.thegioididong.com/dong-ho-thong-minh/huawei-watch-fit-5-pro-44-5mm-day-nylon,Huawei Watch Fit 5 Pro 44.5mm dây nylon
364509,https://www.thegioididong.com/dong-ho-thong-minh/huawei-watch-gt-runner-2-43-5mm-day-nylon,Huawei Watch GT Runner 2 43.5mm dây Nylon
367947,https://www.thegioididong.com/dong-ho-thong-minh/amazfit-bip-max-49-5mm-day-silicone,Amazfit Bip Max 49.5mm dây silicone
344767,https://www.thegioididong.com/dong-ho-thong-minh/apple-watch-se-3-40mm-vien-nhom-day-the-thao,Apple Watch SE 3 GPS 40mm viền nhôm dây thể thao
362941,https://www.thegioididong.com/dong-ho-thong-minh/vong-deo-tay-thong-minh-huawei-band-11-vien-nhom-day-cao-su,Vòng đeo tay thông minh Huawei Band 11 viền nhôm dây Fluor
334436,https://www.thegioididong.com/dong-ho-thong-minh/huawei-watch-fit-4,Huawei Watch Fit 4 43mm dây silicone
344750,https://www.thegioididong.com/dong-ho-thong-minh/apple-watch-series-11-42mm-vien-nhom-day-the-thao,Apple Watch Series 11 GPS 42mm viền nhôm dây thể thao
367410,https://www.thegioididong.com/dong-ho-thong-minh/vong-deo-tay-thong-minh-mi-band-10-pro-vien-gom,Vòng đeo tay thông minh Mi Band 10 Pro viền gốm
364290,https://www.thegioididong.com/dong-ho-thong-minh/amazfit-active-3-premium-46mm-day-silicone,Amazfit Active 3 Premium 46mm dây silicone
362942,https://www.thegioididong.com/dong-ho-thong-minh/vong-deo-tay-thong-minh-huawei-band-11-day-cao-su,Vòng đeo tay thông minh Huawei Band 11 dây Fluor
369324,https://www.thegioididong.com/dong-ho-thong-minh/samsung-galaxy-watch-ultra-2,Samsung Galaxy Watch Ultra 2 LTE 47mm dây silicone
361814,https://www.thegioididong.com/dong-ho-thong-minh/amazfit-active-max-46mm-day-silicone,Amazfit Active Max 46mm dây silicone
362940,https://www.thegioididong.com/dong-ho-thong-minh/vong-deo-tay-thong-minh-huawei-band-11-pro-day-nylon-det,Vòng đeo tay thông minh Huawei Band 11 Pro dây nylon dệt
344769,https://www.thegioididong.com/dong-ho-thong-minh/apple-watch-se-3-gps-cellular-40mm-vien-nhom-day-the-thao,Apple Watch SE 3 GPS + Cellular 40mm viền nhôm dây thể thao
369499,https://www.thegioididong.com/dong-ho-thong-minh/samsung-galaxy-watch9-bluetooth-40mm-day-silicone,Samsung Galaxy Watch9 Bluetooth 40mm dây silicone
339492,https://www.thegioididong.com/dong-ho-thong-minh/huawei-watch-5-46mm-day-composite,Huawei Watch 5 46mm viền Titanium dây composite
344758,https://www.thegioididong.com/dong-ho-thong-minh/apple-watch-series-11-gps-cellular-42m-vien-titanium-day-the-thao,Apple Watch Series 11 GPS + Cellular 42mm viền Titanium dây thể thao
337872,https://www.thegioididong.com/dong-ho-thong-minh/huawei-watch-5-46mm,Huawei Watch 5 46mm viền thép dây cao su
369498,https://www.thegioididong.com/dong-ho-thong-minh/samsung-galaxy-watch9-lte-40mm-day-silicone,Samsung Galaxy Watch9 LTE 40mm dây silicone
369497,https://www.thegioididong.com/dong-ho-thong-minh/samsung-galaxy-watch9-bluetooth-44mm-day-silicone,Samsung Galaxy Watch9 Bluetooth 44mm dây silicone
369321,https://www.thegioididong.com/dong-ho-thong-minh/samsung-galaxy-watch9-lte-44mm-day-silicone,Samsung Galaxy Watch9 LTE 44mm dây silicone
344764,https://www.thegioididong.com/dong-ho-thong-minh/apple-watch-ultra-3-gps-cellular-49mm-vien-titanium-day-ocean,Apple Watch Ultra 3 GPS + Cellular 49mm viền Titanium dây Ocean
336948,https://www.thegioididong.com/dong-ho-thong-minh/huawei-watch-5-42mm,Huawei Watch 5 42mm viền thép dây composite Vàng Hồng
364292,https://www.thegioididong.com/dong-ho-thong-minh/amazfit-t-rex-ultra-2-51mm-day-silicone,Amazfit T-Rex Ultra 2 51mm dây silicone
339531,https://www.thegioididong.com/dong-ho-thong-minh/mi-band-10-vien-gom,Vòng đeo tay thông minh Mi Band 10 viền gốm
341453,https://www.thegioididong.com/dong-ho-thong-minh/huawei-watch-gt-6-pro-46mm-vien-titanium-day-cao-su,Huawei Watch GT 6 Pro 46mm viền Titanium dây cao su
361330,https://www.thegioididong.com/dong-ho-thong-minh/oppo-watch-s-46mm-day-cao-su,OPPO Watch S 46mm dây cao su
337643,https://www.thegioididong.com/dong-ho-thong-minh/amazfit-bip-6,Amazfit Bip 6 46.3mm dây silicone
362002,https://www.thegioididong.com/dong-ho-thong-minh/huawei-watch-gt-6-41mm-vien-thep-day-da-phoi,Huawei Watch GT 6 41mm viền thép dây da phối
327697,https://www.thegioididong.com/dong-ho-thong-minh/samsung-galaxy-watch7-44mm,Samsung Galaxy Watch7 44mm dây silicone
354257,https://www.thegioididong.com/dong-ho-thong-minh/huawei-watch-gt-6-pro-46mm,Huawei Watch GT 6 Pro 46mm viền Titanium dây Woven
354260,https://www.thegioididong.com/dong-ho-thong-minh/huawei-watch-gt-6-46mm-vien-thep-day-woven,Huawei Watch GT 6 46mm viền thép dây Woven
361467,https://www.thegioididong.com/dong-ho-thong-minh/oppo-watch-s-46mm-day-nylon,OPPO Watch S 46mm dây nylon
338266,https://www.thegioididong.com/dong-ho-thong-minh/samsung-galaxy-watch8-classic,Samsung Galaxy Watch8 Classic 46mm dây da
354258,https://www.thegioididong.com/dong-ho-thong-minh/huawei-watch-gt-6-pro-46mm-vien-titanium-day-titanium,Huawei Watch GT 6 Pro 46mm viền Titanium dây Titanium
354261,https://www.thegioididong.com/dong-ho-thong-minh/huawei-watch-gt-6-41mm-vien-thep-day-da,Huawei Watch GT 6 41mm viền thép dây da
354259,https://www.thegioididong.com/dong-ho-thong-minh/huawei-watch-gt-6-46mm-vien-thep-day-da,Huawei Watch GT 6 46mm viền thép dây da
340066,https://www.thegioididong.com/dong-ho-thong-minh/samsung-galaxy-watch8-lte-40mm,Samsung Galaxy Watch8 LTE 40mm dây silicone
361516,https://www.thegioididong.com/dong-ho-thong-minh/huawei-watch-gt-6-pro-honma-46mm-vien-titanium-day-fluor,Huawei Watch GT 6 Pro Honma 46mm viền Titanium dây Fluor
358004,https://www.thegioididong.com/dong-ho-thong-minh/amazfit-t-rex-3-pro-48mm-day-silicone,Amazfit T-Rex 3 Pro 48mm dây silicone
361518,https://www.thegioididong.com/dong-ho-thong-minh/huawei-watch-gt-6-41mm-vien-thep-day-milanese,Huawei Watch GT 6 41mm viền thép dây Milanese
344753,https://www.thegioididong.com/dong-ho-thong-minh/apple-watch-series-11-gps-cellular-46mm-vien-nhom-day-the-thao,Apple Watch Series 11 GPS + Cellular 46mm viền nhôm dây thể thao
333919,https://www.thegioididong.com/dong-ho-thong-minh/imoo-z7-spiderman,Đồng hồ định vị trẻ em imoo Z7 Spider Man
340067,https://www.thegioididong.com/dong-ho-thong-minh/samsung-galaxy-watch8-lte-44mm?utm_flashsale=1,Samsung Galaxy Watch8 LTE 44mm dây silicone
340068,https://www.thegioididong.com/dong-ho-thong-minh/samsung-galaxy-watch8-44mm,Samsung Galaxy Watch8 44mm dây silicone
340844,https://www.thegioididong.com/dong-ho-thong-minh/amazfit-active-2-square-sapphire,Amazfit Active 2 Square Sapphire 43.3mm dây da
327693,https://www.thegioididong.com/dong-ho-thong-minh/samsung-galaxy-watch-ultra,Samsung Galaxy Watch Ultra LTE 47mm dây silicone
341454,https://www.thegioididong.com/dong-ho-thong-minh/amazfit-balance-2,Amazfit Balance 2 47.4mm dây silicone
344754,https://www.thegioididong.com/dong-ho-thong-minh/apple-watch-series-11-gps-cellular-42mm-vien-titanium-day-milan,Apple Watch Series 11 GPS + Cellular 42mm viền Titanium dây Milan
358006,https://www.thegioididong.com/dong-ho-thong-minh/huawei-watch-ultimate-2-47-8mm-day-cao-su,Huawei Watch Ultimate 2 47.8mm dây cao su
358005,https://www.thegioididong.com/dong-ho-thong-minh/huawei-watch-ultimate-2-48-5mm-day-cao-su,Huawei Watch Ultimate 2 48.5mm dây cao su
337834,https://www.thegioididong.com/dong-ho-thong-minh/samsung-galaxy-ring-size-9,Nhẫn thông minh Samsung Galaxy Ring Size 9
370871,https://www.thegioididong.com/dong-ho-thong-minh/dong-ho-thong-min-gps-garmin-fenix-9-pro-solar,Garmin Fenix 9 Pro Solar Sapphire 47mm viền Titanium dây silicone
370934,https://www.thegioididong.com/dong-ho-thong-minh/garmin-fenix-9-pro-sapphire-47mm-vien-titanium-carbon-day-silicone,Garmin Fenix 9 Pro Sapphire 47mm viền Titanium Carbon dây silicone
370869,https://www.thegioididong.com/dong-ho-thong-minh/garmin-fenix-9-sapphire-43mm-vien-titanium-day-silicone,Garmin Fenix 9 Sapphire 43mm viền Titanium dây silicone
370930,https://www.thegioididong.com/dong-ho-thong-minh/garmin-fenix-9-sapphire-47mm-vien-titanium-carbon-day-silicone,Garmin Fenix 9 Sapphire 47mm viền Titanium Carbon dây silicone
370870,https://www.thegioididong.com/dong-ho-thong-minh/dong-ho-thong-min-gps-garmin-fenix-9-pro-amoled,Garmin Fenix 9 Pro Sapphire 43mm viền Titanium dây silicone
328694,https://www.thegioididong.com/dong-ho-thong-minh/huawei-watch-kids-4-pro,Đồng hồ định vị trẻ em Huawei Watch Kids 4 Pro
322848,https://www.thegioididong.com/dong-ho-thong-minh/garmin-forerunner-165,Garmin Forerunner 165 43mm dây silicone
367407,https://www.thegioididong.com/dong-ho-thong-minh/xiaomi-watch-s5-46mm-day-cao-su-fluoro,Xiaomi Watch S5 46mm dây cao su Fluoro
332406,https://www.thegioididong.com/dong-ho-thong-minh/mi-band-9-active,Vòng đeo tay thông minh Mi Band 9 Active
335762,https://www.thegioididong.com/dong-ho-thong-minh/huawei-band-10,Vòng đeo tay thông minh Huawei Band 10 viền nhựa
331078,https://www.thegioididong.com/dong-ho-thong-minh/huawei-watch-d2-day-cao-su,Huawei Watch D2 48mm dây cao su
244296,https://www.thegioididong.com/dong-ho-thong-minh/garmin-forerunner-55-day-silicone-den?utm_flashsale=1,Garmin Forerunner 55 42mm dây silicone
332404,https://www.thegioididong.com/dong-ho-thong-minh/mi-band-9-pro,Vòng đeo tay thông minh Mi Band 9 Pro
365405,https://www.thegioididong.com/dong-ho-thong-minh/garmin-forerunner-70,Garmin Forerunner 70 42.6mm dây silicone
355663,https://www.thegioididong.com/dong-ho-thong-minh/garmin-venu-4-41mm-day-silicone,Garmin Venu 4 41mm dây silicone
337137,https://www.thegioididong.com/dong-ho-thong-minh/garmin-vivoactive-6,Garmin Vivoactive 6 42.2mm dây silicone
338698,https://www.thegioididong.com/dong-ho-thong-minh/garmin-forerunner-970,Garmin Forerunner 970 47mm dây silicone
338701,https://www.thegioididong.com/dong-ho-thong-minh/garmin-forerunner-570-47mm,Garmin Forerunner 570 47mm dây silicone
365406,https://www.thegioididong.com/dong-ho-thong-minh/garmin-forerunner-170,Garmin Forerunner 170 42.6mm dây silicone
334987,https://www.thegioididong.com/dong-ho-thong-minh/garmin-instinct-3-50mm,Garmin Instinct 3 50mm dây silicone
330180,https://www.thegioididong.com/dong-ho-thong-minh/huawei-watch-gt-5-pro-42mm-vien-gom-day-gom,Huawei Watch GT 5 Pro 42mm viền gốm dây gốm
334986,https://www.thegioididong.com/dong-ho-thong-minh/garmin-instinct-3-45mm,Garmin Instinct 3 45mm dây silicone
334989,https://www.thegioididong.com/dong-ho-thong-minh/garmin-instinct-e-45mm,Garmin Instinct E 45mm dây silicone
340846,https://www.thegioididong.com/dong-ho-thong-minh/garmin-venu-x1-sapphire,Garmin Venu X1 Sapphire 51.2mm dây nylon
365217,https://www.thegioididong.com/dong-ho-thong-minh/xiaomi-redmi-watch-6,Xiaomi Redmi Watch 6
341452,https://www.thegioididong.com/dong-ho-thong-minh/huawei-watch-gt-6,Huawei Watch GT 6 46mm viền thép dây cao su
332069,https://www.thegioididong.com/dong-ho-thong-minh/xiaomi-redmi-watch-5?utm_flashsale=1,Xiaomi Redmi Watch 5 47.5 mm dây TPU
329834,https://www.thegioididong.com/dong-ho-thong-minh/redmi-watch-5-active,Xiaomi Redmi Watch 5 Active 49.1mm dây TPU
329832,https://www.thegioididong.com/dong-ho-thong-minh/redmi-watch-5-lite,Xiaomi Redmi Watch 5 Lite 48.2mm dây TPU
354262,https://www.thegioididong.com/dong-ho-thong-minh/huawei-watch-gt-6-41mm-vien-thep-day-cao-su,Huawei Watch GT 6 41mm viền thép dây cao su
341442,https://www.thegioididong.com/dong-ho-thong-minh/xiaomi-watch-s4-41mm,Xiaomi Watch S4 41mm dây cao su Fluoro
338265,https://www.thegioididong.com/dong-ho-thong-minh/samsung-galaxy-watch8?utm_flashsale=1,Samsung Galaxy Watch8 40mm dây silicone
344809,https://www.thegioididong.com/dong-ho-thong-minh/apple-watch-ultra-3-gps-cellular-49mm-vien-titanium-day-milan,Apple Watch Ultra 3 GPS + Cellular 49mm viền Titanium dây Milan
354314,https://www.thegioididong.com/dong-ho-thong-minh/xiaomi-watch-s4-41mm-day-milanese,Xiaomi Watch S4 41mm dây Milanese
329474,https://www.thegioididong.com/dong-ho-thong-minh/garmin-fenix-8-sapphire-47mm?utm_flashsale=1,Garmin Fenix 8 Sapphire 47mm viền Titanium dây silicone
335516,https://www.thegioididong.com/dong-ho-thong-minh/xiaomi-watch-s4-47mm-den-cau-vong,Xiaomi Watch S4 47mm dây silicone Đen Cầu Vồng
360220,https://www.thegioididong.com/dong-ho-thong-minh/amazfit-t-rex-3-pro-44mm-day-silicone,Amazfit T-Rex 3 Pro 44mm dây silicone
340065,https://www.thegioididong.com/dong-ho-thong-minh/samsung-galaxy-watch8-classic-lte-46mm?utm_flashsale=1,Samsung Galaxy Watch8 Classic LTE 46mm dây da
344765,https://www.thegioididong.com/dong-ho-thong-minh/apple-watch-ultra-3-gps-cellular-49mm-vien-titanium-day-trail,Apple Watch Ultra 3 GPS + Cellular 49mm viền Titanium dây Trail
329473,https://www.thegioididong.com/dong-ho-thong-minh/garmin-fenix-8-sapphire-43mm?utm_flashsale=1,Garmin Fenix 8 Sapphire 43mm viền Titanium dây silicone
329472,https://www.thegioididong.com/dong-ho-thong-minh/garmin-fenix-8-47mm?utm_flashsale=1,Garmin Fenix 8 47mm viền thép dây silicone
329479,https://www.thegioididong.com/dong-ho-thong-minh/garmin-fenix-e-47mm,Garmin Fenix E 47mm viền thép dây silicone
329468,https://www.thegioididong.com/dong-ho-thong-minh/garmin-fenix-8?utm_flashsale=1,Garmin Fenix 8 43mm viền thép dây silicone
333790,https://www.thegioididong.com/dong-ho-thong-minh/kidcare-sight-s1?utm_flashsale=1,Đồng hồ định vị trẻ em Kidcare Sight S1
316991,https://www.thegioididong.com/dong-ho-thong-minh/dong-ho-dinh-vi-tre-em-imoo-z1-41-mm-hong-nhat,Đồng hồ định vị trẻ em imoo Z1 Hồng Nhạt
338267,https://www.thegioididong.com/dong-ho-thong-minh/samsung-galaxy-watch-ultra-2025,Samsung Galaxy Watch Ultra LTE 47mm (2025) dây silicone
318631,https://www.thegioididong.com/dong-ho-thong-minh/zwatch-z6-44mm-day-silicone-xanh-duong,Đồng hồ thông minh Zwatch Z6 44mm Xanh dương
322845,https://www.thegioididong.com/dong-ho-thong-minh/garmin-lily-2-classic-day-vai,Garmin Lily 2 Classic 34mm dây vải
329076,https://www.thegioididong.com/dong-ho-thong-minh/dong-ho-dinh-vi-tre-em-kidcare-k1?utm_flashsale=1,Đồng hồ định vị trẻ em Kidcare K1
336875,https://www.thegioididong.com/dong-ho-thong-minh/amazfit-active-2-premium,Amazfit Active 2 Sapphire 43.9mm dây da
335088,https://www.thegioididong.com/dong-ho-thong-minh/amazfit-active-2,Amazfit Active 2 43.9mm dây silicone
330159,https://www.thegioididong.com/dong-ho-thong-minh/huawei-watch-gt-5-pro-46mm-day-titanium,Huawei Watch GT 5 Pro 46mm viền Titanium dây Titanium
315897,https://www.thegioididong.com/dong-ho-thong-minh/garmin-vivoactive-5-day-silicone,Garmin Vivoactive 5 42.2mm dây silicone
324886,https://www.thegioididong.com/dong-ho-thong-minh/mykid-4g-lite,Đồng hồ định vị trẻ em MyKid 4G Lite
288629,https://www.thegioididong.com/dong-ho-thong-minh/masstel-smart-hero-10,Đồng hồ định vị trẻ em Masstel Smart Hero 10
236901,https://www.thegioididong.com/dong-ho-thong-minh/kidcare-s6-day-silicone-xanh,Đồng hồ định vị trẻ em Kidcare S6 4G Xanh Dorablue
236904,https://www.thegioididong.com/dong-ho-thong-minh/kidcare-s6-day-silicone?utm_flashsale=1,Đồng hồ định vị trẻ em Kidcare S6 4G
339434,https://www.thegioididong.com/dong-ho-thong-minh/masstel-smart-hero-star,Đồng hồ định vị trẻ em Masstel Smart Hero Star
367385,https://www.thegioididong.com/dong-ho-thong-minh/dong-ho-dinh-vi-tre-em-kidcare-sight-s5-4g?utm_flashsale=1,Đồng hồ định vị trẻ em Kidcare Sight S5 4G
362629,https://www.thegioididong.com/dong-ho-thong-minh/kidcare-sight-s26-4g-44-5mm-day-cao-su?utm_flashsale=1,Đồng hồ định vị trẻ em Kidcare Sight S26 4G
326906,https://www.thegioididong.com/dong-ho-thong-minh/masstel-smart-hero-6,Đồng hồ định vị trẻ em Masstel Smart Hero 6
337061,https://www.thegioididong.com/dong-ho-thong-minh/masstel-smart-hero-30?utm_flashsale=1,Đồng hồ định vị trẻ em Masstel Smart Hero 30
370087,https://www.thegioididong.com/dong-ho-thong-minh/xiaomi-redmi-watch-6-active-47-mm-day-tpu,Xiaomi Redmi Watch 6 Active 47 mm dây TPU
369986,https://www.thegioididong.com/dong-ho-thong-minh/xiaomi-redmi-watch-6-lite-48-mm-day-tpu,Xiaomi Redmi Watch 6 Lite 48 mm dây TPU
370976,https://www.thegioididong.com/dong-ho-thong-minh/vong-tay-thong-minh-samsung-galaxy-fit3-hong,Vòng tay thông minh Samsung Galaxy Fit3 - Hồng
368547,https://www.thegioididong.com/dong-ho-thong-minh/dong-ho-dinh-vi-tre-em-tammi-watch-kid-plus,Đồng hồ định vị trẻ em Tammi Watch Kid Plus
368548,https://www.thegioididong.com/dong-ho-thong-minh/dong-ho-dinh-vi-tre-em-tammi-watch-kid-max,Đồng hồ định vị trẻ em Tammi Watch Kid Max
358457,https://www.thegioididong.com/dong-ho-thong-minh/dong-ho-dinh-vi-tre-em-imoo-z3,Đồng hồ định vị trẻ em imoo Z3
370841,https://www.thegioididong.com/dong-ho-thong-minh/dong-ho-dinh-vi-tre-em-huawei-dra-l10-kids-x1,Đồng hồ định vị trẻ em Huawei Kids DRA-L10 X1
327123,https://www.thegioididong.com/dong-ho-thong-minh/mykid-4g-v2-day-silicone,Đồng hồ định vị trẻ em MyKid 4G V2
344999,https://www.thegioididong.com/dong-ho-thong-minh/realme-watch-5-50mm-day-silicone,realme Watch 5 50mm dây silicone
370088,https://www.thegioididong.com/dong-ho-thong-minh/vong-deo-tay-thong-minh-mi-band-11-active,Vòng đeo tay thông minh Mi Band 11 Active
313829,https://www.thegioididong.com/dong-ho-thong-minh/garmin-venu-3s-day-silicone,Garmin Venu 3S 41mm dây silicone
359399,https://www.thegioididong.com/dong-ho-thong-minh/zobo-g1-423mm-day-silicone,Zobo G1 42.3mm dây silicone
359401,https://www.thegioididong.com/dong-ho-thong-minh/zobo-sporty-1-42mm-day-silicone,Zobo Sporty 1 42mm dây silicone
322267,https://www.thegioididong.com/dong-ho-thong-minh/amazfit-active,Amazfit Active 42.3mm dây silicone
363022,https://www.thegioididong.com/dong-ho-thong-minh/xiaomi-watch-5-47-mm-day-cao-su-fluoro?utm_flashsale=1,Xiaomi Watch 5 47 mm dây cao su Fluoro
329598,https://www.thegioididong.com/dong-ho-thong-minh/dong-ho-dinh-vi-tre-em-imoo-z7,Đồng hồ định vị trẻ em imoo Z7
369501,https://www.thegioididong.com/dong-ho-thong-minh/dong-ho-dinh-vi-tre-em-zobo-k2?utm_flashsale=1,Đồng hồ định vị trẻ em Zobo K2
369675,https://www.thegioididong.com/dong-ho-thong-minh/amazfit-bip-balance-3-51-4mm-day-silicone,Amazfit Balance 3 51.4mm dây silicone
305882,https://www.thegioididong.com/dong-ho-thong-minh/garmin-forerunner-265-music-day-silicone,Garmin Forerunner 265 Music 46.1mm dây silicone
329945,https://www.thegioididong.com/dong-ho-thong-minh/amazfit-t-rex-3,Amazfit T-Rex 3 47.1mm dây silicone
359400,https://www.thegioididong.com/dong-ho-thong-minh/zobo-novabiz-3-502mm-day-silicone,Zobo Novabiz 3 50.2mm dây silicone
367419,https://www.thegioididong.com/dong-ho-thong-minh/dong-ho-dinh-vi-tre-em-imoo-x10,Đồng hồ định vị trẻ em imoo X10
322839,https://www.thegioididong.com/dong-ho-thong-minh/garmin-lily-2,Garmin Lily 2 34mm dây silicone
366928,https://www.thegioididong.com/dong-ho-thong-minh/oppo-watch-x3-47-4mm-day-cao-su,OPPO Watch X3 47.4mm dây cao su
369504,https://www.thegioididong.com/dong-ho-thong-minh/dong-ho-dinh-vi-tre-em-zobo-s8?utm_flashsale=1,Đồng hồ định vị trẻ em Zobo S8
308291,https://www.thegioididong.com/dong-ho-thong-minh/garmin-golf-approach-s70-day-silicone?utm_flashsale=1,Garmin Golf Approach S70 47mm dây silicone
310710,https://www.thegioididong.com/dong-ho-thong-minh/garmin-forerunner-265s-day-silicone,Garmin Forerunner 265S 41.7mm dây silicone
322375,https://www.thegioididong.com/dong-ho-thong-minh/amazfit-balance-day-nylon,Amazfit Balance 46mm dây nylon
322846,https://www.thegioididong.com/dong-ho-thong-minh/garmin-lily-2-classic-day-da,Garmin Lily 2 Classic 34mm dây da
329514,https://www.thegioididong.com/dong-ho-thong-minh/garmin-golf-approach-s70-42mm?utm_flashsale=1,Garmin Golf Approach S70 42mm dây silicone
330793,https://www.thegioididong.com/dong-ho-thong-minh/garmin-lily-2-active,Garmin Lily 2 Active 38mm dây silicone
334983,https://www.thegioididong.com/dong-ho-thong-minh/garmin-instinct-3-solar-45mm,Garmin Instinct 3 Solar 45mm dây silicone
335627,https://www.thegioididong.com/dong-ho-thong-minh/garmin-approach-s50-43mm,Garmin Approach S50 43mm dây nylon
337773,https://www.thegioididong.com/dong-ho-thong-minh/bo-kit-do-size-nhan,Bộ kit đo size nhẫn
339863,https://www.thegioididong.com/dong-ho-thong-minh/oppo-watch-x2-mini-day-da,OPPO Watch X2 mini 43mm dây da
364650,https://www.thegioididong.com/dong-ho-thong-minh/garmin-fenix-8-sapphire-43mm-vien-thep-day-silicone?utm_flashsale=1,Garmin Fenix 8 Sapphire 43mm viền thép dây silicone
368303,https://www.thegioididong.com/dong-ho-thong-minh/amazfit-cheetah-2-pro-48mm-day-silicone,Amazfit Cheetah 2 Pro 48mm dây silicone
369503,https://www.thegioididong.com/dong-ho-thong-minh/dong-ho-dinh-vi-tre-em-zobo-s6?utm_flashsale=1,Đồng hồ định vị trẻ em Zobo S6
337830,https://www.thegioididong.com/dong-ho-thong-minh/samsung-galaxy-ring-size-6,Nhẫn thông minh Samsung Galaxy Ring Size 6
337840,https://www.thegioididong.com/dong-ho-thong-minh/samsung-galaxy-ring-size-15,Nhẫn thông minh Samsung Galaxy Ring Size 15
364063,https://www.thegioididong.com/dong-ho-thong-minh/suunto-run-46mm-day-nylon?utm_flashsale=1,Suunto Run 46mm dây nylon
364064,https://www.thegioididong.com/dong-ho-thong-minh/suunto-race-s-45mm-day-silicone?utm_flashsale=1,Suunto Race S 45mm dây silicone
364065,https://www.thegioididong.com/dong-ho-thong-minh/suunto-race-s-titanium-45mm-day-silicone?utm_flashsale=1,Suunto Race S Titanium 45mm dây silicone
371218,https://www.thegioididong.com/dong-ho-thong-minh/apple-watch-series-12-gps-42mm-vien-nhom-day-silicone,Apple Watch Series 12 GPS 42mm viền nhôm dây silicone
371219,https://www.thegioididong.com/dong-ho-thong-minh/apple-watch-series-12-gps-46mm-vien-nhom-day-silicone,Apple Watch Series 12 GPS 46mm viền nhôm dây silicone
371221,https://www.thegioididong.com/dong-ho-thong-minh/apple-watch-series-12-gps-cellular-42mm-vien-nhom-day-silicone,Apple Watch Series 12 GPS + Cellular 42mm viền nhôm dây silicone
371223,https://www.thegioididong.com/dong-ho-thong-minh/apple-watch-series-12-gps-cellular-42mm-vien-titanium-day-silicone,Apple Watch Series 12 GPS + Cellular 42mm viền Titanium dây silicone
371225,https://www.thegioididong.com/dong-ho-thong-minh/apple-watch-series-12-gps-cellular-42mm-vien-titanium-day-milan,Apple Watch Series 12 GPS + Cellular 42mm viền Titanium dây Milan
371226,https://www.thegioididong.com/dong-ho-thong-minh/apple-watch-series-12-gps-cellular-46mm-vien-nhom-day-silicone,Apple Watch Series 12 GPS + Cellular 46mm viền nhôm dây silicone
371228,https://www.thegioididong.com/dong-ho-thong-minh/apple-watch-series-12-gps-cellular-46mm-vien-titanium-day-silicone,Apple Watch Series 12 GPS + Cellular 46mm viền Titanium dây silicone
371229,https://www.thegioididong.com/dong-ho-thong-minh/apple-watch-series-12-gps-cellular-46mm-vien-titanium-day-milan,Apple Watch Series 12 GPS + Cellular 46mm viền Titanium dây Milan
371230,https://www.thegioididong.com/dong-ho-thong-minh/apple-watch-series-12-gps-cellular-42mm-vien-ceramic-day-silicone,Apple Watch Series 12 GPS + Cellular 42mm viền Ceramic dây silicone
371231,https://www.thegioididong.com/dong-ho-thong-minh/apple-watch-series-12-gps-cellular-46mm-vien-ceramic-day-silicone,Apple Watch Series 12 GPS + Cellular 46mm viền Ceramic dây silicone
371235,https://www.thegioididong.com/dong-ho-thong-minh/apple-watch-ultra-4-gps-cellular-49mm-vien-titanium-day-milan,Apple Watch Ultra 4 GPS + Cellular 49mm viền Titanium dây Milan
371332,https://www.thegioididong.com/dong-ho-thong-minh/apple-watch-se-3-gps-40mm-vien-nhom-day-the-thao-2026,Apple Watch SE 3 GPS 40mm viền nhôm dây thể thao 2026
371333,https://www.thegioididong.com/dong-ho-thong-minh/apple-watch-se-3-gps-cellular-40mm-vien-nhom-day-the-thao-2026,Apple Watch SE 3 GPS + Cellular 40mm viền nhôm dây thể thao 2026
371335,https://www.thegioididong.com/dong-ho-thong-minh/apple-watch-se-3-gps-44mm-vien-nhom-day-the-thao-2026,Apple Watch SE 3 GPS 44mm viền nhôm dây thể thao 2026
371336,https://www.thegioididong.com/dong-ho-thong-minh/apple-watch-se-3-gps-cellular-44mm-vien-nhom-day-the-thao-2026,Apple Watch SE 3 GPS + Cellular 44mm viền nhôm dây thể thao 2026
364640,https://www.thegioididong.com/dong-ho-deo-tay/orient-ra-ak0315l30b-nam,Đồng hồ Orient 41.5 mm Nam RA-AK0315L30B
326940,https://www.thegioididong.com/dong-ho-deo-tay/baby-g-bgd-565sj-9dr-nu,Đồng hồ Baby-G 37.9 mm Nữ BGD-565SJ-9DR
364641,https://www.thegioididong.com/dong-ho-deo-tay/orient-ra-ak0316l30b-nam?utm_flashsale=1,Đồng hồ Orient 41.5 mm Nam RA-AK0316L30B
364642,https://www.thegioididong.com/dong-ho-deo-tay/orient-re-au0112v00b-nam?utm_flashsale=1,Đồng hồ Orient 38.5 mm Nam RE-AU0112V00B
364643,https://www.thegioididong.com/dong-ho-deo-tay/orient-re-au0114e00b-nam?utm_flashsale=1,Đồng hồ Orient 38.5 mm Nam RE-AU0114E00B
364646,https://www.thegioididong.com/dong-ho-deo-tay/orient-re-av0138v00b-nam?utm_flashsale=1,Đồng hồ Orient 41 mm Nam RE-AV0138V00B
330392,https://www.thegioididong.com/dong-ho-deo-tay/orient-ra-as0010s30b-nam,Đồng hồ Orient Sun & Moon 42 mm Nam RA-AS0010S30B
331125,https://www.thegioididong.com/dong-ho-deo-tay/orient-ra-tx0306s10b-nam,Đồng hồ Orient Contemporary 40 mm Nam RA-TX0306S10B
364639,https://www.thegioididong.com/dong-ho-deo-tay/orient-ra-ak0314e30b-nam,Đồng hồ Orient 41.5 mm Nam RA-AK0314E30B
364638,https://www.thegioididong.com/dong-ho-deo-tay/orient-ra-ak0313y30b-nam,Đồng hồ Orient 41.5 mm Nam RA-AK0313Y30B
283074,https://www.thegioididong.com/dong-ho-deo-tay/edifice-eqb-1200hg-1adr-nam,Đồng hồ EDIFICE 47 mm Nam EQB-1200HG-1ADR
367832,https://www.thegioididong.com/dong-ho-deo-tay/mvw-ss050326-03-nam,Đồng hồ MVW Urban 39 mm Nam SS050326-03
367833,https://www.thegioididong.com/dong-ho-deo-tay/mvw-ss050326-04-nam,Đồng hồ MVW Urban 32.5 mm Nam SS050326-04
367831,https://www.thegioididong.com/dong-ho-deo-tay/mvw-ss050326-02-nam,Đồng hồ MVW Urban 39 mm Nam SS050326-02
367830,https://www.thegioididong.com/dong-ho-deo-tay/mvw-ss050326-01-nam,Đồng hồ MVW Urban 41 mm Nam SS050326-01
199205,https://www.thegioididong.com/dong-ho-deo-tay/baby-g-bga-250-7a2dr-trang,Đồng hồ BABY-G 38.8 mm Nữ BGA-250-7A2DR
360575,https://www.thegioididong.com/dong-ho-deo-tay/mvw-ss30725-08-nam,Đồng hồ MVW Lucky Gold 40 mm Nam SS30725-08
360576,https://www.thegioididong.com/dong-ho-deo-tay/mvw-ss30725-09-nam,Đồng hồ MVW Lucky Gold 43 mm Nam SS30725-09
360581,https://www.thegioididong.com/dong-ho-deo-tay/mvw-ss30725-16-nam,Đồng hồ MVW Lucky Gold 40.2 mm Nam SS30725-16
360580,https://www.thegioididong.com/dong-ho-deo-tay/mvw-ss30725-15-nam,Đồng hồ MVW Lucky Gold 40.2 mm Nam SS30725-15
370179,https://www.thegioididong.com/op-lung-flipcover/op-lung-magnetic-iphone-17-pro-max-nhua-cung-torras-c1s?utm_flashsale=1,Ốp lưng Magnetic iPhone 17 Pro Max Nhựa cứng TORRAS C1S
337969,https://www.thegioididong.com/adapter-sac/adapter-sac-2-cong-type-c-pd-qc-3-0-gan-30w-ugreen-x516-6501?utm_flashsale=1,Sạc nhanh 2 cổng Type-C QC3.0 PD 30W Ugreen X516
367810,https://www.thegioididong.com/loa-laptop/loa-bluetooth-xiaomi-sound-play?utm_flashsale=1,Loa Bluetooth Xiaomi Sound Play
369653,https://www.thegioididong.com/camera-giam-sat/camera-ip-imou-cue-2e-c32sp?utm_flashsale=1,Camera IP 3MP IMOU Cue 2E C32SP
361088,https://www.thegioididong.com/sac-dtdd/pin-sac-du-phong-polymer-10000mah-type-c-pd-qc-30-15w-aukey-pb-y46-xam-dam?utm_flashsale=1,Pin sạc dự phòng Polymer 10000mAh Type C PD QC 3.0 15W Aukey PB-Y46 - Xám Đậm
368720,https://www.thegioididong.com/den-nang-luong-mat-troi/den-pha-nang-luong-mat-troi-modi-md-pt58-120-w-wh?utm_flashsale=1,Đèn pha năng lượng mặt trời Modi MD-PT58-120-W WH
364553,https://www.thegioididong.com/tui-dung-phu-kien/tui-deo-cheo-tomtoc-aviator-t37-travel-crossbody-t37s1d1?utm_flashsale=1,Túi đeo chéo Tomtoc Aviator-T37 Travel Crossbody T37S1D1
366973,https://www.thegioididong.com/quat-mini/quat-cam-tay-ava-mini-jf329?utm_flashsale=1,Quạt cầm tay AVA+ Mini JF329
370235,https://www.thegioididong.com/mieng-dan-man-hinh/mieng-dan-kinh-cuong-luc-iphone-16-pro-max-torras-titan-hd-tran-vien-2-mieng?utm_flashsale=1,Miếng dán kính cường lực iPhone 16 Pro Max TORRAS TITAN HD Tràn Viền 2 Miếng
370101,https://www.thegioididong.com/adapter-sac/sac-nhanh-type-c-20w-torras-icenano-kem-cap-type-c-1-2m?utm_flashsale=1,Sạc nhanh Type-C 20W TORRAS ICENANO Kèm Cáp Type C 1.2m
361261,https://www.thegioididong.com/tai-nghe/tai-nghe-blutetooth-true-wireless-aukey-ep-m3a-xam?utm_flashsale=1,Tai nghe Bluetooth True Wireless Aukey EP-M3A - Xám
369599,https://www.thegioididong.com/camera-giam-sat/camera-ip-360-do-imou-ranger-2-a32p-pro?utm_flashsale=1,Camera IP 360 Độ 3MP IMOU Ranger 2 A32P Pro
360665,https://www.thegioididong.com/sac-dtdd/pin-sac-du-phong-polymer-10000mah-type-c-10-5w-golf-g80-c?utm_flashsale=1,Pin sạc dự phòng Polymer 10000mAh Type C 10.5W Golf G80-C
370281,https://www.thegioididong.com/ghe-gaming-ghe-cong-thai-hoc/ghe-gaming-warrior-raider-series-wgc206-hong?utm_flashsale=1,Ghế Gaming WARRIOR Raider Series WGC206 Hồng Trắng
363760,https://www.thegioididong.com/tui-chong-soc/tui-chong-soc-laptop-14-inch-innostyle-lux-leather-laptop-pls-10blk-14?utm_flashsale=1,Túi chống sốc Laptop 14 inch Innostyle Lux Leather Laptop PLS-10BLK-14
368617,https://www.thegioididong.com/ban-phim/ban-phim-co-bluetooth-edra-thunderbird-tgk375whe?utm_flashsale=1,Bàn Phím Cơ Bluetooth EDRA ThunderBird TGK375WHE
363852,https://www.thegioididong.com/op-lung-flipcover/op-lung-magsafe-iphone-16-pro-max-pc-tpu-innostyle-mpc-a01-16pm?utm_flashsale=1,Ốp lưng Magsafe iPhone 16 Pro Max PC TPU Innostyle MPC-A01-16PM
332248,https://www.thegioididong.com/adapter-sac/adapter-sac-type-c-pd-qc-4-0-gan-30w-ugreen-nexode-cd319?utm_flashsale=1,Sạc nhanh Type-C QC4.0+ PD 30W Ugreen Nexode CD319
368715,https://www.thegioididong.com/den-nang-luong-mat-troi/den-duong-lien-the-nang-luong-mat-troi-modi-md-slt27-50-t-wh?utm_flashsale=1,Đèn đường liền thể năng lượng mặt trời Modi MD-SLT27-50-T WH
360829,https://www.thegioididong.com/tui-chong-soc/balo-laptop-156-inch-tucano-loop-eco?utm_flashsale=1,Balo Laptop 15.6 inch TUCANO Loop Eco
