id,category_group,name,price,brand,color,rating,sold_qty,url,image
370982,Điện thoại,Điện thoại iPhone 18 Pro Max 256GB,41990000,iPhone (Apple),Đỏ Burgundy,,,https://www.thegioididong.com/dtdd/iphone-18-pro-max,https://cdn.tgdd.vn/Products/Images/42/370982/iphone-18-pro-max-do-thumb-600x600.jpg
370977,Điện thoại,Điện thoại iPhone 18 Pro 256GB,38990000,iPhone (Apple),Đỏ Burgundy,,,https://www.thegioididong.com/dtdd/iphone-18-pro,https://cdn.tgdd.vn/Products/Images/42/370977/iphone-18-pro-do-thumb-600x600.jpg
370987,Điện thoại,Điện thoại iPhone Duo 256GB,64990000,iPhone (Apple),Trắng Ánh Sao,,,https://www.thegioididong.com/dtdd/iphone-duo,https://cdn.tgdd.vn/Products/Images/42/370987/iphone-duo-white-thumb-600x600.jpg
369617,Điện thoại,Điện thoại Xiaomi Redmi Note 17 4G 4GB/128GB,5790000,Xiaomi,Tím,,,https://www.thegioididong.com/dtdd/xiaomi-redmi-note-17-4g-4gb-128gb,https://cdn.tgdd.vn/Products/Images/42/369617/xiaomi-redmi-note-17-4g-purple-thumb-600x600.jpg
342679,Điện thoại,Điện thoại iPhone 17 Pro Max 256GB,34590000,iPhone (Apple),Cam Vũ Trụ,4.9,"Đã bán 371,4k",https://www.thegioididong.com/dtdd/iphone-17-pro-max,https://cdn.tgdd.vn/Products/Images/42/342679/iphone-17-pro-max-cam-thumb-600x600.jpg
367499,Điện thoại,Điện thoại realme 16T 5G 8GB/128GB,7790000,realme,Xanh,5,"Đã bán 6,6k",https://www.thegioididong.com/dtdd/realme-16t-5g-8gb-128gb,https://cdn.tgdd.vn/Products/Images/42/367499/realme-16t-xanh-thumb-600x600.jpg
369626,Điện thoại,Điện thoại Xiaomi Redmi Note 17 Pro 5G 12GB/256GB,10790000,Xiaomi,Tím,,,https://www.thegioididong.com/dtdd/xiaomi-redmi-note-17-pro-5g-12gb-256gb,https://cdn.tgdd.vn/Products/Images/42/369626/xiaomi-redmi-note-17-pro-5g-purple-thumb-600x600.jpg
369628,Điện thoại,Điện thoại Xiaomi Redmi Note 17 Pro Max 5G 12GB/256GB,13990000,Xiaomi,Tím,,,https://www.thegioididong.com/dtdd/xiaomi-redmi-note-17-pro-max-12gb-256gb,https://cdn.tgdd.vn/Products/Images/42/369628/xiaomi-redmi-note-17-pro-max-5g-purple-thumb-600x600.jpg
367011,Điện thoại,Điện thoại Honor 600 Lite 8GB/256GB,8940000,HONOR,Xanh lá,5,"Đã bán 3,9k",https://www.thegioididong.com/dtdd/honor-600-lite-8gb-256gb,https://cdn.tgdd.vn/Products/Images/42/367011/honor-600-lite-xanh-la-thumb-600x600.jpg
368236,Điện thoại,Điện thoại Motorola Razr Fold 5G 12GB/256GB,39490000,Motorola,Trắng,,,https://www.thegioididong.com/dtdd/motorola-razr-fold-12gb-256gb,https://cdn.tgdd.vn/Products/Images/42/368236/motorola-razr-fold-trang-thumb-600x600.jpg
342667,Điện thoại,Điện thoại iPhone 17 256GB,28990000,iPhone (Apple),Xanh Lá Xô Thơm,4.9,"Đã bán 74,3k",https://www.thegioididong.com/dtdd/iphone-17,https://cdn.tgdd.vn/Products/Images/42/342667/iphone-17-xanh-thumb-600x600.jpg
370544,Điện thoại,Điện thoại Samsung Galaxy S26 FE 5G 8GB/128GB,15840000,Samsung,Xanh Dương,,,https://www.thegioididong.com/dtdd/samsung-galaxy-s26-fe-8gb-128gb,https://cdn.tgdd.vn/Products/Images/42/370544/samsung-galaxy-s26-fe-5g-blue-thumb-600x600.jpg
368250,Điện thoại,Điện thoại OPPO Reno16F 5G 8GB/128GB,13140000,OPPO,Trắng,5,Đã bán 30k,https://www.thegioididong.com/dtdd/oppo-reno16f-5g-8gb-128gb,https://cdn.tgdd.vn/Products/Images/42/368250/oppo-reno16-f-trang-thumb-600x600.jpg
342676,Điện thoại,Điện thoại iPhone 17 Pro 256GB,31990000,iPhone (Apple),Cam Vũ Trụ,4.9,"Đã bán 37,5k",https://www.thegioididong.com/dtdd/iphone-17-pro,https://cdn.tgdd.vn/Products/Images/42/342676/iphone-17-pro-cam-thumb-600x600.jpg
368057,Điện thoại,Điện thoại Samsung Galaxy Z Fold8 12GB/256GB,39090000,Samsung,Trắng,,"Đã bán 1,7k",https://www.thegioididong.com/dtdd/samsung-galaxy-z-fold8-12gb-256gb,https://cdn.tgdd.vn/Products/Images/42/368057/samsung-galaxy-z-fold8-kem-thumb-600x600.jpg
368050,Điện thoại,Điện thoại Samsung Galaxy Z Fold8 Ultra 12GB/256GB,43790000,Samsung,Tím,,Đã bán 1k,https://www.thegioididong.com/dtdd/samsung-galaxy-z-fold8-ultra-12gb-256gb,https://cdn.tgdd.vn/Products/Images/42/368050/samsung-galaxy-z-fold8-ultra-violet-thumb-600x600.jpg
329138,Điện thoại,Điện thoại iPhone 16 Plus 128GB,24990000,iPhone (Apple),Xanh Lưu Ly,4.9,"Đã bán 29,2k",https://www.thegioididong.com/dtdd/iphone-16-plus,https://cdn.tgdd.vn/Products/Images/42/329138/iphone-16-plus-xanh-thumb-600x600.jpg
363408,Điện thoại,Điện thoại Vivo X300 Ultra 16GB/512GB,41840000,vivo,Xanh lá,5,Đã bán 270,https://www.thegioididong.com/dtdd/vivo-x300-ultra,https://cdn.tgdd.vn/Products/Images/42/363408/vivo-x300-ultra-xanh-thumb-1-600x600.jpg
368872,Điện thoại,Điện thoại Nothing Phone (4a) 5G 8GB/128GB,11140000,Nothing Phone,Trắng,,Đã bán 17,https://www.thegioididong.com/dtdd/nothing-phone-4-a-8gb-128gb?utm_flashsale=1,https://cdn.tgdd.vn/Products/Images/42/368872/nothing-phone-4a-trang-thumb-600x600.jpg
363401,Điện thoại,Điện thoại Samsung Galaxy A37 5G 6GB/128GB,9000000,Samsung,Trắng,5,Đã bán 13k,https://www.thegioididong.com/dtdd/samsung-galaxy-a37-6gb-128gb,https://cdn.tgdd.vn/Products/Images/42/363401/samsung-galaxy-a37-trang-thumb-600x600.jpg
367002,Điện thoại,Điện thoại Xiaomi 17T 5G 12GB/256GB,14890000,Xiaomi,Tím,5,"Đã bán 13,1k",https://www.thegioididong.com/dtdd/xiaomi-17t-5g-12gb-256gb?utm_flashsale=1,https://cdn.tgdd.vn/Products/Images/42/367002/xiaomi-17t-5g-tim-thumb-600x600.jpg
370752,Điện thoại,Điện thoại OPPO A6 6GB/128GB,8840000,OPPO,Vàng,,,https://www.thegioididong.com/dtdd/oppo-a6-6gb-128gb,https://cdn.tgdd.vn/Products/Images/42/370752/oppo-a6-gold-thumb-600x600.jpg
363466,Điện thoại,Điện thoại Vivo V70 FE 5G 8GB/256GB,13030000,vivo,Tím,4.9,"Đã bán 13,8k",https://www.thegioididong.com/dtdd/vivo-v70-fe-8gb-256gb?utm_flashsale=1,https://cdn.tgdd.vn/Products/Images/42/363466/vivo-v70-fe-8gb-256gb-tim-thumb-1-600x600.jpg
367427,Điện thoại,Điện thoại realme C100x 4GB/128GB,6640000,realme,Xanh,5,Đã bán 8k,https://www.thegioididong.com/dtdd/realme-c100x-4gb-128gb,https://cdn.tgdd.vn/Products/Images/42/367427/realme-c100x-xanh-thumb-1-600x600.jpg
358683,Điện thoại,Điện thoại HONOR X9d 5G 12GB/256GB,10340000,HONOR,Đỏ,4.9,Đã bán 11k,https://www.thegioididong.com/dtdd/honor-x9d-5g-12gb-256gb,https://cdn.tgdd.vn/Products/Images/42/358683/honor-x9d-5g-12gb-256gb-do-thumb-1-2-600x600.jpg
367204,Điện thoại,Điện thoại Tecno Spark 50 4GB/128GB,4640000,Tecno,Xám,5,Đã bán 673,https://www.thegioididong.com/dtdd/tecno-spark-50-4gb-128gb,https://cdn.tgdd.vn/Products/Images/42/367204/tecno-spark-50-4gb-128gb-xam-thumb-600x600.png
367975,Điện thoại,Điện thoại Motorola Edge 70 Fusion 8GB/128GB,8440000,Motorola,Xanh Lam Nhạt,4.9,Đã bán 265,https://www.thegioididong.com/dtdd/motorola-edge-70-fusion-8gb-128gb,https://cdn.tgdd.vn/Products/Images/42/367975/motorola-edge-70-fusion-xanh-lam-thumb-1-600x600.jpg
281570,Điện thoại,Điện thoại iPhone 15 128GB,21990000,iPhone (Apple),Xanh dương nhạt,4.9,"Đã bán 144,5k",https://www.thegioididong.com/dtdd/iphone-15,https://cdn.tgdd.vn/Products/Images/42/281570/iphone-15-xanh-thumb-600x600.jpg
342670,Điện thoại,Điện thoại iPhone Air 256GB,22990000,iPhone (Apple),Vàng Nhạt,4.9,"Đã bán 13,9k",https://www.thegioididong.com/dtdd/iphone-air,https://cdn.tgdd.vn/Products/Images/42/342670/iphone-air-vang-thumb-600x600.jpg
361947,Điện thoại,Điện thoại Samsung Galaxy S26 5G 12GB/256GB,19500000,Samsung,Xanh Dương,5,"Đã bán 3,5k",https://www.thegioididong.com/dtdd/samsung-galaxy-s26-12gb-256gb,https://cdn.tgdd.vn/Products/Images/42/361947/samsung-galaxy-s26-12gb-256gb-xanh-thumb-600x600.jpg
368099,Điện thoại,Điện thoại OPPO Reno16 5G 8GB/256GB,18340000,OPPO,Tím nhạt,5,"Đã bán 5,5k",https://www.thegioididong.com/dtdd/oppo-reno16-5g-8gb-256gb,https://cdn.tgdd.vn/Products/Images/42/368099/oppo-reno16-5g-8gb-256gb-tim-nhat-thumb-600x600.jpg
357576,Điện thoại,Điện thoại vivo V60 Lite 5G 8GB/256GB,9520000,vivo,Hồng,4.9,"Đã bán 37,1k",https://www.thegioididong.com/dtdd/vivo-v60-lite-8gb-256gb?utm_flashsale=1,https://cdn.tgdd.vn/Products/Images/42/357576/vivo-v60-lite-pink-thumbai-600x600.jpg
364187,Điện thoại,Điện thoại realme C100 4G 8GB/128GB,7690000,realme,Tím,5,"Đã bán 6,5k",https://www.thegioididong.com/dtdd/realme-c100-4g-8gb-128gb,https://cdn.tgdd.vn/Products/Images/42/364187/realme-c100-tim-thumb-600x600.jpg
358026,Điện thoại,Điện thoại Honor X7d 5G 8GB/256GB,6540000,HONOR,Vàng,4.9,"Đã bán 7,4k",https://www.thegioididong.com/dtdd/honor-x7d-5g-8gb-256gb,https://cdn.tgdd.vn/Products/Images/42/358026/honor-x7d-5g-gold-thumb-600x600.jpg
364633,Điện thoại,Điện thoại Tecno Spark Go 3 4GB/128GB,3640000,Tecno,Xanh Dương,5,"Đã bán 1,9k",https://www.thegioididong.com/dtdd/tecno-spark-go-3-4gb-128gb?utm_flashsale=1,https://cdn.tgdd.vn/Products/Images/42/364633/tecno-spark-go-3-xanh-thumb-600x600.jpg
362373,Điện thoại,Điện thoại Motorola G57 Power 5G 8GB/128GB,6040000,Motorola,Xanh Bạc Hà,4.9,"Đã bán 2,2k",https://www.thegioididong.com/dtdd/motorola-g57-power-5g-8gb-128gb,https://cdn.tgdd.vn/Products/Images/42/362373/motorola-g57-power-5g-8gb-128gb-xanh-bac-ha-thumb-1-600x600.jpg
342692,Điện thoại,Điện thoại iPhone 17e 256GB,21590000,iPhone (Apple),Hồng nhạt,4.9,"Đã bán 4,3k",https://www.thegioididong.com/dtdd/iphone-17e-256gb,https://cdn.tgdd.vn/Products/Images/42/342692/iphone-17e-256gb-hong-thumb-600x600.jpg
360302,Điện thoại,Điện thoại Xiaomi Redmi Note 15 6GB/128GB,4490000,Xiaomi,Tím,4.9,"Đã bán 8,2k",https://www.thegioididong.com/dtdd/xiaomi-redmi-note-15-6gb-128gb,https://cdn.tgdd.vn/Products/Images/42/360302/xiaomi-redmi-note-15-thumb-600x600.jpg
360244,Điện thoại,Điện thoại OPPO A6x 4GB/64GB,4840000,OPPO,Titan Tím,4.9,"Đã bán 38,8k",https://www.thegioididong.com/dtdd/oppo-a6x-4gb-64gb?utm_flashsale=1,https://cdn.tgdd.vn/Products/Images/42/360244/oppo-a6x-titan-tim-thumb-600x600.jpg
368101,Điện thoại,Điện thoại OPPO Reno16 Pro 5G 12GB/256GB,23240000,OPPO,Đen,4.9,Đã bán 996,https://www.thegioididong.com/dtdd/oppo-reno16-pro,https://cdn.tgdd.vn/Products/Images/42/368101/oppo-reno16-pro-den-thumb-600x600.jpg
357862,Điện thoại,Điện thoại vivo X300 Pro 5G 16GB/512GB,31040000,vivo,Đen,4.9,"Đã bán 1,3k",https://www.thegioididong.com/dtdd/vivo-x300-pro,https://cdn.tgdd.vn/Products/Images/42/357862/vivo-x300-pro-den-thumb-600x600.jpg
361703,Điện thoại,Điện thoại realme 16 5G 8GB/256GB,10140000,realme,Trắng,4.9,Đã bán 11k,https://www.thegioididong.com/dtdd/realme-16-5g-8gb-256gb,https://cdn.tgdd.vn/Products/Images/42/361703/realme-16-trang-thumb-600x600.jpg
344641,Điện thoại,Điện thoại HONOR Magic V5 5G 16GB/512GB,34840000,HONOR,Đen,5,Đã bán 225,https://www.thegioididong.com/dtdd/honor-magic-v5-5g-16gb-512gb,https://cdn.tgdd.vn/Products/Images/42/344641/honor-magic-v5-black-thumb-600x600.jpg
362374,Điện thoại,Điện thoại Motorola Edge 70 8GB/256GB,9240000,Motorola,Xám,4.9,"Đã bán 1,5k",https://www.thegioididong.com/dtdd/motorola-edge-70-8gb-256gb,https://cdn.tgdd.vn/Products/Images/42/362374/motorola-edge-70-8gb-256gb-xam-thumb-1-600x600.jpg
329135,Điện thoại,Điện thoại iPhone 16 128GB,24990000,iPhone (Apple),Xanh Lưu Ly,4.9,"Đã bán 31,4k",https://www.thegioididong.com/dtdd/iphone-16,https://cdn.tgdd.vn/Products/Images/42/329135/iphone-16-blue-600x600.png
334864,Điện thoại,Điện thoại iPhone 16e 128GB,16990000,iPhone (Apple),Trắng,4.9,Đã bán 7k,https://www.thegioididong.com/dtdd/iphone-16e,https://cdn.tgdd.vn/Products/Images/42/334864/iphone-16e-white-thumb-600x600.jpg
333363,Điện thoại,Điện thoại Samsung Galaxy S25 5G 12GB/256GB,16790000,Samsung,Xanh lá,4.9,"Đã bán 16,5k",https://www.thegioididong.com/dtdd/samsung-galaxy-s25,https://cdn.tgdd.vn/Products/Images/42/333363/samsung-galaxy-s25-green-thumbai-600x600.jpg
360310,Điện thoại,Điện thoại Xiaomi Redmi Note 15 5G 6GB/128GB,5490000,Xiaomi,Xanh Dương,4.9,"Đã bán 2,5k",https://www.thegioididong.com/dtdd/xiaomi-redmi-note-15-5g-6gb-128gb,https://cdn.tgdd.vn/Products/Images/42/360310/xiaomi-redmi-note-15-5g-thumb-600x600.jpg
339245,Điện thoại,Điện thoại HONOR 400 Lite 12GB/256GB,8180000,HONOR,Xanh lá,4.9,"Đã bán 8,6k",https://www.thegioididong.com/dtdd/honor-400-lite,https://cdn.tgdd.vn/Products/Images/42/339245/honor-400-lite-green-thumb-600x600.jpg
360344,Điện thoại,Điện thoại realme C85 8GB/128GB,5940000,realme,Xanh dương nhạt,4.9,"Đã bán 21,9k",https://www.thegioididong.com/dtdd/realme-c85-8gb-128gb?utm_flashsale=1,https://cdn.tgdd.vn/Products/Images/42/360344/realme-c85-8gb-128gb-xanh-thumb-600x600.jpg
369546,Điện thoại,Điện thoại Motorola G06 POWER 4GB/64GB,3440000,Motorola,Xanh Dương,,,https://www.thegioididong.com/dtdd/motorola-g06-power-4gb-64gb?utm_flashsale=1,https://cdn.tgdd.vn/Products/Images/42/369546/TimerThumb/369546-600x600.png
341688,Điện thoại,Điện thoại Samsung Galaxy A17 5G 8GB/128GB,6000000,Samsung,Xám,4.9,Đã bán 13k,https://www.thegioididong.com/dtdd/samsung-galaxy-a17-5g-8gb-128gb,https://cdn.tgdd.vn/Products/Images/42/341688/galaxy-a17-5g-gray-thumbai-600x600.jpg
360312,Điện thoại,Điện thoại Xiaomi Redmi Note 15 Pro 5G 8GB/256GB,7990000,Xiaomi,Titan xám,4.9,"Đã bán 50,9k",https://www.thegioididong.com/dtdd/xiaomi-redmi-note-15-pro-5g-8gb-256gb,https://cdn.tgdd.vn/Products/Images/42/360312/xiaomi-redmi-note-15-pro-5g-8gb-256gb-titan-thumb-600x600.jpg
339180,Điện thoại,Điện thoại vivo Y39 5G 8GB/128GB,6720000,vivo,Tím,4.9,"Đã bán 27,1k",https://www.thegioididong.com/dtdd/vivo-y39-5g?utm_flashsale=1,https://cdn.tgdd.vn/Products/Images/42/339180/vivo-y39-5g-tim-thumb-600x600.jpg
357832,Điện thoại,Điện thoại realme C85 Pro 8GB/128GB,5840000,realme,Tím,4.9,"Đã bán 17,6k",https://www.thegioididong.com/dtdd/realme-c85-pro-8gb-128gb,https://cdn.tgdd.vn/Products/Images/42/357832/realme-c85-pro-tim-thumb-600x600.jpg
339638,Điện thoại,Điện thoại HONOR 400 5G 12GB/256GB Đen,11100000,HONOR,Đen,4.9,"Đã bán 1,4k",https://www.thegioididong.com/dtdd/honor-400-5g-12gb-256gb-den,https://cdn.tgdd.vn/Products/Images/42/339638/honor-400-5g-12gb-256gb-den-thumb-600x600.jpg
362760,Điện thoại,Điện thoại realme C85 5G 8GB/128GB,6630000,realme,Xanh,5,"Đã bán 3,3k",https://www.thegioididong.com/dtdd/realme-c85-5g-8gb-128gb?utm_flashsale=1,https://cdn.tgdd.vn/Products/Images/42/362760/realme-c85-xanh-thumb-600x600.jpg
366660,Điện thoại,Điện thoại Tecno Spark 40 6GB/128GB,3440000,Tecno,Đen,5,"Đã bán 1,4k",https://www.thegioididong.com/dtdd/tecno-spark-40-6gb-128gb,https://cdn.tgdd.vn/Products/Images/42/366660/tecno-spark-40-6gb-128gb-den-thumb-600x600.jpg
358048,Điện thoại,Điện thoại Motorola G35 5G 4GB/128GB,4070000,Motorola,Xanh lá,4.9,"Đã bán 8,8k",https://www.thegioididong.com/dtdd/motorola-moto-g35-5g-4gb-128gb?utm_flashsale=1,https://cdn.tgdd.vn/Products/Images/42/358048/motorola-moto-g35-5g-4gb-128gb-xanh-thumb-1-600x600.jpg
366829,Điện thoại,Điện thoại realme C100i 4GB/64GB,4940000,realme,Xám,5,Đã bán 20k,https://www.thegioididong.com/dtdd/realme-c100i-4gb-64gb?utm_flashsale=1,https://cdn.tgdd.vn/Products/Images/42/366829/realme-c100i-xam-thumb-1-600x600.jpg
363438,Điện thoại,Điện thoại realme P4 Power 5G 12GB/256GB,13690000,realme,Cam,4.9,"Đã bán 3,8k",https://www.thegioididong.com/dtdd/realme-p4-power-5g-12gb-256gb,https://cdn.tgdd.vn/Products/Images/42/363438/realme-p4-power-cam-thumb-600x600.jpg
342560,Điện thoại,Điện thoại Samsung Galaxy S25 FE 5G 8GB/128GB,12490000,Samsung,Xanh dương nhạt,4.9,"Đã bán 8,8k",https://www.thegioididong.com/dtdd/samsung-galaxy-s25-fe-5g-8gb-128gb,https://cdn.tgdd.vn/Products/Images/42/342560/samsung-galaxy-s25-fe-blue-thumbai-600x600.jpg
360240,Điện thoại,Điện thoại OPPO Reno15 F 5G 8GB/256GB,11840000,OPPO,Hồng,4.9,"Đã bán 25,5k",https://www.thegioididong.com/dtdd/oppo-reno15f-5g-8gb-256gb,https://cdn.tgdd.vn/Products/Images/42/360240/oppo-reno15f-5g-8gb-256gb-hong-thumb-600x600.jpg
360307,Điện thoại,Điện thoại Xiaomi Redmi Note 15 Pro 8GB/256GB,6690000,Xiaomi,Đen,4.9,"Đã bán 34,3k",https://www.thegioididong.com/dtdd/xiaomi-redmi-note-15-pro-8gb-256gb?utm_flashsale=1,https://cdn.tgdd.vn/Products/Images/42/360307/xiaomi-redmi-note-15-pro-8gb-256gb-den-thumb-600x600.jpg
344650,Điện thoại,Điện thoại OPPO A6 Pro 8GB/256GB,9020000,OPPO,Titan xanh,4.9,"Đã bán 38,6k",https://www.thegioididong.com/dtdd/oppo-a6-pro-8gb-256gb,https://cdn.tgdd.vn/Products/Images/42/344650/oppo-a6-pro-4g-titan-thumbai-600x600.jpg
343067,Điện thoại,Điện thoại realme 15 Pro 5G 12GB/256GB,10240000,realme,Bạc,4.9,"Đã bán 1,7k",https://www.thegioididong.com/dtdd/realme-15-pro-5g-12gb-256gb,https://cdn.tgdd.vn/Products/Images/42/343067/realme-15-pro-bac-thumb-600x600.jpg
343063,Điện thoại,Điện thoại realme 15T 5G 8GB/256GB,6940000,realme,Bạc,4.9,"Đã bán 20,4k",https://www.thegioididong.com/dtdd/realme-15t-5g-8gb-256gb?utm_flashsale=1,https://cdn.tgdd.vn/Products/Images/42/343063/realme-15t-bac-thumb-600x600.jpg
358225,Điện thoại,Điện thoại Motorola G86 POWER 5G 8GB/128GB,5840000,Motorola,Xanh tím,4.9,"Đã bán 8,5k",https://www.thegioididong.com/dtdd/motorola-moto-g86-5g-8gb-128gb,https://cdn.tgdd.vn/Products/Images/42/358225/motorola-moto-g86-5g-8gb-128gb-tim-thumb-600x600.jpg
358224,Điện thoại,Điện thoại Motorola Edge 60 Fusion 5G 8GB/256GB,6840000,Motorola,Xanh Nước Biển,4.9,"Đã bán 5,3k",https://www.thegioididong.com/dtdd/motorola-edge-60-fusion-8gb-256gb,https://cdn.tgdd.vn/Products/Images/42/358224/motorola-edge-60-fusion-8gb-256gb-xanh-thumb-1-600x600.jpg
358223,Điện thoại,Điện thoại Motorola Razr 60 5G 8GB/256GB,14040000,Motorola,Xanh Dương,5,Đã bán 907,https://www.thegioididong.com/dtdd/motorola-razr-60-8gb-256gb,https://cdn.tgdd.vn/Products/Images/42/358223/motorola-razr-60-8gb-256gb-xanh-thumb-1-600x600.jpg
338738,Điện thoại,Điện thoại Samsung Galaxy Z Fold7 5G 12GB/256GB,36090000,Samsung,Đen,5,Đã bán 4k,https://www.thegioididong.com/dtdd/samsung-galaxy-z-fold7,https://cdn.tgdd.vn/Products/Images/42/338738/samsung-galaxy-z-fold7-black-thumb-1-600x600.jpg
360309,Điện thoại,Điện thoại Xiaomi Redmi Note 15 Pro+ 5G 12GB/256GB,9990000,Xiaomi,Đen,4.9,"Đã bán 13,3k",https://www.thegioididong.com/dtdd/xiaomi-redmi-note-15-pro-plus-5g-12gb-256gb,https://cdn.tgdd.vn/Products/Images/42/360309/xiaomi-redmi-note-15-pro-plus-5g-12gb-256gb-den-thumb-600x600.jpg
343124,Điện thoại,Điện thoại OPPO A6 Pro 5G 8GB/256GB,10520000,OPPO,Xanh Dương,4.9,"Đã bán 33,4k",https://www.thegioididong.com/dtdd/oppo-a6-pro-5g-8gb-256gb?utm_flashsale=1,https://cdn.tgdd.vn/Products/Images/42/343124/oppo-a6-pro-5g-blue-thumbai-600x600.jpg
341625,Điện thoại,Điện thoại vivo V60 5G 12GB/256GB,14920000,vivo,Xám,4.9,"Đã bán 4,1k",https://www.thegioididong.com/dtdd/vivo-v60-12gb-256gb?utm_flashsale=1,https://cdn.tgdd.vn/Products/Images/42/341625/vivo-v60-5g-xam-thumb-600x600.jpg
362919,Điện thoại,Điện thoại HONOR X8d 8GB/128GB,6340000,HONOR,Xanh Dương,5,"Đã bán 1,4k",https://www.thegioididong.com/dtdd/honor-x8d-8gb-128gb,https://cdn.tgdd.vn/Products/Images/42/362919/honor-x8d-8gb-128gb-xanh-thumb-600x600.jpg
361191,Điện thoại,Điện thoại OPPO A6t 4GB/64GB,4840000,OPPO,Xanh,5,"Đã bán 1,2k",https://www.thegioididong.com/dtdd/oppo-a6t-4gb-64gb,https://cdn.tgdd.vn/Products/Images/42/361191/oppo-a6t-xanh-thumb-600x600.jpg
336408,Điện thoại,Điện thoại vivo V50 Lite 5G 8GB/256GB,8660000,vivo,Vàng,4.9,"Đã bán 15,3k",https://www.thegioididong.com/dtdd/vivo-v50-lite-5g,https://cdn.tgdd.vn/Products/Images/42/336408/vivo-v50-lite-vang-600x600.jpg
361951,Điện thoại,Điện thoại Samsung Galaxy S26 Ultra 5G 12GB/256GB,27500000,Samsung,Đen,4.9,Đã bán 17k,https://www.thegioididong.com/dtdd/samsung-galaxy-s26-ultra-12gb-256gb,https://cdn.tgdd.vn/Products/Images/42/361951/samsung-galaxy-s26-ultra-12gb-256gb-den-thumb-600x600.jpg
363398,Điện thoại,Điện thoại Samsung Galaxy A57 5G 8GB/128GB,10590000,Samsung,Tím,4.9,"Đã bán 2,8k",https://www.thegioididong.com/dtdd/samsung-galaxy-a57-8gb-128gb,https://cdn.tgdd.vn/Products/Images/42/363398/samsung-galaxy-a57-tim-thumb-600x600.jpg
341802,Điện thoại,Điện thoại Samsung Galaxy A07 4GB/64GB,3140000,Samsung,Đen,4.9,Đã bán 123k,https://www.thegioididong.com/dtdd/samsung-galaxy-a07-4gb-64gb,https://cdn.tgdd.vn/Products/Images/42/341802/samsung-galaxy-a07-black-thumbnew-600x600.jpg
341797,Điện thoại,Điện thoại Samsung Galaxy A17 4GB/128GB,5200000,Samsung,Xám,4.9,"Đã bán 105,9k",https://www.thegioididong.com/dtdd/samsung-galaxy-a17-4gb-128gb?utm_flashsale=1,https://cdn.tgdd.vn/Products/Images/42/341797/samsung-galaxy-a17-lte-xam-thumb-600x600.jpg
311033,Điện thoại,Điện thoại Nokia 105 4G Pro,780000,Nokia,Đen,4.9,"Đã bán 397,4k",https://www.thegioididong.com/dtdd/nokia-105-4g-pro,https://cdn.tgdd.vn/Products/Images/42/311033/nokia-105-4g-den-thumb-600x600.jpg
369630,Điện thoại,Điện thoại Xiaomi Redmi 17 4G 4GB/128GB,4790000,Xiaomi,Xanh lá,,,https://www.thegioididong.com/dtdd/xiaomi-redmi-17-4g-4gb-128gb?utm_flashsale=1,https://cdn.tgdd.vn/Products/Images/42/369630/xiaomi-redmi-17-green-thumb-600x600.jpg
365289,Điện thoại,Điện thoại Xiaomi Poco C71 4GB/64GB,3190000,Xiaomi,Vàng,5,"Đã bán 22,6k",https://www.thegioididong.com/dtdd/xiaomi-poco-c71-4gb-64gb?utm_flashsale=1,https://cdn.tgdd.vn/Products/Images/42/365289/xiaomi-poco-c71-4gb-64gb-vang-thumb-600x600.jpg
367977,Điện thoại,Điện thoại Masstel IZI T6 T127,550000,Masstel,Đen,5,"Đã bán 13,4k",https://www.thegioididong.com/dtdd/masstel-izi-t6-t127,https://cdn.tgdd.vn/Products/Images/42/367977/masstel-izi-t6-t127-den-thumb-600x600.jpg
360671,Điện thoại,Điện thoại vivo Y31d 6GB/128GB,7640000,vivo,Đen,4.9,Đã bán 38k,https://www.thegioididong.com/dtdd/vivo-y31d-6gb-128gb,https://cdn.tgdd.vn/Products/Images/42/360671/vivo-31d-den-thumb-600x600.jpg
323546,Điện thoại,Điện thoại Masstel Fami 50 4G,650000,Masstel,Xanh lá,4.9,"Đã bán 93,6k",https://www.thegioididong.com/dtdd/masstel-fami-50,https://cdn.tgdd.vn/Products/Images/42/323546/masstel-fami-50-green-thumb-600x600.jpg
365875,Điện thoại,Điện thoại vivo Y05 4GB/64GB,4740000,vivo,Đen,5,Đã bán 27k,https://www.thegioididong.com/dtdd/vivo-y05-4gb-64gb?utm_flashsale=1,https://cdn.tgdd.vn/Products/Images/42/365875/vivo-y05-xanh-den-thumb-600x600.jpg
329676,Điện thoại,Điện thoại Nokia HMD 105 4G,750000,Nokia,Hồng,4.9,"Đã bán 90,8k",https://www.thegioididong.com/dtdd/nokia-hmd-105-4g,https://cdn.tgdd.vn/Products/Images/42/329676/nokia-hmd-105-4g-pink-thumb-600x600.jpg
342939,Điện thoại,Điện thoại Masstel IZI 10 4G Type-C,430000,Masstel,Xanh Dương,4.9,"Đã bán 55,7k",https://www.thegioididong.com/dtdd/masstel-izi-10-type-c,https://cdn.tgdd.vn/Products/Images/42/342939/masstel-izi-10-xanh-600x600.jpg
207956,Điện thoại,Điện thoại Nokia 220 4G,1100000,Nokia,Cam,4.9,"Đã bán 98,8k",https://www.thegioididong.com/dtdd/nokia-220-4g,https://cdn.tgdd.vn/Products/Images/42/207956/nokia-220-4g-cam-thumb-600x600.jpg
370758,Điện thoại,Điện thoại Masstel IZI 10S,490000,Masstel,Đen,,,https://www.thegioididong.com/dtdd/masstel-izi-10s,https://cdn.tgdd.vn/Products/Images/42/370758/masstel-izi-10s-den-thumb-600x600.jpg
364793,Điện thoại,Điện thoại Xiaomi Redmi A7 Pro 4GB/64GB,3590000,Xiaomi,Cam,4.9,"Đã bán 13,8k",https://www.thegioididong.com/dtdd/xiaomi-redmi-a7-pro,https://cdn.tgdd.vn/Products/Images/42/364793/xiaomi-redmi-a7-pro-cam-thumb-600x600.jpg
367596,Điện thoại,Điện thoại OPPO A6c 4GB/64GB,4540000,OPPO,Nâu,5,"Đã bán 15,4k",https://www.thegioididong.com/dtdd/oppo-a6c-4gb-64gb,https://cdn.tgdd.vn/Products/Images/42/367596/oppo-a6c-nau-thumb-1-600x600.jpg
363437,Điện thoại,Điện thoại realme Note 80 4GB/64GB,4290000,realme,Đen,4.9,"Đã bán 28,3k",https://www.thegioididong.com/dtdd/realme-note-80-4gb-64gb?utm_flashsale=1,https://cdn.tgdd.vn/Products/Images/42/363437/realme-note-80-den-thumb-600x600.jpg
370492,Điện thoại,Điện thoại vivo Y05e 4GB/64GB,4040000,vivo,Xanh,,,https://www.thegioididong.com/dtdd/vivo-y05e-4gb-64gb?utm_flashsale=1,https://cdn.tgdd.vn/Products/Images/42/370492/vivo-y05e-xanh-thumb-600x600.jpg
311034,Điện thoại,Điện thoại Nokia 110 4G Pro,850000,Nokia,Xanh,4.9,"Đã bán 77,9k",https://www.thegioididong.com/dtdd/nokia-110-4g-pro,https://cdn.tgdd.vn/Products/Images/42/311034/nokia-110-4g-xanh-thumb-600x600.jpg
365878,Điện thoại,Điện thoại Vivo Y11d 4GB/128GB,5940000,vivo,Đen,5,"Đã bán 10,9k",https://www.thegioididong.com/dtdd/vivo-y11d-4gb-128gb,https://cdn.tgdd.vn/Products/Images/42/365878/vivo-y11d-den-thumb-600x600.jpg
368232,Điện thoại,Điện thoại Xiaomi Redmi A7 3GB/64GB,3190000,Xiaomi,Xanh Dương,5,"Đã bán 3,3k",https://www.thegioididong.com/dtdd/xiaomi-redmi-a7-3gb-64gb,https://cdn.tgdd.vn/Products/Images/42/368232/xiaomi-redmi-a7-3gb-64gb-xanh-thumb-600x600.jpg
366923,Điện thoại,Điện thoại Nubia V80 Design 4GB/128GB,3540000,Nubia,Đen,5,Đã bán 3k,https://www.thegioididong.com/dtdd/nubia-v80-design-4gb-128gb,https://cdn.tgdd.vn/Products/Images/42/366923/nubia-v80-design-4gb-128gb-den-thumb-600x600.jpg
361709,Điện thoại,Điện thoại Samsung Galaxy A07 5G 4GB/128GB,4800000,Samsung,Tím,4.9,"Đã bán 8,6k",https://www.thegioididong.com/dtdd/samsung-galaxy-a07-5g-4gb-128gb,https://cdn.tgdd.vn/Products/Images/42/361709/samsung-galaxy-a07-5g-tim-thumb-1-600x600.jpg
299998,Điện thoại,Điện thoại Mobell F209,610000,Mobell,Vàng,4.9,"Đã bán 52,9k",https://www.thegioididong.com/dtdd/mobell-f209,https://cdn.tgdd.vn/Products/Images/42/299998/mobell-f209-gold-600x600.jpg
358698,Điện thoại,Điện thoại HONOR Play 10 3GB/64GB,3140000,HONOR,Xanh lá,4.9,"Đã bán 4,3k",https://www.thegioididong.com/dtdd/honor-play-10-3gb-64gb,https://cdn.tgdd.vn/Products/Images/42/358698/honor-play-10-3gb-64gb-xanh-thumb-600x600.jpg
333347,Điện thoại,Điện thoại Samsung Galaxy S25 Ultra 5G 12GB/256GB,24390000,Samsung,Xanh Dương,4.9,"Đã bán 31,2k",https://www.thegioididong.com/dtdd/samsung-galaxy-s25-ultra,https://cdn.tgdd.vn/Products/Images/42/333347/samsung-galaxy-s25-ultra-blue-thumbai-600x600.jpg
369620,Điện thoại,Điện thoại Xiaomi Redmi Note 17 5G 6GB/128GB,7390000,Xiaomi,Xanh ngọc,,,https://www.thegioididong.com/dtdd/xiaomi-redmi-note-17-5g-6gb-128gb,https://cdn.tgdd.vn/Products/Images/42/369620/xiaomi-redmi-note-17-5g-blue-thumb-600x600.jpg
366662,Điện thoại,Điện thoại Nubia A56 4GB/128GB,3240000,Nubia,Vàng,4.9,"Đã bán 2,9k",https://www.thegioididong.com/dtdd/nubia-a56-4gb-128gb,https://cdn.tgdd.vn/Products/Images/42/366662/nubia-a56-4gb-128gb-vang-thumb-600x600.jpg
361630,Điện thoại,Điện thoại Nubia A36 4GB/64GB,2840000,Nubia,Vàng nhạt,5,"Đã bán 6,7k",https://www.thegioididong.com/dtdd/nubia-a36-4gb-64gb,https://cdn.tgdd.vn/Products/Images/42/361630/nubia-a36-4gb-64gb-vang-thumb-600x600.jpg
369634,Điện thoại,Điện thoại Xiaomi Redmi 17 5G 4GB/128GB,4990000,Xiaomi,Cam,,,https://www.thegioididong.com/dtdd/xiaomi-redmi-17-5g-4gb-128gb,https://cdn.tgdd.vn/Products/Images/42/369634/xiaomi-redmi-17-5g-cam-thumb-600x600.jpg
304608,Điện thoại,Điện thoại Mobell F309 4G,750000,Mobell,Vàng,4.9,Đã bán 35k,https://www.thegioididong.com/dtdd/mobell-f309,https://cdn.tgdd.vn/Products/Images/42/304608/mobell-f309-trang-thumb-600x600.jpg
284122,Điện thoại,Điện thoại Mobell M239 4G,430000,Mobell,Xanh Dương,4.9,"Đã bán 128,9k",https://www.thegioididong.com/dtdd/mobell-m239,https://cdn.tgdd.vn/Products/Images/42/284122/mobell-m239-xanh-thumb-1-600x600.jpg
367004,Điện thoại,Điện thoại Xiaomi 17T Pro 5G 12GB/256GB,17290000,Xiaomi,Đen,5,"Đã bán 2,5k",https://www.thegioididong.com/dtdd/xiaomi-17t-pro-5g-12gb-256gb?utm_flashsale=1,https://cdn.tgdd.vn/Products/Images/42/367004/xiaomi-17t-pro-5g-den-thumb-600x600.jpg
359776,Điện thoại,Điện thoại Xiaomi Redmi 15 5G 4GB/128GB,4590000,Xiaomi,Xanh lá,4.9,Đã bán 13k,https://www.thegioididong.com/dtdd/xiaomi-redmi-15-5g-4gb-128gb,https://cdn.tgdd.vn/Products/Images/42/359776/xiaomi-redmi-15-5g-4gb-128gb-xanh-thumb-600x600.jpg
363464,Điện thoại,Điện thoại Vivo V70 5G 8GB/256GB,16820000,vivo,Vàng Hồng,5,"Đã bán 3,5k",https://www.thegioididong.com/dtdd/vivo-v70-8gb-256gb?utm_flashsale=1,https://cdn.tgdd.vn/Products/Images/42/363464/vivo-v70-8gb-256gb-vang-thumb-600x600.jpg
367811,Điện thoại,Điện thoại Nubia V80 Max 6GB/128GB,3740000,Nubia,Bạc,5,Đã bán 1k,https://www.thegioididong.com/dtdd/nubia-v80-max-6gb-128gb,https://cdn.tgdd.vn/Products/Images/42/367811/nubia-v80-max-6gb-128gb-bac-thumb-600x600.jpg
358691,Điện thoại,Điện thoại HONOR X5c Plus 4GB/64GB,3540000,HONOR,Đen,5,"Đã bán 4,1k",https://www.thegioididong.com/dtdd/honor-x5c-plus-4gb-64gb,https://cdn.tgdd.vn/Products/Images/42/358691/honor-x5c-plus-4gb-64gb-den-thumb-600x600.jpg
322877,Điện thoại,Điện thoại Masstel IZI T6 4G,550000,Masstel,Xanh lá,4.9,"Đã bán 147,2k",https://www.thegioididong.com/dtdd/masstel-izi-t6,https://cdn.tgdd.vn/Products/Images/42/322877/masstel-izi-t6-green-thumb-600x600.jpg
322876,Điện thoại,Điện thoại Masstel Fami 60S 4G,750000,Masstel,Xanh Dương,4.9,"Đã bán 44,3k",https://www.thegioididong.com/dtdd/masstel-fami-60s,https://cdn.tgdd.vn/Products/Images/42/322876/masstel-fami-60s-blue-thumb-600x600.jpg
361949,Điện thoại,Điện thoại Samsung Galaxy S26+ 5G 12GB/256GB,22000000,Samsung,Xanh Dương,5,"Đã bán 3,6k",https://www.thegioididong.com/dtdd/samsung-galaxy-s26-plus-12gb-256gb,https://cdn.tgdd.vn/Products/Images/42/361949/samsung-galaxy-s26-plus-12gb-256gb-xanh-duong-thumb-600x600.jpg
360238,Điện thoại,Điện thoại OPPO Reno15 5G 8GB/256GB,13520000,OPPO,Xanh Dương,4.9,Đã bán 26k,https://www.thegioididong.com/dtdd/oppo-reno15-5g-8gb-256gb?utm_flashsale=1,https://cdn.tgdd.vn/Products/Images/42/360238/oppo-reno15-5g-8gb-256gb-xanh-thumb-600x600.jpg
346265,Điện thoại,Điện thoại Xiaomi Redmi 15C 6GB/128GB,4090000,Xiaomi,Đen,4.9,"Đã bán 55,4k",https://www.thegioididong.com/dtdd/xiaomi-redmi-15c-6gb-128gb,https://cdn.tgdd.vn/Products/Images/42/346265/xiaomi-redmi-15c-black-thumb-600x600.jpg
368053,Điện thoại,Điện thoại Samsung Galaxy Z Flip8 5G 12GB/256GB,25000000,Samsung,Đen,,Đã bán 572,https://www.thegioididong.com/dtdd/samsung-galaxy-z-flip8-12gb-256gb,https://cdn.tgdd.vn/Products/Images/42/368053/samsung-galaxy-z-flip8-xam-thumb-600x600.jpg
363470,Điện thoại,Điện thoại Xiaomi POCO X8 Pro 5G 8GB/256GB,10290000,Xiaomi,Xanh lá,5,"Đã bán 1,1k",https://www.thegioididong.com/dtdd/xiaomi-poco-x8-pro-8gb-256gb,https://cdn.tgdd.vn/Products/Images/42/363470/xiaomi-poco-x8-pro-8gb-256gb-xanh-thumb-600x600.jpg
341272,Điện thoại,Điện thoại Xiaomi Redmi 15 6GB/128GB,4090000,Xiaomi,Tím,4.9,"Đã bán 60,8k",https://www.thegioididong.com/dtdd/xiaomi-redmi-15-6gb-128gb,https://cdn.tgdd.vn/Products/Images/42/341272/xiaomi-redmi-15-tim-thumbnew-600x600.jpg
362971,Điện thoại,Điện thoại Honor X7d 8GB/128GB,5240000,HONOR,Vàng,5,"Đã bán 1,1k",https://www.thegioididong.com/dtdd/honor-x7d-8gb-128gb,https://cdn.tgdd.vn/Products/Images/42/362971/honor-x7d-8gb-128gb-vang-thumb-600x600.jpg
368045,Điện thoại,Điện thoại Samsung Galaxy A27 6GB/128GB,7500000,Samsung,Xanh đen,5,"Đã bán 2,1k",https://www.thegioididong.com/dtdd/samsung-galaxy-a27-6gb-128gb,https://cdn.tgdd.vn/Products/Images/42/368045/samsung-galaxy-a27-xanh-thumb-600x600.jpg
365402,Điện thoại,Điện thoại OPPO Find X9s 12GB/512GB,25840000,OPPO,Cam nhạt,5,"Đã bán 3,6k",https://www.thegioididong.com/dtdd/oppo-find-x9s-12gb-512gb,https://cdn.tgdd.vn/Products/Images/42/365402/oppo-find-x9s-cam-thumb-1-600x600.jpg
344644,Điện thoại,Điện thoại Xiaomi 15T 5G 12GB/256GB,10690000,Xiaomi,Vàng,4.9,"Đã bán 36,6k",https://www.thegioididong.com/dtdd/xiaomi-15t-12gb-256gb,https://cdn.tgdd.vn/Products/Images/42/344644/xiaomi-15t-12gb-256gb-vang-thumb-600x600.jpg
288630,Điện thoại,Điện thoại Mobell M539,690000,Mobell,Đỏ,4.9,"Đã bán 61,4k",https://www.thegioididong.com/dtdd/mobell-m539,https://cdn.tgdd.vn/Products/Images/42/288630/mobell-m539-do-thumb-600x600.jpg
358669,Điện thoại,Điện thoại vivo Y21d 6GB/128GB,5600000,vivo,Tím,5,"Đã bán 25,9k",https://www.thegioididong.com/dtdd/vivo-y21d-6gb-128gb?utm_flashsale=1,https://cdn.tgdd.vn/Products/Images/42/358669/vivo-y21d-purple-thumb-600x600.jpg
338741,Điện thoại,Điện thoại Samsung Galaxy Z Flip7 FE 5G 8GB/128GB,15840000,Samsung,Trắng,4.9,"Đã bán 3,3k",https://www.thegioididong.com/dtdd/samsung-galaxy-z-flip7-fe?utm_flashsale=1,https://cdn.tgdd.vn/Products/Images/42/338741/samsung-galaxy-z-flip7-fe-white-thumb-600x600.jpg
368234,Điện thoại,Điện thoại Motorola Moto G37 5G 4GB/64GB,4140000,Motorola,Xám,5,Đã bán 192,https://www.thegioididong.com/dtdd/motorola-g37-4gb-64gb,https://cdn.tgdd.vn/Products/Images/42/368234/motorola-g37-den-thumb-600x600.jpg
338026,Điện thoại,Điện thoại Mobell Rock 7,890000,Mobell,Xanh lá,5,"Đã bán 1,9k",https://www.thegioididong.com/dtdd/mobell-rock-7,https://cdn.tgdd.vn/Products/Images/42/338026/mobell-rock-7-green-thumb-600x600.jpg
360236,Điện thoại,Điện thoại OPPO Reno15 Pro 5G 12GB/256GB,17020000,OPPO,Xanh dương nhạt,4.9,"Đã bán 9,9k",https://www.thegioididong.com/dtdd/oppo-reno15-pro-5g-12gb-256gb?utm_flashsale=1,https://cdn.tgdd.vn/Products/Images/42/360236/oppo-reno15-pro-5g-12gb-256gb-xanh-thumb-600x600.jpg
314697,Điện thoại,Điện thoại Mobell M331 4G,540000,Mobell,Xanh,4.9,Đã bán 69k,https://www.thegioididong.com/dtdd/mobell-m331,https://cdn.tgdd.vn/Products/Images/42/314697/mobell-m331-thumb-xanh-1-600x600.jpg
361270,Điện thoại,Điện thoại Xiaomi 17 Ultra 5G 16GB/512GB,30290000,Xiaomi,Đen,4.9,"Đã bán 1,2k",https://www.thegioididong.com/dtdd/xiaomi-17-ultra,https://cdn.tgdd.vn/Products/Images/42/361270/xiaomi-17-ultra-den-thumb-600x600.jpg
326477,Điện thoại,Điện thoại Nokia 3210 4G,1490000,Nokia,Đen,4.9,"Đã bán 24,3k",https://www.thegioididong.com/dtdd/nokia-3210-4g,https://cdn.tgdd.vn/Products/Images/42/326477/nokia-3210-4g-black-thumb-600x600.jpg
361269,Điện thoại,Điện thoại Xiaomi 17 5G 12GB/256GB,19090000,Xiaomi,Xanh lá,4.9,"Đã bán 2,3k",https://www.thegioididong.com/dtdd/xiaomi-17,https://cdn.tgdd.vn/Products/Images/42/361269/xiaomi-17-xanh-la-thumb-600x600.jpg
370547,Điện thoại,Điện thoại Xphone Hera S9,590000,Xphone,Xám,,,https://www.thegioididong.com/dtdd/xphone-hera-s9,https://cdn.tgdd.vn/Products/Images/42/370547/xphone-hera-s9-den-thumb-600x600.jpg
362375,Điện thoại,Điện thoại Motorola Signature 12GB/256GB,17990000,Motorola,Xanh Oliu,5,Đã bán 521,https://www.thegioididong.com/dtdd/motorola-signature-12gb-256gb?utm_flashsale=1,https://cdn.tgdd.vn/Products/Images/42/362375/motorola-signature-12gb-256gb-thumb-600x600.jpg
340220,Điện thoại,Điện thoại HONOR X6c 6GB/128GB,4340000,HONOR,Xanh lá,4.9,"Đã bán 6,9k",https://www.thegioididong.com/dtdd/honor-x6c-6gb-128gb,https://cdn.tgdd.vn/Products/Images/42/340220/honor-x6c-6gb-128gb-xanh-thumb-600x600.jpg
339177,Điện thoại,Điện thoại OPPO Reno14 F 5G 12GB/256GB,10620000,OPPO,Hồng,4.9,"Đã bán 105,7k",https://www.thegioididong.com/dtdd/oppo-reno14-f-5g-12gb-256gb?utm_flashsale=1,https://cdn.tgdd.vn/Products/Images/42/339177/oppo-reno14-f-5g-pink-thumb-600x600.jpg
344645,Điện thoại,Điện thoại Xiaomi 15T 5G 12GB/512GB,11590000,Xiaomi,Xám,4.9,"Đã bán 9,6k",https://www.thegioididong.com/dtdd/xiaomi-15t-12gb-512gb-xam,https://cdn.tgdd.vn/Products/Images/42/344645/xiaomi-15t-12gb-512gb-xam-thumb-600x600.jpg
363468,Điện thoại,Điện thoại Xiaomi POCO M8 5G 8GB/256GB,5890000,Xiaomi,Xanh lá,4.9,"Đã bán 2,4k",https://www.thegioididong.com/dtdd/xiaomi-poco-m8-8gb-256gb,https://cdn.tgdd.vn/Products/Images/42/363468/xiaomi-poco-m8-8gb-256gb-xanh-thumb-600x600.jpg
335955,Điện thoại,Điện thoại Samsung Galaxy S25 Edge 5G 12GB/512GB,19000000,Samsung,Bạc,4.9,"Đã bán 2,1k",https://www.thegioididong.com/dtdd/samsung-galaxy-s25-edge-5g-512gb,https://cdn.tgdd.vn/Products/Images/42/335955/samsung-galaxy-s25-edge-sliver-thumb-600x600.jpg
361707,Điện thoại,Điện thoại realme 16 Pro 5G 12GB/256GB,11940000,realme,Tím,4.9,"Đã bán 2,9k",https://www.thegioididong.com/dtdd/realme-16-pro-5g-12gb-256gb,https://cdn.tgdd.vn/Products/Images/42/361707/realme-16-pro-tim-thumb-600x600.jpg
368875,Điện thoại,Điện thoại Nothing Phone (4a) Pro 5G 12GB/256GB,14740000,Nothing Phone,Hồng,,Đã bán 103,https://www.thegioididong.com/dtdd/nothing-phone-4-a-pro-12gb-256gb?utm_flashsale=1,https://cdn.tgdd.vn/Products/Images/42/368875/nothing-phone-4a-pro-hong-thumb-600x600.jpg
332934,Điện thoại,Điện thoại OPPO Reno13 5G 12GB/256GB,11230000,OPPO,Xanh Dương,4.9,"Đã bán 21,7k",https://www.thegioididong.com/dtdd/oppo-reno13-5g?utm_flashsale=1,https://cdn.tgdd.vn/Products/Images/42/332934/oppo-reno13-blue-thumbnew-600x600.jpg
337714,Điện thoại,Điện thoại Xiaomi Redmi Note 14 Pro 5G 12GB/512GB,8900000,Xiaomi,Tím,4.9,"Đã bán 17,2k",https://www.thegioididong.com/dtdd/xiaomi-redmi-note-14-pro-5g-12gb-512gb,https://cdn.tgdd.vn/Products/Images/42/337714/xiaomi-redmi-note-14-pro-5g-tim-thumb-600x600.jpg
343066,Điện thoại,Điện thoại realme 15 5G 12GB/256GB,8440000,realme,Hồng,5,"Đã bán 4,9k",https://www.thegioididong.com/dtdd/realme-15-5g-12gb-256gb?utm_flashsale=1,https://cdn.tgdd.vn/Products/Images/42/343066/realme-15-5g-hong-thumb-600x600.jpg
367007,Điện thoại,Điện thoại Honor 600 Pro 12GB/256GB,21040000,HONOR,Cam,4.9,Đã bán 187,https://www.thegioididong.com/dtdd/honor-600-pro-12gb-256gb,https://cdn.tgdd.vn/Products/Images/42/367007/honor-600-pro-cam-thumbn-600x600.jpg
366919,Điện thoại,Điện thoại Nubia Air 5G 8GB/256GB,5340000,Nubia,Đen,5,Đã bán 255,https://www.thegioididong.com/dtdd/nubia-air-5g-8gb-256gb,https://cdn.tgdd.vn/Products/Images/42/366919/nubia-air-5g-8gb-256gb-den-thumb-600x600.jpg
335915,Điện thoại,Điện thoại Samsung Galaxy A26 5G 6GB/128GB,5800000,Samsung,Hồng,4.9,"Đã bán 12,9k",https://www.thegioididong.com/dtdd/samsung-galaxy-a26-6gb-128gb?utm_flashsale=1,https://cdn.tgdd.vn/Products/Images/42/335915/samsung-galaxy-a26-5g-hong-thumbn-600x600.jpg
367010,Điện thoại,Điện thoại Honor 600 8GB/256GB,14840000,HONOR,Cam,4.9,Đã bán 326,https://www.thegioididong.com/dtdd/honor-600-8gb-256gb,https://cdn.tgdd.vn/Products/Images/42/367010/honor-600-cam-thumb-600x600.jpg
344646,Điện thoại,Điện thoại Xiaomi 15T Pro 5G 12GB/256GB,14390000,Xiaomi,Xám,4.9,"Đã bán 7,6k",https://www.thegioididong.com/dtdd/xiaomi-15t-pro-12gb-256gb,https://cdn.tgdd.vn/Products/Images/42/344646/xiaomi-15t-pro-12gb-256gb-xam-thumb-600x600.jpg
367598,Điện thoại,Điện thoại OPPO A6t Pro 8GB/128GB,10840000,OPPO,Trắng,5,"Đã bán 1,2k",https://www.thegioididong.com/dtdd/oppo-a6t-pro-8gb-128gb,https://cdn.tgdd.vn/Products/Images/42/367598/oppo-a6t-pro-trang-thumb-1-600x600.jpg
362273,Điện thoại,Điện thoại Xiaomi POCO F8 Pro 12GB/512GB,16790000,Xiaomi,Xanh Dương,5,Đã bán 220,https://www.thegioididong.com/dtdd/xiaomi-poco-f8-pro-12-512gb,https://cdn.tgdd.vn/Products/Images/42/362273/xiaomi-poco-f8-pro-12-512gb-xanh-thumb-1-600x600.jpg
362274,Điện thoại,Điện thoại Xiaomi POCO X7 Pro 12GB/512GB,10290000,Xiaomi,Xanh lá,5,Đã bán 455,https://www.thegioididong.com/dtdd/xiaomi-poco-x7-pro-12-512gb,https://cdn.tgdd.vn/Products/Images/42/362274/xiaomi-poco-x7-pro-12-256gb-xanh-thumb-600x600.jpg
370849,Điện thoại,Điện thoại Xiaomi POCO F9 Ultra 5G 12GB/256GB,24290000,Xiaomi,Đỏ,,,https://www.thegioididong.com/dtdd/xiaomi-poco-f9-ultra-12gb-256gb,https://cdn.tgdd.vn/Products/Images/42/370849/xiaomi-poco-f9-ultra-5g-do-thumb-600x600.jpg
317981,Điện thoại,Điện thoại OPPO Find N3 Flip 5G 12GB/256GB Hồng,17430000,OPPO,Hồng,4.9,"Đã bán 2,2k",https://www.thegioididong.com/dtdd/oppo-find-n3-flip-hong,https://cdn.tgdd.vn/Products/Images/42/317981/oppo-find-n3-flip-hong-thumb-1-600x600.jpg
364791,Điện thoại,Điện thoại OPPO Find X9 Ultra 12GB/512GB,44840000,OPPO,Nâu nhạt,5,Đã bán 333,https://www.thegioididong.com/dtdd/oppo-find-x9-ultra,https://cdn.tgdd.vn/Products/Images/42/364791/oppo-find-x9-ultra-den-thumb-600x600.jpg
367617,Điện thoại,Điện thoại Tecno Pova Curve 2 5G 8GB/128GB,8740000,Tecno,Tím,,,https://www.thegioididong.com/dtdd/tecno-pova-curve-2-5g-8gb-128gb,https://cdn.tgdd.vn/Products/Images/42/367617/tecno-pova-curve-2-5g-tim-thumb-600x600.jpg
265311,Điện thoại,Điện thoại Masstel IZI 10,430000,Masstel,Đen - Đỏ,4.9,"Đã bán 227,6k",https://www.thegioididong.com/dtdd/masstel-izi-10,https://cdn.tgdd.vn/Products/Images/42/265311/masstel-izi-10-4g-thumb-1-600x600.jpg
334404,Điện thoại,Điện thoại OPPO A5 Pro 5G 8GB/256GB,7530000,OPPO,Hồng,4.9,"Đã bán 42,7k",https://www.thegioididong.com/dtdd/oppo-a5-pro-5g?utm_flashsale=1,https://cdn.tgdd.vn/Products/Images/42/334404/oppo-a5-pro-hong-thumb-1-600x600.jpg
363258,Điện thoại,Điện thoại OPPO Find N6 5G 16GB/512GB,64840000,OPPO,Titan xanh,5,Đã bán 149,https://www.thegioididong.com/dtdd/oppo-find-n6,https://cdn.tgdd.vn/Products/Images/42/363258/oppo-find-n6-xam-thumb-1-2-600x600.jpg
363410,Điện thoại,Điện thoại HONOR X5c 4GB/64GB,3290000,HONOR,Đen,5,Đã bán 434,https://www.thegioididong.com/dtdd/honor-x5c-4gb-64gb,https://cdn.tgdd.vn/Products/Images/42/363410/honor-x5c-4gb-64gb-den-thumb-600x600.jpg
368098,Điện thoại,Điện thoại Honor 600 Pro Molly 12GB/512GB Vàng Trắng,23540000,HONOR,Trắng - Vàng,5,Đã bán 21,https://www.thegioididong.com/dtdd/honor-600-pro-molly-12gb-512gb,https://cdnv2.tgdd.vn/mwg-static/tgdd/Products/Images/42/368098/honor-600-pro-molly-12gb-512gb-thumb-639165315982574935-600x600.jpg
336623,Điện thoại,Điện thoại realme 14 5G 12GB/256GB,10050000,realme,Xám,4.9,"Đã bán 4,2k",https://www.thegioididong.com/dtdd/realme-14-5g,https://cdn.tgdd.vn/Products/Images/42/336623/realme-14-5g-xam-thumb-600x600.jpg
338736,Điện thoại,Điện thoại Samsung Galaxy Z Flip7 5G 12GB/256GB,23010000,Samsung,Đen,5,"Đã bán 2,6k",https://www.thegioididong.com/dtdd/samsung-galaxy-z-flip7,https://cdn.tgdd.vn/Products/Images/42/338736/samsung-galaxy-z-flip7-black-thumb-600x600.jpg
337713,Điện thoại,Điện thoại Xiaomi Redmi Note 14 Pro+ 5G 12GB/512GB,9860000,Xiaomi,Xanh Dương,4.9,"Đã bán 27,3k",https://www.thegioididong.com/dtdd/xiaomi-redmi-note-14-pro-plus-5g-12gb-512gb,https://cdn.tgdd.vn/Products/Images/42/337713/xiaomi-redmi-note-14-pro-plus-xanh-thumb-600x600.jpg
368231,Điện thoại,Điện thoại Tecno Spark 50 Pro 4GB/128GB,6340000,Tecno,Xám,,,https://www.thegioididong.com/dtdd/tecno-spark-50-pro-4gb-128gb,https://cdn.tgdd.vn/Products/Images/42/368231/tecno-spark-50-pro-xam-thumb-600x600.jpg
371029,Điện thoại,Điện thoại Nothing Phone (4b) 5G 8GB/128GB,10490000,Nothing Phone,Xanh Dương,,,https://www.thegioididong.com/dtdd/nothing-phone-4b-8gb-128gb,https://cdn.tgdd.vn/Products/Images/42/371029/nothing-phone-4b-blue-thumb-600x600.jpg
371119,Điện thoại,Điện thoại vivo V80 Lite 5G 6GB/128GB,0,vivo,Xanh,,,https://www.thegioididong.com/dtdd/vivo-v80-lite-5g-6gb-128gb,https://cdnv2.tgdd.vn/mwg-static/tgdd/Products/Images/42/371119/vivo-v80-lite-6gb-128gb-080926-103845-290-600x600.jpg
371120,Điện thoại,Điện thoại vivo V80 Lite 5G 6GB/256GB,0,vivo,Hồng - Tím,,,https://www.thegioididong.com/dtdd/vivo-v80-lite-5g-6gb-256gb,https://cdnv2.tgdd.vn/mwg-static/tgdd/Products/Images/42/371120/vivo-v80-lite-6gb-256gb-080926-103930-811-600x600.jpg
371195,Điện thoại,Điện thoại OPPO A7 Pro 5G 8GB/128GB,0,OPPO,,,,https://www.thegioididong.com/dtdd/oppo-a7-pro-5g-8gb-128gb,https://cdnv2.tgdd.vn/mwg-static/tgdd/Products/Images/42/371195/oppo-a7-pro-5g-8gb-128gb-100926-115537-175-600x600.jpg
371196,Điện thoại,Điện thoại OPPO A7 Pro 5G 6GB/256GB,0,OPPO,,,,https://www.thegioididong.com/dtdd/oppo-a7-pro-5g-6gb-256gb,https://cdnv2.tgdd.vn/mwg-static/tgdd/Products/Images/42/371196/oppo-a7-pro-5g-6gb-256gb-100926-115519-969-600x600.jpg
371197,Điện thoại,Điện thoại OPPO A7 Pro 5G 8GB/256GB,0,OPPO,,,,https://www.thegioididong.com/dtdd/oppo-a7-pro-5g-8gb-256gb,https://cdnv2.tgdd.vn/mwg-static/tgdd/Products/Images/42/371197/oppo-a7-pro-5g-8gb-256gb-100926-115509-906-600x600.jpg
371315,Điện thoại,Điện thoại OPPO Find X10 Pro Max 5G 12GB/512GB,0,OPPO,,,,https://www.thegioididong.com/dtdd/oppo-find-x10-pro-max-12gb-512gb,https://cdnv2.tgdd.vn/mwg-static/tgdd/Products/Images/42/371315/oppo-find-x10-pro-max-12gb-512gb-120926-123718-160-600x600.png
371316,Điện thoại,Điện thoại OPPO Find X10 5G 12GB/512GB,0,OPPO,,,,https://www.thegioididong.com/dtdd/oppo-find-x10-12gb-512gb,https://cdnv2.tgdd.vn/mwg-static/tgdd/Products/Images/42/371316/oppo-find-x10-12gb-512gb-120926-123807-395-600x600.png
371317,Điện thoại,Điện thoại OPPO Find X10 5G 12GB/256GB,0,OPPO,,,,https://www.thegioididong.com/dtdd/oppo-find-x10-12gb-256gb,https://cdnv2.tgdd.vn/mwg-static/tgdd/Products/Images/42/371317/oppo-find-x10-12gb-256gb-120926-123831-822-600x600.png
361311,Laptop,"Laptop HP 15 fc0023AU - D0BH1PA (R5 7520U, 16GB, 512GB, Full HD, Win11)",21290000,HP,Vàng,4.9,"Đã bán 6,8k",https://www.thegioididong.com/laptop/hp-15-fc0023au-r5-7520u-d0bh1pa,https://cdnv2.tgdd.vn/mwg-static/tgdd/Products/Images/44/361311/hp-15-fc0023au-r5-7520u-d0bh1pa-thumb-639030592238863081-600x600.jpg
363537,Laptop,Laptop MacBook Neo 13 inch A18 Pro 8GB/256GB,18990000,MacBook,Xanh Dương,4.9,Đã bán 4k,https://www.thegioididong.com/laptop/macbook-neo-13-inch-a18-pro-8gb-256gb,https://cdn.tgdd.vn/Products/Images/44/363537/macbook-neo-13-inch-a18-pro-8gb-256gb-xanh-duong-600x600.jpg
358132,Laptop,"Laptop Asus Vivobook S14 S3407VA - LY146W (Core 5 210H, 16GB, 512GB, WUXGA, Win11)",21490000,Asus,Bạc,5,"Đã bán 2,5k",https://www.thegioididong.com/laptop/asus-vivobook-s14-s3407va-core-5-210h-ly146w,https://cdnv2.tgdd.vn/mwg-static/tgdd/Products/Images/44/358132/asus-vivobook-s14-s3407va-core-5-210h-ly146w-thumb-638965583427975379-600x600.jpg
368556,Laptop,"Laptop Dell 15 DC15255 - DC5R5973W1-2Y (R5 7530U, 16GB, 512GB, Full HD 120Hz, OfficeHS24+365, Win11)",23990000,Dell,Bạc,5,Đã bán 244,https://www.thegioididong.com/laptop/dell-15-dc15255-r5-7530u-dc5r5973w1-2y,https://cdnv2.tgdd.vn/mwg-static/tgdd/Products/Images/44/368556/dell-15-dc15255-r5-7530u-dc5r5973w1-2y-thumb-639180726788114595-600x600.jpg
367016,Laptop,"Laptop Lenovo IdeaPad Slim 3 15IPH11 - 83UR00A4VN (Ultra 5 322, 16GB, 512GB, WUXGA, Win11)",23690000,Lenovo,Xám,5,"Đã bán 1,2k",https://www.thegioididong.com/laptop/lenovo-ideapad-slim-3-15iph11-ultra-5-322-83ur00a4vn,https://cdnv2.tgdd.vn/mwg-static/tgdd/Products/Images/44/367016/lenovo-ideapad-slim-3-15iph11-ultra-5-322-83ur00a4vn-thumb-639144382848821483-600x600.jpg
355729,Laptop,"Laptop HP 240R G10 - C3RU7AT (Core 5 120U, 16GB, 512GB, Full HD, Win11)",22990000,HP,Bạc,4.9,"Đã bán 4,2k",https://www.thegioididong.com/laptop/hp-240r-g10-core-5-120u-c3ru7at,https://cdnv2.tgdd.vn/mwg-static/tgdd/Products/Images/44/355729/hp-240r-g10-core-5-120u-c3ru7at-thumb01-639144570820332386-600x600.jpg
362025,Laptop,"Laptop Dell 15 DC15250 - DC5I5897W1 (i5 1334U, 16GB, 512GB, Full HD+ 120Hz, OfficeH24+365, Win11)",22990000,Dell,Bạc,5,"Đã bán 3,2k",https://www.thegioididong.com/laptop/dell-15-dc15250-i5-1334u-dc5i5897w1,https://cdnv2.tgdd.vn/mwg-static/tgdd/Products/Images/44/362025/dell-15-dc15250-i5-1334u-dc5i5897w1-thumb-639046899814234946-600x600.jpg
363487,Laptop,Laptop MacBook Air 13 inch M5 16GB/512GB/8GPU 70W,35290000,MacBook,Xanh da trời nhạt,5,"Đã bán 2,5k",https://www.thegioididong.com/laptop/macbook-air-13-inch-m5-16gb-512gb-70w,https://cdn.tgdd.vn/Products/Images/44/363487/macbook-air-13-inch-m5-16gb-512gb-70w-xanh-da-troi-1-600x600.jpg
369212,Laptop,"Laptop MSI Modern 15 F1MG-1264VN (Core 5 120U, 16GB, 512GB, Full HD, Win11)",19990000,MSI,Xám,,,https://www.thegioididong.com/laptop/msi-modern-15-f1mg-1264vn-core-5-120u,https://cdnv2.tgdd.vn/mwg-static/tgdd/Products/Images/44/369212/msi-modern-15-f1mg-1264vn-core-5-120u-thumb-639192846390358481-600x600.jpg
364397,Laptop,"Laptop Asus Vivobook 16 A1607QA - MB067W (X1 26 100, 16GB, 512GB, WUXGA, Win11)",19490000,Asus,Bạc,5,Đã bán 849,https://www.thegioididong.com/laptop/asus-vivobook-16-a1607qa-x1-26-100-mb067w,https://cdnv2.tgdd.vn/mwg-static/tgdd/Products/Images/44/364397/asus-vivobook-16-a1607qa-x1-26-100-mb067w-thumb-2-639155694743786038-600x600.jpg
367375,Laptop,"Laptop Acer Aspire Lite 14 AL14-44P-R0SP - NX.DMCSV.003 (R7 7730U, 8GB, 512GB, Full HD+, Win11)",20490000,Acer,Bạc,5,Đã bán 82,https://www.thegioididong.com/laptop/acer-aspire-lite-14-al14-44p-r0sp-r7-7730u-nx-dmcsv-003,
337420,Laptop,"Laptop HP 245 G10 - B8PF9AT (R5 7530U, 8GB, 512GB, Full HD, Win11)",19290000,HP,Bạc,4.9,"Đã bán 7,3k",https://www.thegioididong.com/laptop/hp-245-g10-r5-b8pf9at,
364859,Laptop,"Laptop Dell 15 DC15250 - 71092479 (i5 1334U, 16GB, 512GB, Full HD 120Hz, OfficeHS24+365B, Win11)",22990000,Dell,Bạc,5,"Đã bán 1,4k",https://www.thegioididong.com/laptop/dell-15-dc15250-i5-1334u-71092479,
368189,Laptop,"Laptop SingPC M16-i382 (i3 1215U, 8GB, 256GB, WUXGA, Win11 Pro)",13490000,SingPC,Bạc,5,Đã bán 532,https://www.thegioididong.com/laptop/singpc-m16-i382-i3-1215u?utm_flashsale=1,
363263,Laptop,"Laptop Acer Aspire Go 15 AG15-72P-500W - NX.JRRSV.007 (Core 5 120U, 16GB, 512GB, Full HD, Win11)",19990000,Acer,Bạc,5,Đã bán 521,https://www.thegioididong.com/laptop/acer-aspire-go-15-ag15-72p-500w-core-5-120u-nx-jrrsv-007,
366746,Laptop,"Laptop Lenovo IdeaPad Slim 3 15ARP10 - 83K700YUVN (R5 7535HS, 16GB, 512GB, WUXGA, Win11)",21490000,Lenovo,Xám,4.9,"Đã bán 1,4k",https://www.thegioididong.com/laptop/lenovo-ideapad-slim-3-15arp10-r5-7535hs-83k700yuvn,https://cdnv2.tgdd.vn/mwg-static/tgdd/Products/Images/44/366746/lenovo-ideapad-slim-3-15arp10-r5-7535hs-83k700yuvn-thumb-639135011549694205-600x600.jpg
367376,Laptop,"Laptop Acer Aspire Lite 15 AL15-49P-R6XX - NX.DRZSV.002 (R5 7430U, 8GB, 512GB, Full HD, Win11)",18690000,Acer,Bạc,5,Đã bán 238,https://www.thegioididong.com/laptop/acer-aspire-lite-15-al15-49p-r6xx-r5-7430u-nx-drzsv-002,https://cdnv2.tgdd.vn/mwg-static/tgdd/Products/Images/44/367376/acer-aspire-lite-15-al15-49p-r6xx-r5-7430u-nx-drzsv-002-thumb-639167109436766259-600x600.jpg
363507,Laptop,Laptop MacBook Air 15 inch M5 16GB/512GB 70W,41290000,MacBook,Xanh đen,5,Đã bán 145,https://www.thegioididong.com/laptop/macbook-air-15-inch-m5-16gb-512gb-70w,https://cdn.tgdd.vn/Products/Images/44/363507/macbook-air-15-inch-m5-16gb-512gb-70w-xanh-den-600x600.jpg
342941,Laptop,"Laptop MSI Modern 15 F13MG - 667VN_16GB (i5 1334U, 16GB, 512GB, Full HD, Win11)",18190000,MSI,Bạc,5,Đã bán 1k,https://www.thegioididong.com/laptop/msi-modern-15-f13mg-i5-1334u-667vn-16gb,https://cdnv2.tgdd.vn/mwg-static/tgdd/Products/Images/44/342941/msi-modern-15-f13mg-i5-1334u-667vn-16gb-thumb-2-638981132535627040-600x600.jpg
360420,Laptop,"Laptop Asus Vivobook 15 X1504VA - BQ295W (Core 7 150U, 16GB, 512GB, Full HD, Win11)",22090000,Asus,Bạc,5,"Đã bán 1,5k",https://www.thegioididong.com/laptop/asus-vivobook-15-x1504va-core-7-150u-bq295w,https://cdnv2.tgdd.vn/mwg-static/tgdd/Products/Images/44/360420/asus-vivobook-15-x1504va-core-7-150u-bq295w-thumb-639016922618560744-600x600.jpg
358078,Laptop,"Laptop HP OmniBook 5 Flip 14 fp0057TU - BZ7Q6PA (Core 5 120U, 16GB, 512GB, WUXGA, Cảm ứng, OfficeH24, Win11)",26490000,HP,Bạc,5,"Đã bán 1,7k",https://www.thegioididong.com/laptop/hp-omnibook-5-flip-14-fp0057tu-core-5-120u-bz7q6pa,https://cdnv2.tgdd.vn/mwg-static/tgdd/Products/Images/44/358078/hp-omnibook-5-flip-14-fp0057tu-core-5-120u-bz7q6pa-thumb-2-639029106959306955-600x600.jpg
338204,Laptop,"Laptop HP Gaming VICTUS 15 fa2731TX - B85LNPA (i5 13420H, 16GB, 512GB, RTX 3050 6GB, Full HD 144Hz, Win11)",26490000,HP,Đen,4.9,"Đã bán 2,6k",https://www.thegioididong.com/laptop/hp-victus-15-fa2731tx-i5-b85lnpa,https://cdnv2.tgdd.vn/mwg-static/tgdd/Products/Images/44/338204/hp-victus-15-fa2731tx-i5-b85lnpa-thumb-638833321610397298-600x600.jpg
362620,Laptop,"Laptop Asus Vivobook Go 15 E1504FA - BQ374W (R5 40, 8GB, 512GB, Full HD, Win11)",18890000,Asus,Bạc,5,"Đã bán 1,8k",https://www.thegioididong.com/laptop/asus-vivobook-go-15-e1504fa-r5-40-bq374w,https://cdnv2.tgdd.vn/mwg-static/tgdd/Products/Images/44/362620/asus-vivobook-go-15-e1504fa-r5-40-bq374w-thumb-2-639058215406164553-600x600.jpg
357990,Laptop,"Laptop Dell 15 DC15250 - CPH99 (i5 1334U, 16GB, 512GB, Full HD 120Hz, OfficeH24+365B, Win11)",22490000,Dell,Bạc,5,"Đã bán 2,7k",https://www.thegioididong.com/laptop/dell-15-dc15250-i5-1334u-cph99,https://cdnv2.tgdd.vn/mwg-static/tgdd/Products/Images/44/357990/dell-15-dc15250-i5-1334u-cph99-thumb-638967241287160500-600x600.jpg
362621,Laptop,"Laptop Asus TUF Gaming FA506NCQ - HN005W (R7 170, 16GB, 512GB, RTX 3050 4GB, Full HD 144Hz, Win11)",27490000,Asus,Đen,5,"Đã bán 1,8k",https://www.thegioididong.com/laptop/asus-tuf-gaming-fa506ncq-r7-170-hn005w,https://cdnv2.tgdd.vn/mwg-static/tgdd/Products/Images/44/362621/asus-tuf-gaming-fa506ncq-r7-170-hn005w-thumb-639059676707947017-600x600.jpg
363903,Laptop,"Laptop Lenovo Gaming LOQ 15ARP10 - 83S000CNVN (R7 170, 16GB, 512GB, RTX 3050 6GB, Full HD 144Hz, Win11)",29490000,Lenovo,Xám,5,Đã bán 763,https://www.thegioididong.com/laptop/lenovo-gaming-loq-15arp10-r7-170-83s000cnvn,https://cdnv2.tgdd.vn/mwg-static/tgdd/Products/Images/44/363903/lenovo-gaming-loq-15arp10-r7-170-83s000cnvn-thumb-639088378609730153-600x600.jpg
366090,Laptop,"Laptop Acer Aspire Go 15 AG15-52P-52WT - NX.JWKSV.001 (Ultra 5 115U, 16GB, 512GB, Full HD, Win11)",22990000,Acer,Bạc,5,Đã bán 140,https://www.thegioididong.com/laptop/acer-aspire-go-15-ag15-52p-52wt-ultra-5-115u-nx-jwksv-001,https://cdnv2.tgdd.vn/mwg-static/tgdd/Products/Images/44/366090/acer-aspire-go-15-ag15-52p-52wt-ultra-5-115u-nx-jwksv-001-thumb-639124658569510271-600x600.jpg
368211,Laptop,"Laptop Lenovo Ideapad Slim 3 15IWC11 - 83RR00CVVN (Core 5 320, 8GB, 512GB, WUXGA, Win11)",19190000,Lenovo,Xám,5,Đã bán 723,https://www.thegioididong.com/laptop/lenovo-ideapad-slim-3-15iwc11-core-5-320-83rr00cvvn,https://cdnv2.tgdd.vn/mwg-static/tgdd/Products/Images/44/368211/lenovo-ideapad-slim-3-15iwc11-core-5-320-83rr00cvvn-thumb-639177374828961305-600x600.jpg
341267,Laptop,"Laptop HP OmniBook 5 AI 16 af1048TU - BZ7Q9PA (Ultra 5 225U, 16GB, 512GB, WUXGA, OfficeH24, Win11)",25990000,HP,Bạc,5,"Đã bán 1,3k",https://www.thegioididong.com/laptop/hp-omnibook-5-ai-16-af1048tu-ultra-5-225u-bz7q9pa,https://cdnv2.tgdd.vn/mwg-static/tgdd/Products/Images/44/341267/hp-omnibook-5-ai-16-af1048tu-ultra-5-225u-bz7q9pa-thumb-3-638978666563774802-600x600.jpg
360690,Laptop,"Laptop Dell 14 DC14250 - DC4C5386W (Core 5 120U, 16GB, 512GB, Full HD+, OfficeH24+365, Win11)",26990000,Dell,Bạc,5,Đã bán 2k,https://www.thegioididong.com/laptop/dell-14-dc14250-core-5-120u-dc4c5386w,https://cdnv2.tgdd.vn/mwg-static/tgdd/Products/Images/44/360690/dell-14-dc14250-core-5-120u-dc4c5386w-thumb-639027406591081421-600x600.jpg
368656,Laptop,"Laptop Acer Gaming Aspire 7 A715-59G-59RD - NH.DXUSV.001 (Core 5 210H, 16GB, 512GB, RTX 3050 4GB, Fulll HD 144Hz, Win11)",26990000,Acer,Đen,5,Đã bán 579,https://www.thegioididong.com/laptop/acer-gaming-aspire-7-a715-59g-59rd-core-5-210h-nh-dxusv-001,https://cdnv2.tgdd.vn/mwg-static/tgdd/Products/Images/44/368656/acer-gaming-aspire-7-a715-59g-59rd-core-5-210h-nh-dxusv-001-thumb-639186880778742734-600x600.jpg
365310,Laptop,"Laptop Dell 15 DC15250 - DC15250-i5U165W11SLU-27 (i5 1334U, 16GB, 512GB, Full HD 120Hz, OfficeHS24+365, Win11)",22990000,Dell,Bạc,5,"Đã bán 1,2k",https://www.thegioididong.com/laptop/dell-15-dc15250-i5-1334u-dc15250-i5u165w11slu-27,https://cdnv2.tgdd.vn/mwg-static/tgdd/Products/Images/44/365310/dell-15-dc15250-i5-1334u-dc15250-i5u165w11slu-27-thumb-639116750273813116-600x600.jpg
362398,Laptop,"Laptop HP 15 fd1486TU - D0BH3PA (Ultra 5 125H, 24GB, 512GB, Full HD, Win11)",23990000,HP,Vàng,5,"Đã bán 1,2k",https://www.thegioididong.com/laptop/hp-15-fd1486tu-ultra-5-125h-d0bh3pa,https://cdnv2.tgdd.vn/mwg-static/tgdd/Products/Images/44/362398/hp-15-fd1486tu-ultra-5-125h-d0bh3pa-thumb-639053708522941531-600x600.jpg
368210,Laptop,"Laptop Lenovo IdeaPad Slim 3 15IWC11 - 83RR00AAVN (Core 5 320, 16GB, 512GB, WUXGA, Win11)",22990000,Lenovo,Xám,5,Đã bán 464,https://www.thegioididong.com/laptop/lenovo-ideapad-slim-3-15iwc11-core-5-320-83rr00aavn,https://cdnv2.tgdd.vn/mwg-static/tgdd/Products/Images/44/368210/lenovo-ideapad-slim-3-15iwc11-core-5-320-83rr00aavn-thumb-639177342871449623-600x600.jpg
368192,Laptop,"Laptop SingPC M16-i595 (i5 1235U, 16GB, 512GB, WUXGA, Win11 Pro)",17390000,SingPC,Vàng Nhạt,,Đã bán 92,https://www.thegioididong.com/laptop/singpc-m16-i595-i5-1235u,https://cdnv2.tgdd.vn/mwg-static/tgdd/Products/Images/44/368192/singpc-m16-i595-i5-1235u-100826-102009-960-600x600.jpg
366087,Laptop,"Laptop Acer Aspire Lite 15 AL15-21P-R91W - NX.DNRSV.002 (R5 40, 16GB, 512GB, Full HD, Win11)",19990000,Acer,Bạc,5,Đã bán 336,https://www.thegioididong.com/laptop/acer-aspire-lite-15-al15-21p-r91w-r5-40-nx-dnrsv-002,https://cdnv2.tgdd.vn/mwg-static/tgdd/Products/Images/44/366087/acer-aspire-lite-15-al15-21p-r91w-r5-40-nx-dnrsv-002-thumb-639124668970737654-600x600.jpg
369645,Laptop,"Laptop Acer Nitro ProPanel ANV15-52-50RB - NH.QUASV.002 (Core 5 210H, 16GB, 512GB, RTX 4050 6GB, Full HD 180Hz, Win11)",33490000,Acer,Đen,,,https://www.thegioididong.com/laptop/acer-nitro-propanel-anv15-52-50rb-core-5-210h-nh-quasv-002,https://cdnv2.tgdd.vn/mwg-static/tgdd/Products/Images/44/369645/acer-nitro-propanel-anv15-52-50rb-core-5-210h-nh-quasv-002-thumb-639200108930160685-600x600.jpg
363492,Laptop,Laptop MacBook Pro 16 inch M5 Pro 48GB/1TB,95990000,MacBook,Bạc,5,Đã bán 39,https://www.thegioididong.com/laptop/macbook-pro-16-inch-m5-pro-48gb-1tb,https://cdn.tgdd.vn/Products/Images/44/363492/macbook-pro-16-inch-m5-pro-48gb-1tb-bac-thumb-600x600.jpg
360295,Laptop,"Laptop Acer Gaming Predator Helios Neo 16 AI PHN16 73 757W - NH.QVQSV.001 (Ultra 7 255HX, 32GB, 1TB, RTX 5060 8GB, 2K+ 240Hz, Win11)",60990000,Acer,Đen,,Đã bán 4,https://www.thegioididong.com/laptop/acer-gaming-predator-helios-neo-16-ai-phn16-73-757w-nh-qvqsv-001,https://cdnv2.tgdd.vn/mwg-static/tgdd/Products/Images/44/360295/acer-gaming-predator-helios-neo-16-ai-phn16-73-757w-nh-qvqsv-001-thumb-639011583719481626-600x600.jpg
362024,Laptop,"Laptop Dell Pro 14 Essential PV14250 - PV14250-120U-16512W-BL (Core 5 120U, 16GB, 512GB, Full HD+, OfficeH24+365, Win11)",27990000,Dell,Xanh Đậm,5,"Đã bán 1,4k",https://www.thegioididong.com/laptop/dell-pro-14-essential-pv14250-core-5-120u-pv14250-120u-16512w-bl,https://cdnv2.tgdd.vn/mwg-static/tgdd/Products/Images/44/362024/dell-pro-14-essential-pv14250-core-5-120u-pv14250-120u-16512w-bl-thumb-639046727854987975-600x600.jpg
362410,Laptop,"Laptop Asus Vivobook 14 X1407CA - LY008W (Ultra 5 225H, 16GB, 512GB, WUXGA, Win11)",22190000,Asus,Bạc,5,"Đã bán 1,2k",https://www.thegioididong.com/laptop/asus-vivobook-14-x1407ca-ultra-5-225h-ly008w,https://cdnv2.tgdd.vn/mwg-static/tgdd/Products/Images/44/362410/asus-vivobook-14-x1407ca-ultra-5-225h-ly008w-thumb-639057861785762557-600x600.jpg
341623,Laptop,"Laptop HP Gaming VICTUS 15 fb3116AX - BX8U4PA (R7 7445HS, 16GB, 512GB, RTX3050 6GB, Full HD 144Hz, Win11)",26490000,HP,Đen,5,"Đã bán 1,1k",https://www.thegioididong.com/laptop/hp-victus-15-fb3116ax-r7-7445hs-bx8u4pa,https://cdnv2.tgdd.vn/mwg-static/tgdd/Products/Images/44/341623/hp-victus-15-fb3116ax-r7-7445hs-bx8u4pa-thumb01-638899050739008488-600x600.jpg
368208,Laptop,"Laptop Lenovo IdeaPad Slim 3 14IWC11 - 83RQ002PVN (Core 5 320, 8GB, 512GB, WUXGA, Win11)",18990000,Lenovo,Xám,5,Đã bán 414,https://www.thegioididong.com/laptop/lenovo-ideapad-slim-3-14iwc11-core-5-320-83rq002pvn,https://cdnv2.tgdd.vn/mwg-static/tgdd/Products/Images/44/368208/lenovo-ideapad-slim-3-14iwc11-core-5-320-83rq002pvn-thumb-639172171948435449-600x600.jpg
362406,Laptop,"Laptop Asus Vivobook Go 15 E1504FA - BQ350W (R5 40, 16GB, 512GB, Full HD, Win11)",20790000,Asus,Bạc,4.9,"Đã bán 1,2k",https://www.thegioididong.com/laptop/asus-vivobook-go-15-e1504fa-r5-40-bq350w,https://cdnv2.tgdd.vn/mwg-static/tgdd/Products/Images/44/362406/asus-vivobook-go-15-e1504fa-r5-40-bq350w-thumb-639057642463867778-600x600.jpg
340562,Laptop,"Laptop Dell 15 DC15250 - DC5I7748W1 (i7 1355U, 16GB, 512GB, Full HD 120Hz, OfficeH24+365, Win11)",25490000,Dell,Bạc,4.9,"Đã bán 4,7k",https://www.thegioididong.com/laptop/dell-15-dc15250-i7-dc5i7748w1,https://cdnv2.tgdd.vn/mwg-static/tgdd/Products/Images/44/340562/dell-15-dc15250-i7-dc5i7748w1-638900114799182560-600x600.jpg
340484,Laptop,"Laptop HP Probook 455 G10 - B8PG7AT (R5 7530U, 16GB, 512GB, Full HD, Win11)",19990000,HP,Bạc,4.9,"Đã bán 2,4k",https://www.thegioididong.com/laptop/hp-probook-455-g10-r5-b8pg7at,https://cdnv2.tgdd.vn/mwg-static/tgdd/Products/Images/44/340484/hp-probook-455-g10-r5-b8pg7at-638900119673112884-600x600.jpg
366745,Laptop,"Laptop Lenovo IdeaPad Slim 3 14ARP10 - 83K600E6VN (R5 7535HS, 16GB, 512GB, WUXGA, Win11)",21390000,Lenovo,Xám,5,Đã bán 768,https://www.thegioididong.com/laptop/lenovo-ideapad-slim-3-14arp10-r5-7535hs-83k600e6vn,https://cdnv2.tgdd.vn/mwg-static/tgdd/Products/Images/44/366745/lenovo-ideapad-slim-3-14arp10-r5-7535hs-83k600e6vn-thumb-639140579943537651-600x600.jpg
342758,Laptop,"Laptop Asus Vivobook S16 S3607VA - RP155WS (Core 5 210H, 16GB, 512GB, WUXGA 144Hz, OfficeH24+365, Win11)",21990000,Asus,Bạc,4.9,"Đã bán 2,3k",https://www.thegioididong.com/laptop/asus-vivobook-s16-s3607va-core-5-210h-rp155ws,https://cdnv2.tgdd.vn/mwg-static/tgdd/Products/Images/44/342758/asus-vivobook-s16-s3607va-core-5-210h-rp155ws-thumb-638919139295786834-600x600.jpg
366823,Laptop,"Laptop Acer Gaming Nitro ProPanel ANV16-72-71T9 - NH.QUNSV.001 (Core 7 240H, 16GB, 512GB, RTX 5060 8GB, WUXGA 180Hz, Win11)",43990000,Acer,Đen,,Đã bán 1,https://www.thegioididong.com/laptop/acer-gaming-nitro-propanel-anv16-72-71t9-core-7-240h-nh-qunsv-001,https://cdnv2.tgdd.vn/mwg-static/tgdd/Products/Images/44/366823/acer-gaming-nitro-propanel-anv16-72-71t9-core-7-240h-nh-qunsv-001-thumb-639141099405095592-600x600.jpg
335554,Laptop,"Laptop Lenovo Gaming LOQ 15IRX9 - 83DV003CVN (i5 13450HX, 16GB, 512GB, RTX 3050 6GB, Full HD 144Hz, Win11)",29790000,Lenovo,Xám,5,"Đã bán 3,1k",https://www.thegioididong.com/laptop/lenovo-loq-15irx9-i5-83dv003cvn,https://cdnv2.tgdd.vn/mwg-static/tgdd/Products/Images/44/335554/lenovo-loq-15irx9-i5-83dv003cvn-638828191874856424-600x600.jpg
337044,Laptop,"Laptop HP Pavilion 16 af0055TU - AY8C4PA (Ultra 5 125U, 16GB, 512GB, WUXGA, OfficeHS+365, Win11)",22390000,HP,Bạc,5,"Đã bán 2,8k",https://www.thegioididong.com/laptop/hp-pavilion-16-af0055tu-ultra-5-ay8c4pa,https://cdnv2.tgdd.vn/mwg-static/tgdd/Products/Images/44/337044/hp-pavilion-16-af0055tu-ultra-5-ay8c4pa-thumb-638828179749624956-600x600.jpg
366086,Laptop,"Laptop Acer Aspire Lite 15 AL15-46P-R73C - NX.JXMSV.001 (R3 5400U, 8GB, 512GB, Full HD, Win11)",15990000,Acer,Bạc,5,Đã bán 1k,https://www.thegioididong.com/laptop/acer-aspire-lite-15-al15-46p-r73c-r3-5400u-nx-jxmsv-001,https://cdnv2.tgdd.vn/mwg-static/tgdd/Products/Images/44/366086/acer-aspire-lite-15-al15-46p-r73c-r3-5400u-nx-jxmsv-001-thumb-639125386869694783-600x600.jpg
340561,Laptop,"Laptop Dell 15 DC15250 - DC5I5357W1 (i5 1334U, 16GB, 512GB, Full HD 120Hz, OfficeH24+365, Win11)",22490000,Dell,Bạc,5,"Đã bán 4,2k",https://www.thegioididong.com/laptop/dell-15-dc15250-i5-dc5i5357w1,https://cdnv2.tgdd.vn/mwg-static/tgdd/Products/Images/44/340561/dell-15-dc15250-i5-dc5i5357w1-638900114676211077-600x600.jpg
339682,Laptop,"Laptop Dell Inspiron 14 5441 - 5MNK1 (X1P 64 100, 16GB, 512GB, Full HD+, OfficeH24+365, Win11)",25990000,Dell,Xám,4.9,Đã bán 509,https://www.thegioididong.com/laptop/dell-inspiron-14-5441-x1p-64-100-5mnk1,https://cdnv2.tgdd.vn/mwg-static/tgdd/Products/Images/44/339682/dell-inspiron-14-5441-x1p-64-100-5mnk1-638895760313087821-600x600.jpg
341624,Laptop,"Laptop HP Gaming VICTUS 15 fb3115AX - BX9C9PA (R7 7445HS, 16GB, 512GB, RTX4050 6GB, Full HD 144Hz, Win11)",29990000,HP,Đen,5,Đã bán 527,https://www.thegioididong.com/laptop/hp-victus-15-fb3115ax-r7-7445hs-bx9c9pa,https://cdnv2.tgdd.vn/mwg-static/tgdd/Products/Images/44/341624/hp-victus-15-fb3115ax-r7-7445hs-bx9c9pa-thumb-638899046284890217-600x600.jpg
342524,Laptop,"Laptop Lenovo Gaming LOQ 15IRX9 - 83DV01ANVN (i5 13450HX, 16GB, 1TB, RTX 3050 6GB, Full HD 144Hz, Win11)",29290000,Lenovo,Xám,4.9,"Đã bán 1,2k",https://www.thegioididong.com/laptop/lenovo-gaming-loq-15irx9-i5-83dv01anvn,https://cdnv2.tgdd.vn/mwg-static/tgdd/Products/Images/44/342524/lenovo-gaming-loq-15irx9-i5-83dv01anvn-thumb-638913705000350912-600x600.jpg
341607,Laptop,"Laptop Acer Gaming Nitro ProPanel ANV15 52 72BM - NH.QZ9SV.004 (i7 13620H, 16GB, 512GB, RTX5050 8GB, Full HD 180Hz, Win11)",36990000,Acer,Đen,5,Đã bán 197,https://www.thegioididong.com/laptop/acer-nitro-v-15-propanel-anv15-52-72bm-i7-13620h-nh-qz9sv-004,https://cdnv2.tgdd.vn/mwg-static/tgdd/Products/Images/44/341607/acer-nitro-v-15-propanel-anv15-52-72bm-i7-13620h-nh-qz9sv-004-thumb-638899014448776181-600x600.jpg
360298,Laptop,"Laptop Acer Gaming Nitro ProPanel AN16S 61 R193 - NH.QXTSV.001 (R9 AI 365, 16GB, 512GB, RTX 5070 8GB, 2K+ 180Hz, Win11)",59990000,Acer,Đen,,Đã bán 1,https://www.thegioididong.com/laptop/acer-gaming-nitro-16s-ai-propanel-an16s-61-r193-r9-ai-365-nh-qxtsv-001,https://cdnv2.tgdd.vn/mwg-static/tgdd/Products/Images/44/360298/acer-gaming-nitro-16s-ai-propanel-an16s-61-r193-r9-ai-365-nh-qxtsv-001-thumb-3-639020844558265192-600x600.jpg
368655,Laptop,"Laptop Acer Aspire Lite 16 AL16-71P-582Q - NX.DRSSV.001 (Ultra 5 125H, 16GB, 512GB, Full HD+ 120Hz, Win11)",24990000,Acer,Bạc,,Đã bán 11,https://www.thegioididong.com/laptop/acer-aspire-lite-16-al16-71p-582q-ultra-5-125h-nx-drssv-001,https://cdnv2.tgdd.vn/mwg-static/tgdd/Products/Images/44/368655/acer-aspire-lite-16-al16-71p-582q-ultra-5-125h-nx-drssv-001-thumb-639185397036068917-600x600.jpg
364183,Laptop,"Laptop Asus VivoBook Go 14 E1404FA - EB945W (R5 40, 16GB, 512GB, Full HD, Win11)",20690000,Asus,Bạc,5,"Đã bán 1,2k",https://www.thegioididong.com/laptop/asus-vivobook-go-14-e1404fa-r5-40-eb945w,
367346,Laptop,"Laptop Dell 14 DC14250 - DC14250-C3U085W11SLU-27 (Core 3 100U, 8GB, 512GB, Full HD+, OfficeH24+365, Win11)",18990000,Dell,Bạc,5,Đã bán 712,https://www.thegioididong.com/laptop/dell-14-dc14250-core-3-100u-dc14250-c3u085w11slu-27,
341266,Laptop,"Laptop HP OmniBook 5 AI 16 af1046TU - BZ7Q8PA (Ultra 5 225U, 16GB, 512GB, WUXGA, Cảm ứng, OfficeH24, Win11)",26990000,HP,Bạc,5,Đã bán 727,https://www.thegioididong.com/laptop/hp-omnibook-5-ai-16-af1046tu-ultra-5-225u-bz7q8pa,
365624,Laptop,"Laptop HP 15 fd1487TU - D0BH4PA (Ultra 5 125H, 24GB, 512GB, Full HD, Win11)",23990000,HP,Bạc,5,Đã bán 507,https://www.thegioididong.com/laptop/hp-15-fd1487tu-ultra-5-125h-d0bh4pa,
338320,Laptop,"Laptop Asus Vivobook S14 S3407CA - LY095WS (Ultra 5 225H, 16GB, 512GB, WUXGA, OfficeH24+365, Win11)",23590000,Asus,Xám,4.9,"Đã bán 1,9k",https://www.thegioididong.com/laptop/asus-s3407ca-ultra-5-ly095ws,
360692,Laptop,"Laptop Dell 15 DC15250 - 71084747 (i7 1355U, 16GB, 512GB, Full HD 120 Hz, OfficeHS24+365, Win11)",25490000,Dell,Bạc,5,Đã bán 1k,https://www.thegioididong.com/laptop/dell-15-dc15250-i7-1355u-71084747,
366992,Laptop,"Laptop Acer Aspire Lite 15 AL15-48P-R86Q - NX.DS1SV.002 (R7 5825U, 8GB, 512GB, Full HD, Win11)",18990000,Acer,Bạc,5,Đã bán 180,https://www.thegioididong.com/laptop/acer-aspire-lite-15-al15-48p-r86q-r7-5825u-nx-ds1sv-002,
334446,Laptop,"Laptop Lenovo IdeaPad Slim 3 15IRH10 - 83K1000FVN (i7 13620H, 24GB, 512GB, WUXGA, Win11)",23390000,Lenovo,Xám,4.9,"Đã bán 3,4k",https://www.thegioididong.com/laptop/lenovo-ideapad-slim-3-15irh10-i7-83k1000fvn,
333421,Laptop,"Laptop Acer Aspire Lite 16 G2 AL16 52P 76DU - NX.J2SSV.005 (i7 1355U, 16GB, 512GB, Full HD+, Win11)",19990000,Acer,Bạc,4.9,"Đã bán 1,2k",https://www.thegioididong.com/laptop/acer-aspire-lite-16-g2-al16-52p-76du-i7-nxj2ssv005,
341601,Laptop,"Laptop Acer Gaming Nitro V 15 ProPanel ANV15 41 R0FE - NH.QPFSV.005 (R7 7735HS, 16GB, 512GB, RTX 3050 6GB, Full HD 180Hz, Win11)",29990000,Acer,Đen,5,Đã bán 194,https://www.thegioididong.com/laptop/acer-nitro-v-15-propanel-anv15-41-r0fe-r7-7735hs-nh-qpfsv-005,
339954,Laptop,"Laptop MSI Modern 14 F1MG - 432VN (Core 5 120U, 16GB, 512GB, Full HD, Win11)",20890000,MSI,Bạc,5,Đã bán 119,https://www.thegioididong.com/laptop/msi-modern-14-f1mg-core-5-432vn,
327707,Laptop,"Laptop MSI Gaming Cyborg 15 A13VEK - 1423VN (i7 13620H, 16GB, 512GB, RTX 4050 6GB, Full HD 144Hz, Win11)",29990000,MSI,Đen,5,Đã bán 872,https://www.thegioididong.com/laptop/msi-cyborg-15-a13vek-i7-1423vn,
363257,Laptop,"Laptop Asus VivoBook 16 X1607CA - MB980W (Ultra 5 225H, 16GB, 512GB, WUXGA, Win11)",22190000,Asus,Bạc,5,Đã bán 1k,https://www.thegioididong.com/laptop/asus-x1607ca-ultra-5-225h-mb980w,
369911,Laptop,"Laptop Dell 15 DC15255 - X9YM42 (R7 7730U, 16GB, 1TB, Full HD 120Hz, OfficeH24+36, Win11)",29890000,Dell,Bạc,,,https://www.thegioididong.com/laptop/dell-15-dc15255-r7-7730u-x9ym42,
367684,Laptop,"Laptop Lenovo IdeaPad Slim 3 14IPH11 - 83UQ003NVN (Ultra 5 322, 16GB, 512GB, WUXGA, Win11)",23690000,Lenovo,Xám,5,Đã bán 291,https://www.thegioididong.com/laptop/lenovo-ideapad-slim-3-14iph11-ultra-5-322-83uq003nvn,
362026,Laptop,"Laptop Dell 15 DC15250 - DC5I7952W1 (i7 1355U, 16GB, 512GB, Full HD+ 120Hz, OfficeH24+365, Win11)",25490000,Dell,Bạc,5,"Đã bán 1,1k",https://www.thegioididong.com/laptop/dell-15-dc15250-i7-1355u-dc5i7952w1,
363690,Laptop,"Laptop MSI Gaming Cyborg 15 A13UC - 2088VN (i5 13420H, 16GB, 512GB, RTX 3050 4GB, Full HD 144Hz, Win11)",26090000,MSI,Đen,5,Đã bán 406,https://www.thegioididong.com/laptop/msi-gaming-cyborg-15-a13uc-i5-13420h-2088vn,https://cdnv2.tgdd.vn/mwg-static/tgdd/Products/Images/44/363690/msi-gaming-cyborg-15-a13uc-i5-13420h-2088vn-thumb-639086610086503435-600x600.jpg
325691,Laptop,"Laptop HP 15 fd0015TU - A19C5PA (i7 1355U, 16GB, 512GB, Full HD, Win11)",21990000,HP,Vàng,4.9,"Đã bán 6,4k",https://www.thegioididong.com/laptop/hp-15-fd0015tu-i7-a19c5pa,https://cdnv2.tgdd.vn/mwg-static/tgdd/Products/Images/44/325691/hp-15-fd0015tu-i7-a19c5pa-170225-110311-023-600x600.jpg
358797,Laptop,"Laptop HP 15 fd1288TU - C2CV7PA (Ultra 7 155H, 16GB, 512GB, Full HD, Win11)",25990000,HP,Vàng,5,Đã bán 850,https://www.thegioididong.com/laptop/hp-15-fd1288tu-ultra-7-155h-c2cv7pa,https://cdnv2.tgdd.vn/mwg-static/tgdd/Products/Images/44/358797/hp-15-fd1288tu-ultra-7-155h-c2cv7pa-thumb-638985447995317468-600x600.jpg
341602,Laptop,"Laptop Acer Aspire Lite 16 AI AL16 71P 5674 - NX.D4XSV.001 (Ultra 5 125H, 16GB, 512GB, Full HD+, Win11)",19990000,Acer,Bạc,4.9,"Đã bán 1,1k",https://www.thegioididong.com/laptop/acer-aspire-lite-16-ai-al16-71p-5674-ultra-5-125h-nx-d4xsv-001,https://cdnv2.tgdd.vn/mwg-static/tgdd/Products/Images/44/341602/acer-aspire-lite-16-ai-al16-71p-5674-ultra-5-125h-nx-d4xsv-001-thumb3-638906173311263825-600x600.jpg
359486,Laptop,"Laptop Lenovo Ideapad Slim 5 OLED 14AKP10 - 83HX00B2VN (R5 330, 16GB, 1TB, WUXGA, Win11)",28990000,Lenovo,Xám,5,Đã bán 404,https://www.thegioididong.com/laptop/lenovo-ideapad-slim-5-oled-14akp10-r5-330-83hx00b2vn,https://cdnv2.tgdd.vn/mwg-static/tgdd/Products/Images/44/359486/lenovo-ideapad-slim-5-oled-14akp10-r5-330-83hx00b2vn-thumb-638999407712643452-600x600.jpg
367575,Laptop,"Laptop HP 15 fd2127TU - D72CCPA (Ultra 5 225U, 16GB, 512GB, Full HD, Win11)",24190000,HP,Bạc,5,Đã bán 328,https://www.thegioididong.com/laptop/hp-15-fd2127tu-ultra-5-225u-d72ccpa,https://cdnv2.tgdd.vn/mwg-static/tgdd/Products/Images/44/367575/hp-15-fd2127tu-ultra-5-225u-d72ccpa-thumb-639155613634793350-600x600.jpg
360691,Laptop,"Laptop Dell 15 DC15250 - 71084746 (i5 1334U, 16GB, 512GB, Full HD 120Hz, OfficeHS24+365, Win11)",22490000,Dell,Bạc,5,"Đã bán 1,9k",https://www.thegioididong.com/laptop/dell-15-dc15250-i5-1334u-71084746,https://cdnv2.tgdd.vn/mwg-static/tgdd/Products/Images/44/360691/dell-15-dc15250-i5-1334u-71084746-thumb-639027872992844662-600x600.jpg
362020,Laptop,"Laptop Dell 15 DC15250 - CPH991 (i7 1355U, 16GB, 1TB, Full HD 120Hz, OfficeHS24+365, Win11)",27490000,Dell,Bạc,5,Đã bán 935,https://www.thegioididong.com/laptop/dell-15-dc15250-i7-1355u-cph991,https://cdnv2.tgdd.vn/mwg-static/tgdd/Products/Images/44/362020/dell-15-dc15250-i7-1355u-cph991-thumb-639043732789508738-600x600.jpg
365608,Laptop,"Laptop HP 240R G9 - C40LGAT (Core 5 120U, 16GB, 512GB, Full HD, Win11)",22990000,HP,Đen,5,Đã bán 233,https://www.thegioididong.com/laptop/hp-240r-g9-core-5-120u-c40lgat,https://cdnv2.tgdd.vn/mwg-static/tgdd/Products/Images/44/365608/hp-240r-g9-core-5-120u-c40lgat-thumb-639120162416102265-600x600.jpg
366741,Laptop,"Laptop Lenovo IdeaPad Slim 5 OLED 14IPH11 - 83S5000DVN (Ultra 5 322, 16GB, 512GB, WUXGA OLED, Win11)",29990000,Lenovo,Xám,5,Đã bán 166,https://www.thegioididong.com/laptop/lenovo-ideapad-slim-5-oled-14iph11-ultra-5-322-83s5000dvn,https://cdnv2.tgdd.vn/mwg-static/tgdd/Products/Images/44/366741/lenovo-ideapad-slim-5-oled-14iph11-ultra-5-322-83s5000dvn-thumb-639140930500825785-600x600.jpg
366749,Laptop,"Laptop Lenovo Gaming LOQ 15IRX9 - 83DV01H2VN (i7 13645HX, 16GB, 1TB, RTX 4050 6GB, Full HD 144Hz, Win11)",36990000,Lenovo,Xám,4.9,Đã bán 236,https://www.thegioididong.com/laptop/lenovo-gaming-loq-15irx9-i7-13645hx-83dv01h2vn,
369754,Laptop,"Laptop Acer Gaming Nitro ProPanel ANV15-52-73Z8 - NH.QUASV.001 (Core 7 240H, 16GB, 512GB, RTX 4050 6GB, Full HD  180Hz, Win11)",35990000,Acer,Đen,,,https://www.thegioididong.com/laptop/acer-gaming-nitro-propanel-anv15-52-73z8-core-7-240h-nh-quasv-001,
341626,Laptop,"Laptop Acer Gaming Nitro ProPanel ANV15 52 59AA - NH.QZ9SV.002 (i5 13420H, 16GB, 512GB, RTX 5050 8GB, Full HD 180Hz, Win11)",34990000,Acer,Đen,5,Đã bán 112,https://www.thegioididong.com/laptop/acer-nitro-v-15-propanel-anv15-52-59aa-i5-13420h-nh-qz9sv-002,
325697,Laptop,"Laptop Acer Gaming Nitro V ANV15 51 55CA - NH.QN8SV.004 (i5 13420H, 16GB, 512GB, RTX 4050 6GB, Full HD 144Hz, Win11)",26490000,Acer,Đen,5,"Đã bán 1,7k",https://www.thegioididong.com/laptop/acer-nitro-v-anv15-51-55ca-i5-nhqn8sv004,
363261,Laptop,"Laptop Acer Aspire Go 14 AG14-72P-54DF - NX.JSBSV.009 (Core 5 120U, 16GB, 512GB, Full HD+, Win11)",19990000,Acer,Bạc,5,Đã bán 504,https://www.thegioididong.com/laptop/acer-aspire-go-14-ag14-72p-54df-core-5-120u-nx-jsbsv-009,
358077,Laptop,"Laptop HP OmniBook 5 Flip 14 fp0055TU - BZ7Q4PA (Core 7 150U, 24GB, 512GB, WUXGA, Cảm ứng, OfficeH24, Win11)",31490000,HP,Bạc,5,Đã bán 484,https://www.thegioididong.com/laptop/hp-omnibook-5-flip-14-fp0055tu-core-7-150u-bz7q4pa,https://cdnv2.tgdd.vn/mwg-static/tgdd/Products/Images/44/358077/hp-omnibook-5-flip-14-fp0055tu-core-7-150u-bz7q4pa-thumb-2-639029105575189292-600x600.jpg
362667,Laptop,"Laptop Dell 15 DC15250 - DC15250-i7U161W11SLU-5 (i7 1355U, 16GB, 1TB, Full HD 120Hz, OfficeH24+365, Win11)",27490000,Dell,Bạc,5,Đã bán 1k,https://www.thegioididong.com/laptop/dell-15-dc15250-i7-1355u-dc15250-i7u161w11slu-5,https://cdnv2.tgdd.vn/mwg-static/tgdd/Products/Images/44/362667/dell-15-dc15250-i7-1355u-dc15250-i7u161w11slu-5-thumb-639056494584185320-600x600.jpg
368558,Laptop,"Laptop Dell 15 DC15250 - 71100520 (Core 3 100U, 8GB, 512GB, Full HD 120Hz, OfficeH24+365, Win11)",21490000,Dell,Bạc,5,Đã bán 227,https://www.thegioididong.com/laptop/dell-15-dc15250-core-3-100u-71100520,https://cdnv2.tgdd.vn/mwg-static/tgdd/Products/Images/44/368558/dell-15-dc15250-core-3-100u-71100520-thumb-639180736575634714-600x600.jpg
339211,Laptop,"Laptop GIGABYTE Gaming A16 GA6H - GAMING-A16-CMHI2VN893SH (i7 13620H, 16GB, 512GB, RTX 4050 6GB, WUXGA 165Hz, Win11)",31790000,GIGABYTE,Đen,5,Đã bán 594,https://www.thegioididong.com/laptop/gigabyte-a16-ga6h-i7-gaming-a16-cmhi2vn893sh,https://cdnv2.tgdd.vn/mwg-static/tgdd/Products/Images/44/339211/gigabyte-a16-ga6h-i7-gaming-a16-cmhi2vn893sh-thumb-638850629550378282-600x600.jpg
367576,Laptop,"Laptop HP Gaming VICTUS 15 fa2451TX - D17WPPA (i5 13420H, 16GB, 512GB, RTX 4050 6GB, Full HD 144Hz, Win11)",28990000,HP,Đen,5,Đã bán 172,https://www.thegioididong.com/laptop/hp-gaming-victus-15-fa2451tx-i5-13420h-d17wppa,https://cdnv2.tgdd.vn/mwg-static/tgdd/Products/Images/44/367576/hp-gaming-victus-15-fa2451tx-i5-13420h-d17wppa-thumb-639155621103122690-600x600.jpg
327507,Laptop,"Laptop Acer Aspire 5 A515 58M 79R7 - NX.KQ8SV.007 (i7 13620H, 16GB, 512GB, Full HD, Win11)",20690000,Acer,Xám,4.9,Đã bán 529,https://www.thegioididong.com/laptop/acer-aspire-5-a515-58m-79r7-i7-nxkq8sv007,https://cdnv2.tgdd.vn/mwg-static/tgdd/Products/Images/44/327507/acer-aspire-5-a515-58m-79r7-i7-nxkq8sv007-thumb-638754974350798562-600x600.jpg
369478,Laptop,"Laptop Lenovo IdeaPad Slim 3 15IWC11 - 83RR00A8VN (Core 3 304, 8GB, 512GB, WUXGA, Win11)",17490000,Lenovo,Xám,,,https://www.thegioididong.com/laptop/lenovo-ideapad-slim-3-15iwc11-core-3-304-83rr00a8vn,https://cdnv2.tgdd.vn/mwg-static/tgdd/Products/Images/44/369478/lenovo-ideapad-slim-3-15iwc11-core-3-304-83rr00a8vn-thumb-639197485486262152-600x600.jpg
368557,Laptop,"Laptop Dell 14 DC14250 - DC4C5375W1-2Y (Core 5 120U, 16GB, 512GB, Full HD 120Hz, OfficeHS24+365, Win11)",28990000,Dell,Bạc,5,Đã bán 359,https://www.thegioididong.com/laptop/dell-14-dc14250-core-5-120u-dc4c5375w1-2y,https://cdnv2.tgdd.vn/mwg-static/tgdd/Products/Images/44/368557/dell-14-dc14250-core-5-120u-dc4c5375w1-2y-thumb-639179831760851046-600x600.jpg
351613,Laptop,"Laptop Dell 15 DC15250 - DC15250-i7U161W11SLU (i7 1355U, 16GB, 1TB, Full HD 120Hz, OfficeH24+365, Win11)",27490000,Dell,Bạc,5,"Đã bán 1,3k",https://www.thegioididong.com/laptop/dell-15-dc15250-i7-1355u-dc15250-i7u161w11slu,https://cdnv2.tgdd.vn/mwg-static/tgdd/Products/Images/44/351613/dell-15-dc15250-i7-1355u-dc15250-i7u161w11slu-thumb-638938737336707122-600x600.jpg
363260,Laptop,"Laptop Acer Nitro ProPanel ANV15-41-R0Y4 - NH.QPESV.004 (R7 7735HS, 16GB, 512GB, RTX 4050 6GB, Full HD 180Hz, Win11)",30990000,Acer,Đen,5,Đã bán 183,https://www.thegioididong.com/laptop/acer-nitro-v-15-propanel-anv15-41-r0y4-r7-7735hs-nh-qpesv-004,https://cdnv2.tgdd.vn/mwg-static/tgdd/Products/Images/44/363260/acer-nitro-v-15-anv15-41-r0y4-r7-7735hs-nh-qpesv-004-thumb-639088183534262922-600x600.jpg
368207,Laptop,"Laptop Lenovo IdeaPad Slim 3 14IWC11 - 83RQ002NVN (Core 5 320, 16GB, 512GB, WUXGA, Win11)",22990000,Lenovo,Xám,5,Đã bán 127,https://www.thegioididong.com/laptop/lenovo-ideapad-slim-3-14iwc11-core-5-320-83rq002nvn,https://cdnv2.tgdd.vn/mwg-static/tgdd/Products/Images/44/368207/lenovo-ideapad-slim-3-14iwc11-core-5-320-83rq002nvn-160626-023051-594-600x600.jpg
341618,Laptop,"Laptop HP 15 fd0235TU - 9Q970PA_120U (Core 5 120U, 16GB, 512GB, Full HD, Win11)",22990000,HP,Bạc,5,"Đã bán 2,5k",https://www.thegioididong.com/laptop/hp-15-fd0235tu-core-5-120u-9q970pa-120u,https://cdnv2.tgdd.vn/mwg-static/tgdd/Products/Images/44/341618/hp-15-fd0235tu-core-5-120u-9q970pa-120u-thumb-638899119010495035-600x600.jpg
368654,Laptop,"Laptop Acer Aspire Lite 15 AL15-36P-30TN - NX.DDASV.001 (Core 3 N350, 8GB, 512GB, Full HD, Win11)",16990000,Acer,Bạc,5,Đã bán 761,https://www.thegioididong.com/laptop/acer-aspire-lite-15-al15-36p-30tn-core-3-n350-nx-ddasv-001,https://cdnv2.tgdd.vn/mwg-static/tgdd/Products/Images/44/368654/acer-aspire-lite-15-al15-36p-30tn-core-3-n350-nx-ddasv-001-thumb-639185374358313282-600x600.jpg
367574,Laptop,"Laptop HP 15 fd2126TU - D72CBPA (Ultra 5 225U, 16GB, 512GB, Full HD, Win11)",24190000,HP,Vàng,5,Đã bán 274,https://www.thegioididong.com/laptop/hp-15-fd2126tu-ultra-5-225u-d72cbpa,https://cdnv2.tgdd.vn/mwg-static/tgdd/Products/Images/44/367574/hp-15-fd2126tu-ultra-5-225u-d72cbpa-thumb-639155605117543692-600x600.jpg
339688,Laptop,"Laptop Asus Gaming V16 V3607VU - RP192W (Core 5 210H, 16GB, 512GB, RTX 4050 6GB, WUXGA 144Hz, Win11)",25890000,Asus,Đen,4.9,"Đã bán 1,2k",https://www.thegioididong.com/laptop/asus-gaming-v16-v3607vu-core-5-rp192w,https://cdnv2.tgdd.vn/mwg-static/tgdd/Products/Images/44/339688/asus-gaming-v16-v3607vu-core-5-rp192w-638900134315949894-600x600.jpg
364860,Laptop,"Laptop Dell 15 DC15250 - 71092480 (i7 1355U, 16GB, 512GB, Full HD 120Hz, OfficeHS24+365B, Win11)",25490000,Dell,Bạc,5,Đã bán 459,https://www.thegioididong.com/laptop/dell-15-dc15250-i7-1355u-71092480,https://cdnv2.tgdd.vn/mwg-static/tgdd/Products/Images/44/364860/dell-15-dc15250-i7-1355u-71092480-thumb-639106635920736946-600x600.jpg
358080,Laptop,"Laptop HP OmniBook X Flip 14 fm0088TU - BZ7Q2PA (Ultra 5 226V, 16GB, 512GB, WUXGA, Cảm ứng, OfficeH24+365B, Win11)",31390000,HP,Xanh,5,Đã bán 419,https://www.thegioididong.com/laptop/hp-omnibook-x-flip-14-fm0088tu-ultra-5-226v-bz7q2pa,https://cdnv2.tgdd.vn/mwg-static/tgdd/Products/Images/44/358080/hp-omnibook-x-flip-14-fm0088tu-ultra-5-226v-bz7q2pa-thumb-2-639029109506758395-600x600.jpg
357992,Laptop,"Laptop Dell 15 DC15255 - X9YM41 (R7 7730U, 16GB, 1TB, Full HD 120Hz, OfficeH24+365B, Win11)",22990000,Dell,Bạc,5,Đã bán 971,https://www.thegioididong.com/laptop/dell-15-dc15255-r7-7730u-x9ym41,https://cdnv2.tgdd.vn/mwg-static/tgdd/Products/Images/44/357992/dell-15-dc15255-r7-7730u-x9ym41-thumb-638965540892499877-600x600.jpg
340006,Laptop,"Laptop MSI Venture A15 AI A2HMG - 003VN (R7 260, 16GB, 512GB, Full HD 144Hz, Win11)",21390000,MSI,Xám,5,Đã bán 127,https://www.thegioididong.com/laptop/msi-venture-a15-ai-a2hmg-r7-003vn,https://cdnv2.tgdd.vn/mwg-static/tgdd/Products/Images/44/340006/msi-venture-a15-ai-a2hmg-r7-003vn-638895766508733267-600x600.jpg
318354,Laptop,"Laptop Acer Gaming Nitro V ANV15 51 57B2 - NH.QN8SV.001 (i5 13420H, 8GB, 512GB, RTX 4050 6GB, Full HD 144Hz, Win11)",25990000,Acer,Đen,5,Đã bán 254,https://www.thegioididong.com/laptop/acer-nitro-v-anv15-51-57b2-i5-nhqn8sv001,https://cdnv2.tgdd.vn/mwg-static/tgdd/Products/Images/44/318354/acer-nitro-v-anv15-51-57b2-i5-nhqn8sv001-thumb-638754901224650221-600x600.jpg
365998,Laptop,"Laptop Dell 15 DC15250 - CPH992 (i5 1334U, 16GB, 512GB, Full HD 120Hz, OfficeHS24+365B, Win11)",22990000,Dell,Bạc,5,"Đã bán 1,2k",https://www.thegioididong.com/laptop/dell-15-dc15250-i5-1334u-cph992,https://cdnv2.tgdd.vn/mwg-static/tgdd/Products/Images/44/365998/dell-15-dc15250-i5-1334u-cph992-thumb-639122912864506023-600x600.jpg
362666,Laptop,"Laptop Dell 15 DC15250 - DC15250-i5U165W11SLU-5 (i5 1334U, 16GB, 512GB, Full HD 120Hz, OfficeH24+365, Win11)",22490000,Dell,Bạc,5,Đã bán 1k,https://www.thegioididong.com/laptop/dell-15-dc15250-i5-1334u-dc15250-i5u165w11slu-5,https://cdnv2.tgdd.vn/mwg-static/tgdd/Products/Images/44/362666/dell-15-dc15250-i5-1334u-dc15250-i5u165w11slu-5-thumb-639056487911465667-600x600.jpg
337843,Laptop,"Laptop GIGABYTE Gaming A16 GA6H - GAMING-A16-CMHH2VN893SH (i5 13420H, 16GB, 512GB, RTX 4050 6GB, WUXGA 165Hz, Win11)",29090000,GIGABYTE,Đen,5,Đã bán 443,https://www.thegioididong.com/laptop/gigabyte-a16-ga6h-i5-gaminga16cmhh2vn893sh,https://cdnv2.tgdd.vn/mwg-static/tgdd/Products/Images/44/337843/gigabyte-a16-ga6h-i5-gaminga16cmhh2vn893sh-638828331771830623-600x600.jpg
358498,Laptop,"Laptop Dell 15 DC15250 - 71071928 (i5 1334U, 16GB, 512GB, Full HD 120Hz, OfficeH24+365B, Win11)",22490000,Dell,Bạc,5,"Đã bán 1,6k",https://www.thegioididong.com/laptop/dell-15-dc15250-i5-1334u-71071928,https://cdnv2.tgdd.vn/mwg-static/tgdd/Products/Images/44/358498/dell-15-dc15250-i5-1334u-71071928-thumb-2-638975019260439384-600x600.jpg
345510,Laptop,"Laptop HP Gaming VICTUS 15 fa2732TX - B85LPPA (i5 13420H, 16GB, 512GB, RTX 4050 6GB, Full HD 144Hz, Win11)",29990000,HP,Đen,5,Đã bán 586,https://www.thegioididong.com/laptop/hp-gaming-victus-15-fa2732tx-i5-13420h-b85lppa,https://cdnv2.tgdd.vn/mwg-static/tgdd/Products/Images/44/345510/hp-gaming-victus-15-fa2732tx-i5-13420h-b85lppa-thumb-638936205435701330-600x600.jpg
358074,Laptop,"Laptop HP OmniBook 5 AI 16 af1054TU - C1MN8PA (Ultra 7 255U, 32GB, 512GB, WUXGA, OfficeH24, Win11)",31690000,HP,Bạc,4.9,Đã bán 356,https://www.thegioididong.com/laptop/hp-omnibook-5-ai-16-af1054tu-ultra-7-255u-c1mn8pa,https://cdnv2.tgdd.vn/mwg-static/tgdd/Products/Images/44/358074/hp-omnibook-5-ai-16-af1054tu-ultra-7-255u-c1mn8pa-thumb-638965554761304592-600x600.jpg
311176,Laptop,"Laptop HP Pavilion 15 eg3093TU - 8C5L4PA (i5 1335U, 16GB, 512GB, Full HD, Win11)",19990000,HP,Vàng,4.9,"Đã bán 6,2k",https://www.thegioididong.com/laptop/hp-pavilion-15-eg3093tu-i5-8c5l4pa,https://cdnv2.tgdd.vn/mwg-static/tgdd/Products/Images/44/311176/hp-pavilion-15-eg3093tu-i5-8c5l4pa-170225-103330-013-600x600.jpg
341610,Laptop,"Laptop MSI Gaming Katana 15 HX B14WFK - 025VN (i7 14650HX, 16GB, 512GB, RTX5060 8GB, QHD 165Hz, Win11)",44590000,MSI,Đen,5,Đã bán 38,https://www.thegioididong.com/laptop/msi-katana-15-hx-b14wfk-i7-14650hx-025vn,https://cdnv2.tgdd.vn/mwg-static/tgdd/Products/Images/44/341610/msi-katana-15-hx-b14wfk-i7-14650hx-025vn-thumb-638899039749026960-600x600.jpg
334998,Laptop,"Laptop Acer Gaming Aspire 5 A515 58GM 598J - NX.KW1SV.002 (i5 13420H, 16GB, 512GB, RTX 2050 4GB, Full HD 144Hz, Win11)",20990000,Acer,Xám,4.9,"Đã bán 1,4k",https://www.thegioididong.com/laptop/acer-aspire-5-a515-58gm-598j-i5-nxkw1sv002,https://cdnv2.tgdd.vn/mwg-static/tgdd/Products/Images/44/334998/acer-aspire-5-a515-58gm-598j-i5-nxkw1sv002-638854988674476822-600x600.jpg
364401,Laptop,"Laptop Asus ZenBook 14 UX3405CA - ST628W (Ultra 5 225H, 16GB, 512GB, 3K OLED 120Hz, Win11)",29590000,Asus,Xanh Dương,4.9,Đã bán 388,https://www.thegioididong.com/laptop/asus-zenbook-14-ux3405ca-ultra-5-225h-st628w,https://cdnv2.tgdd.vn/mwg-static/tgdd/Products/Images/44/364401/asus-zenbook-14-ux3405ca-ultra-5-225h-st628w-thumb-3-639159130132430029-600x600.jpg
359477,Laptop,"Laptop Lenovo Gaming LOQ Essential 15IRX11 - 83SC003SVN (i5 13450HX, 16GB, 1TB, RTX 5050 8GB, Full HD, 144Hz, Win11)",31990000,Lenovo,Xám,5,Đã bán 241,https://www.thegioididong.com/laptop/lenovo-gaming-loq-essential-15irx11-i5-13450hx-83sc003svn,https://cdnv2.tgdd.vn/mwg-static/tgdd/Products/Images/44/359477/lenovo-gaming-loq-essential-15irx11-i5-13450hx-83sc003svn-thumb-638995960517722304-600x600.jpg
337043,Laptop,"Laptop HP Pavilion 16 af0054TU - AY8C3PA (Ultra 5 125U, 16GB, 1TB, WUXGA, OfficeHS+365, Win11)",23390000,HP,Bạc,5,Đã bán 711,https://www.thegioididong.com/laptop/hp-pavilion-16-af0054tu-ultra-5-ay8c3pa,https://cdnv2.tgdd.vn/mwg-static/tgdd/Products/Images/44/337043/hp-pavilion-16-af0054tu-ultra-5-ay8c3pa-thumb01-639144586572964271-600x600.jpg
334803,Laptop,"Laptop Dell Inspiron 15 3530 - N5I5530W1 (i5 1334U, 16GB, 512GB, Full HD 120Hz, OfficeH24+365, Win11)",21990000,Dell,Bạc,4.9,Đã bán 6k,https://www.thegioididong.com/laptop/dell-inspiron-15-3530-i5-n5i5530w1,https://cdnv2.tgdd.vn/mwg-static/tgdd/Products/Images/44/334803/dell-inspiron-15-3530-i5-n5i5530w1-thumb-638762534676491196-600x600.jpg
339951,Laptop,"Laptop MSI Venture A14 AI+ A3HMG - 004VN (R5 AI 340, 16GB, 512GB, 2.8K OLED 120Hz, Win11)",24990000,MSI,Xám,5,Đã bán 24,https://www.thegioididong.com/laptop/msi-venture-a14-ai-a3hmg-r5-ai-340-004vn,https://cdnv2.tgdd.vn/mwg-static/tgdd/Products/Images/44/339951/msi-venture-a14-ai-a3hmg-r5-ai-340-004vn-638895763373785370-600x600.jpg
341270,Laptop,"Laptop HP 15 fd0234TU - 9Q969PA-120U (Core 5 120U, 16GB, 512GB, Full HD, Win11)",22990000,HP,Vàng,4.9,"Đã bán 3,6k",https://www.thegioididong.com/laptop/hp-15-fd0234tu-core-5-120u-9q969pa-120u,https://cdnv2.tgdd.vn/mwg-static/tgdd/Products/Images/44/341270/hp-15-fd0234tu-core-5-120u-9q969pa-120u-230725-094819-122-600x600.jpg
333424,Laptop,"Laptop Acer Aspire 16 AI A16 71M 59L5 - NX.J4YSV.001 (Ultra 5 125H, 16GB, 512GB, Full HD+, Win11)",21590000,Acer,Xám,5,Đã bán 637,https://www.thegioididong.com/laptop/acer-aspire-16-ai-a16-71m-59l5-ultra-5-nxj4ysv001,https://cdnv2.tgdd.vn/mwg-static/tgdd/Products/Images/44/333424/acer-aspire-16-ai-a16-71m-59l5-ultra-5-nxj4ysv001-638774738263890291-600x600.jpg
341611,Laptop,"Laptop MSI Gaming Katana 15 HX B14WEK - 286VN (i5 14450HX, 16GB, 512GB, RTX5050 8GB, QHD 165Hz, Win11)",39990000,MSI,Đen,5,Đã bán 51,https://www.thegioididong.com/laptop/msi-katana-15-hx-b14wek-i5-14450hx-286vn,https://cdnv2.tgdd.vn/mwg-static/tgdd/Products/Images/44/341611/msi-katana-15-hx-b14wek-i5-14450hx-286vn-thumb-638899040893897338-600x600.jpg
360417,Laptop,"Laptop Asus Vivobook 14 X1404VA - EB260W (Core 5 120U, 16GB, 512GB, Full HD, Win11)",19490000,Asus,Bạc,5,"Đã bán 1,5k",https://www.thegioididong.com/laptop/asus-vivobook-14-x1404va-core-5-120u-eb260w,https://cdnv2.tgdd.vn/mwg-static/tgdd/Products/Images/44/360417/asus-vivobook-14-x1404va-core-5-120u-eb260w-thumb-2-639034834675227961-600x600.jpg
368559,Laptop,"Laptop Dell 14 DC14250 - 71100515 (Core 7 150U, 16GB, 512GB, Full HD+ 120Hz, OfficeH24+365, Win11)",31990000,Dell,Bạc,5,Đã bán 212,https://www.thegioididong.com/laptop/dell-14-dc14250-core-7-150u-71100515,https://cdnv2.tgdd.vn/mwg-static/tgdd/Products/Images/44/368559/dell-14-dc14250-core-7-150u-71100515-thumb-639180752442220668-600x600.jpg
364405,Laptop,"Laptop Asus Zenbook 14 UX3405CA - ST648W (Ultra 9 285H, 32GB, 1TB, 3K OLED 120Hz, Win11)",38590000,Asus,Xanh Dương,5,Đã bán 171,https://www.thegioididong.com/laptop/asus-zenbook-14-ux3405ca-ultra-9-285h-st648w,https://cdnv2.tgdd.vn/mwg-static/tgdd/Products/Images/44/364405/asus-zenbook-14-ux3405ca-ultra-9-285h-st648w-thumb-2-639159131503564651-600x600.jpg
358120,Laptop,"Laptop HP OmniBook 5 16 ag1069AU - BZ7T1PA (R5 AI 340, 16GB, 512GB, WUXGA, OfficeH24+365B, Win11)",25990000,HP,Bạc,5,Đã bán 340,https://www.thegioididong.com/laptop/hp-omnibook-5-16-ag1069au-r5-ai-340-bz7t1pa,https://cdnv2.tgdd.vn/mwg-static/tgdd/Products/Images/44/358120/hp-omnibook-5-16-ag1069au-r5-ai-340-bz7t1pa-thumb-638966581010858825-600x600.jpg
342754,Laptop,"Laptop Dell 15 DC15250 - DC15250-i5U165W11SLU (i5 1334U, 16GB, 512GB, Full HD 120Hz, OfficeH24+365, Win11)",22490000,Dell,Bạc,5,"Đã bán 1,3k",https://www.thegioididong.com/laptop/dell-15-dc15250-i5-1334u-dc15250-i5u165w11slu,https://cdnv2.tgdd.vn/mwg-static/tgdd/Products/Images/44/342754/dell-15-dc15250-i5-1334u-dc15250-i5u165w11slu-thumb-638919949640513466-600x600.jpg
358089,Laptop,Laptop MacBook Pro 14 inch M5 24GB/1TB,56990000,MacBook,Đen,5,Đã bán 303,https://www.thegioididong.com/laptop/macbook-pro-14-inch-m5-24gb-1tb,https://cdn.tgdd.vn/Products/Images/44/358089/macbook-pro-14-inch-m5-24gb-1tb-den-600x600.jpg
366702,Laptop,"Laptop HP Probook 4 G1ah 16 - C40JPAT (R5 220, 16GB, 512GB, WUXGA, Win11)",25490000,HP,Bạc,5,Đã bán 135,https://www.thegioididong.com/laptop/hp-probook-4-g1ah-16-r5-220-c40jpat,https://cdnv2.tgdd.vn/mwg-static/tgdd/Products/Images/44/366702/hp-probook-4-g1ah-16-r5-220-c40jpat-thumb-639137433279860816-600x600.jpg
365535,Laptop,"Laptop Lenovo ThinkPad E14 Gen 7 - 21SX00BNVN (Ultra 5 135H, 16GB, 512GB, WUXGA, Win11)",33690000,Lenovo,Đen,5,Đã bán 171,https://www.thegioididong.com/laptop/lenovo-thinkpad-e14-gen-7-ultra-5-135h-21sx00bnvn,https://cdnv2.tgdd.vn/mwg-static/tgdd/Products/Images/44/365535/lenovo-thinkpad-e14-gen-7-ultra-5-135h-21sx00bnvn-thumb-639117002918581595-600x600.jpg
362922,Laptop,"Laptop MSI Gaming Cyborg 15 B13WFKG - 658VN (i7 13620H, 16GB, 1TB, RTX 5060 8GB, Full HD 144Hz, Win11)",39090000,MSI,Đen,5,Đã bán 18,https://www.thegioididong.com/laptop/msi-gaming-cyborg-15-b13wfkg-i7-13620h-658vn,https://cdnv2.tgdd.vn/mwg-static/tgdd/Products/Images/44/362922/msi-gaming-cyborg-15-b13wfkg-i7-13620h-658vn-thumb-639062292691735674-600x600.jpg
360419,Laptop,"Laptop Asus Vivobook 15 X1504VA - BQ285W (Core 5 120U, 16GB, 512GB, Full HD, Win11)",19490000,Asus,Bạc,5,Đã bán 1k,https://www.thegioididong.com/laptop/asus-vivobook-15-x1504va-core-5-120u-bq285w,https://cdnv2.tgdd.vn/mwg-static/tgdd/Products/Images/44/360419/asus-vivobook-15-x1504va-core-5-120u-bq285w-thumb-639016919628384365-600x600.jpg
369481,Laptop,"Laptop Dell 15 DC15250 - CPH993 (Core 3 100U, 8GB, 512GB, Full HD 120Hz, OfficeH24+365, Win11)",21490000,Dell,Bạc,,,https://www.thegioididong.com/laptop/dell-15-dc15250-core-3-100u-cph993,https://cdnv2.tgdd.vn/mwg-static/tgdd/Products/Images/44/369481/dell-15-dc15250-core-3-100u-cph993-thumb-639198083198949080-600x600.jpg
365607,Laptop,"Laptop HP 240R G9 - C40M2AT (Core 5 120U, 8GB, 512GB, Full HD, Win11)",21490000,HP,Đen,5,Đã bán 199,https://www.thegioididong.com/laptop/hp-240r-g9-core-5-120u-c40m2at,https://cdnv2.tgdd.vn/mwg-static/tgdd/Products/Images/44/365607/hp-240r-g9-core-5-120u-c40m2at-thumb-639120152215605601-600x600.jpg
364967,Laptop,"Laptop Dell 14 DC14250 - F0FTK7 (Core 7 150U, 16GB, 512GB, MX570A 2GB, Full HD+, OfficeHS24+365, Win11)",30990000,Dell,Bạc,5,Đã bán 256,https://www.thegioididong.com/laptop/dell-14-dc14250-core-7-150u-f0ftk7,https://cdnv2.tgdd.vn/mwg-static/tgdd/Products/Images/44/364967/dell-14-dc14250-core-7-150u-f0ftk7-thumb-639108994209154096-600x600.jpg
363259,Laptop,"Laptop Acer Nitro Lite NL16-71G-71FN - NH.D5ASV.003 (i7 13620H, 16GB, 512GB, RTX 4050 6GB, FHD+ 180Hz, Win11)",30990000,Acer,Trắng,5,Đã bán 169,https://www.thegioididong.com/laptop/acer-nitro-lite-nl16-71g-71fn-i7-13620h-nh-d5asv-003,https://cdnv2.tgdd.vn/mwg-static/tgdd/Products/Images/44/363259/acer-nitro-lite-nl16-71g-71fn-i7-13620h-nh-d5asv-003-thumb-639087644608016515-600x600.jpg
366909,Laptop,"Laptop MSI Gaming Cyborg 15 Black Edition A13VE - A13VE-2410VN (i5 13420H, 16GB, 512GB, RTX 4050 6GB, Full HD 144Hz, Win11)",28090000,MSI,Đen,5,Đã bán 106,https://www.thegioididong.com/laptop/msi-gaming-cyborg-15-black-edition-a13ve-i5-13420h-a13ve-2410vn,https://cdnv2.tgdd.vn/mwg-static/tgdd/Products/Images/44/366909/msi-gaming-cyborg-15-black-edition-a13ve-i5-13420h-a13ve-2410vn-thumb-639136628486020710-600x600.jpg
334796,Laptop,"Laptop Asus Zenbook 14 UX3405CA - PZ187WS (Ultra 5 225H, 16GB, 512GB, 2.8K OLED 120Hz, Cảm ứng, OfficeH24+365, Win11)",30790000,Asus,Xanh Dương,4.9,Đã bán 776,https://www.thegioididong.com/laptop/asus-zenbook-14-ux3405ca-ultra-5-pz187ws,https://cdnv2.tgdd.vn/mwg-static/tgdd/Products/Images/44/334796/asus-zenbook-14-ux3405ca-ultra-5-pz187ws-638774629870118990-600x600.jpg
358796,Laptop,"Laptop HP 14 ep1137TU - C2CY8PA (Ultra 7 155H, 16GB, 512GB, Full HD, Win11)",25990000,HP,Bạc,5,Đã bán 576,https://www.thegioididong.com/laptop/hp-14-ep1137tu-ultra-7-155h-c2cy8pa,https://cdnv2.tgdd.vn/mwg-static/tgdd/Products/Images/44/358796/hp-14-ep1137tu-ultra-7-155h-c2cy8pa-thumb-638984649413954000-600x600.jpg
363882,Laptop,"Laptop Lenovo Ideapad Slim 5 OLED 14AGP11 - 83S1003FVN (R7 445, 32GB, 512GB, WUXGA OLED, Win11)",36990000,Lenovo,Xám,5,Đã bán 57,https://www.thegioididong.com/laptop/lenovo-ideapad-slim-5-oled-14agp11-r7-445-83s1003fvn,https://cdnv2.tgdd.vn/mwg-static/tgdd/Products/Images/44/363882/lenovo-ideapad-slim-5-oled-14agp11-r7-445-83s1003fvn-thumb-639095713830474357-600x600.jpg
327406,Laptop,"Laptop HP Probook 450 G10 - 9H1N5PT (i5 1335U, 16GB, 512GB, Full HD, Win11)",21690000,HP,Bạc,5,Đã bán 630,https://www.thegioididong.com/laptop/hp-probook-450-g10-i5-9h1n5pt,https://cdnv2.tgdd.vn/mwg-static/tgdd/Products/Images/44/327406/hp-probook-450-g10-i5-9h1n5pt-170225-110838-638-600x600.jpg
363262,Laptop,"Laptop Acer Aspire Go 15 AG15-72P-76A2 - NX.JRRSV.008 (Core 7 150U, 16GB, 512GB, Full HD, Win11)",22990000,Acer,Bạc,5,Đã bán 70,https://www.thegioididong.com/laptop/acer-aspire-go-15-ag15-72p-76a2-core-7-150u-nx-jrrsv-008,https://cdnv2.tgdd.vn/mwg-static/tgdd/Products/Images/44/363262/acer-aspire-go-15-ag15-72p-76a2-core-7-150u-nx-jrrsv-008-thumb-639086987700838832-600x600.jpg
341751,Laptop,"Laptop GIGABYTE Gaming A16 GA6H - GAMING-A16-CTHH3VN893SH (i5 13420H, 16GB, 512GB, RTX5050 8GB, WUXGA 165Hz, Win11)",34490000,GIGABYTE,Xám,5,Đã bán 98,https://www.thegioididong.com/laptop/gigabyte-a16-ga6h-i5-13420h-gaming-a16-cthh3vn893sh,https://cdnv2.tgdd.vn/mwg-static/tgdd/Products/Images/44/341751/gigabyte-a16-ga6h-i5-13420h-gaming-a16-cthh3vn893sh-thumb-638899248610359665-600x600.jpg
362399,Laptop,"Laptop HP 15 fd1490TU - D0BH5PA (Ultra 7 155H, 24GB, 512GB, Full HD, Win11)",27990000,HP,Vàng,5,Đã bán 258,https://www.thegioididong.com/laptop/hp-15-fd1490tu-ultra-7-155h-d0bh5pa,https://cdnv2.tgdd.vn/mwg-static/tgdd/Products/Images/44/362399/hp-15-fd1490tu-ultra-7-155h-d0bh5pa-thumb-639053713836400288-600x600.jpg
365311,Laptop,"Laptop Dell 15 DC15250 - DC15250-i7U161W11SLU-27 (i7 1355U, 16GB, 1TB, Full HD 120Hz, OfficeHS24+365, Win11)",28490000,Dell,Bạc,5,Đã bán 257,https://www.thegioididong.com/laptop/dell-15-dc15250-i7-1355u-dc15250-i7u161w11slu-27,https://cdnv2.tgdd.vn/mwg-static/tgdd/Products/Images/44/365311/dell-15-dc15250-i7-1355u-dc15250-i7u161w11slu-27-thumb-639116760361084649-600x600.jpg
339681,Laptop,"Laptop Dell Inspiron 15 3530 - P16WD22 (i5 1334U, 16GB, 512GB, Full HD 120Hz, OfficeH24+365, Win11)",21990000,Dell,Bạc,4.9,Đã bán 3k,https://www.thegioididong.com/laptop/dell-inspiron-15-3530-i5-p16wd22,https://cdnv2.tgdd.vn/mwg-static/tgdd/Products/Images/44/339681/dell-inspiron-15-3530-i5-p16wd22-638895760085626264-600x600.jpg
363901,Laptop,"Laptop Lenovo ThinkBook 16 G9 IRL - 21US008FVN (i5 13420H, 16GB, 512GB, WUXGA, Win11)",26990000,Lenovo,Xám,5,Đã bán 178,https://www.thegioididong.com/laptop/lenovo-thinkbook-16-g9-irl-i5-13420h-21us008fvn,https://cdnv2.tgdd.vn/mwg-static/tgdd/Products/Images/44/363901/lenovo-thinkbook-16-g9-irl-i5-13420h-21us008fvn-thumb-639092687424410855-600x600.jpg
340560,Laptop,"Laptop Dell Inspiron 15 3530 - 71070372 (i5 1334U, 16GB, 512GB, Full HD 120Hz, OfficeH24+365, Win11)",21990000,Dell,Bạc,5,"Đã bán 3,9k",https://www.thegioididong.com/laptop/dell-inspiron-15-3530-i5-71070372,https://cdnv2.tgdd.vn/mwg-static/tgdd/Products/Images/44/340560/dell-inspiron-15-3530-i5-71070372-638900114510203065-600x600.jpg
358079,Laptop,"Laptop HP 15 fc0655AU - C81NGPA (R5 7430U, 16GB, 512GB, Full HD, Win11)",21290000,HP,Vàng,5,"Đã bán 4,5k",https://www.thegioididong.com/laptop/hp-15-fc0655au-r5-7430u-c81ngpa,https://cdnv2.tgdd.vn/mwg-static/tgdd/Products/Images/44/358079/hp-15-fc0655au-r5-7430u-c81ngpa-thumb-3-639015630581578905-600x600.jpg
341609,Laptop,"Laptop MSI Gaming Katana 15 HX B14WFK - 267VN (i7 14650HX, 32GB, 512GB, RTX 5060 8GB, QHD 165Hz, Win11)",49990000,MSI,Đen,5,Đã bán 71,https://www.thegioididong.com/laptop/msi-katana-15-hx-b14wfk-i7-14650hx-267vn,https://cdnv2.tgdd.vn/mwg-static/tgdd/Products/Images/44/341609/msi-katana-15-hx-b14wfk-i7-14650hx-267vn-thumb-638899038470195527-600x600.jpg
341613,Laptop,"Laptop MSI Gaming Katana 15 HX B14WEK - 027VN (i7 14650HX, 32GB, 512GB, RTX5050 8GB, QHD 165Hz, Win11)",46990000,MSI,Đen,5,Đã bán 17,https://www.thegioididong.com/laptop/msi-katana-15-hx-b14wek-i7-14650hx-027vn,https://cdnv2.tgdd.vn/mwg-static/tgdd/Products/Images/44/341613/msi-katana-15-hx-b14wek-i7-14650hx-027vn-thumb02-638897277627603509-600x600.jpg
360421,Laptop,"Laptop Asus Gaming V16 V3607VJ - RP071W (Core 5 210H, 16GB, 512GB, RTX 3050 6GB, WUXGA 144Hz, Win11)",25990000,Asus,Đen,4.9,Đã bán 732,https://www.thegioididong.com/laptop/asus-gaming-v16-v3607vj-core-5-210h-rp071w,https://cdnv2.tgdd.vn/mwg-static/tgdd/Products/Images/44/360421/asus-gaming-v16-v3607vj-core-5-210h-rp071w-thumb-639017543008290379-600x600.jpg
344606,Laptop,"Laptop Lenovo Gaming LOQ 15IRX9 - 83DV01ALVN (i7 13650HX, 16GB, 512GB, RTX 4050 6GB, Full HD 144Hz, Win11)",32990000,Lenovo,Xám,5,Đã bán 507,https://www.thegioididong.com/laptop/lenovo-gaming-loq-15irx9-i7-13650hx-83dv01alvn,https://cdnv2.tgdd.vn/mwg-static/tgdd/Products/Images/44/344606/lenovo-gaming-loq-15irx9-i7-13650hx-83dv01alvn-thumb-638930572989400263-600x600.jpg
360693,Laptop,"Laptop Dell Gaming Alienware 16 Aurora AC16250 - C7H161W11II4050 (Core 7 240H, 16GB, 1TB, RTX 4050 6GB, WQXGA 120Hz, OfficeH24+365, Win11)",37990000,Dell,Xanh Đậm,5,Đã bán 265,https://www.thegioididong.com/laptop/dell-gaming-alienware-16-aurora-ac16250-core-7-240h-c7h161w11ii4050,https://cdnv2.tgdd.vn/mwg-static/tgdd/Products/Images/44/360693/dell-gaming-alienware-16-aurora-ac16250-core-7-240h-c7h161w11ii4050-thumb-639023469880245139-600x600.jpg
358499,Laptop,"Laptop Dell 15 DC15250 - 71073959 (i7 1355U, 16GB, 512GB, Full HD 120Hz, OfficeH24+365B, Win11)",25490000,Dell,Bạc,5,Đã bán 567,https://www.thegioididong.com/laptop/dell-15-dc15250-i7-1355u-71073959,https://cdnv2.tgdd.vn/mwg-static/tgdd/Products/Images/44/358499/dell-15-dc15250-i7-1355u-71073959-thumb-2-638975018038148792-600x600.jpg
338316,Laptop,"Laptop Dell Inspiron 15 3530 - N3530-i5U165W11SLU-BL (i5 1334U, 16GB, 512GB, Full HD 120Hz, OfficeH24+365, Win11)",21990000,Dell,Bạc,4.9,"Đã bán 1,9k",https://www.thegioididong.com/laptop/dell-inspiron-15-3530-i5-n3530-i5u165w11slu-bl,
342513,Laptop,"Laptop Lenovo ThinkBook 14 - 21SG007VVN (Core 7 240H, 32GB, 1TB, WUXGA, Win11)",36590000,Lenovo,Xám,5,Đã bán 242,https://www.thegioididong.com/laptop/lenovo-thinkbook-14-core-7-240h-21sg007vvn,
359927,Laptop,"Laptop GIGABYTE Gaming A16 GA6H - GAMING-A16-CTHI3VN893SH (i7 13620H, 16GB, 512GB, RTX 5050 8GB, WUXGA 165Hz, Win11)",36490000,GIGABYTE,Đen,5,Đã bán 57,https://www.thegioididong.com/laptop/gigabyte-gaming-a16-ga6h-i7-13620h-gaming-a16-cthi3vn893sh,
358075,Laptop,"Laptop HP OmniBook X Flip 14 fk0092AU - BZ7P5PA (R5 AI 340, 16GB, 512GB, WUXGA, Cảm ứng, OfficeH24, Win11)",31290000,HP,Bạc,5,Đã bán 175,https://www.thegioididong.com/laptop/hp-omnibook-x-flip-14-fk0092au-r5-ai-340-bz7p5pa,
360296,Laptop,"Laptop Acer Gaming Nitro ProPanel ANV16S 41 R337 - NH.QZZSV.002 (R7 260, 16GB, 1TB, RTX 5050 8GB, FHD+ 180Hz, Win11)",42590000,Acer,Đen,5,Đã bán 10,https://www.thegioididong.com/laptop/acer-gaming-nitro-v-16s-ai-propanel-anv16s-41-r337-r7-260-nh-qzzsv-002,
358088,Laptop,Laptop MacBook Pro 14 inch M5 16GB/1TB,52990000,MacBook,Đen,5,Đã bán 639,https://www.thegioididong.com/laptop/macbook-pro-14-inch-m5-16gb-1tb,
340558,Laptop,"Laptop Dell Inspiron 15 3530 - N3530-i5U165W11SLU-HS24 (i5 1334U, 16GB, Full HD 120Hz, OfficeH24+365, Win11)",21990000,Dell,Bạc,5,"Đã bán 1,9k",https://www.thegioididong.com/laptop/dell-inspiron-15-3530-i5-n3530-i5u165w11slu-hs24,
365609,Laptop,"Laptop HP 240R G10 - C3SG9AT (Core 5 120U, 8GB, 512GB, Full HD, Win11)",21490000,HP,Bạc,5,Đã bán 217,https://www.thegioididong.com/laptop/hp-240r-g10-core-5-120u-c3sg9at,
368220,Laptop,"Laptop Lenovo ThinkPad E14 Gen 7 - 21SX005NVN (Ultra 5 225U, 16GB, 512GB, WUXGA, Win11)",36490000,Lenovo,Đen,5,Đã bán 59,https://www.thegioididong.com/laptop/lenovo-thinkpad-e14-gen-7-ultra-5-225u-21sx005nvn,
341564,Laptop,"Laptop Dell Gaming Alienware 16 Aurora AC16250 - C7H161W11II5050 (Core 7 240H, 16GB, 1TB, RTX 5050 8GB, WQXGA 120Hz, OfficeH24+365, Win11)",40990000,Dell,Xanh Dương,5,Đã bán 221,https://www.thegioididong.com/laptop/dell-alienware-16-aurora-ac16250-core-7-240h-c7h161w11ii5050,
364399,Laptop,"Laptop Asus Vivobook S16 M3607GA - SH034W (R7 AI 445, 16GB, 512GB, WUXGA OLED, Win11)",27990000,Asus,Xám,5,Đã bán 75,https://www.thegioididong.com/laptop/asus-vivobook-s16-m3607ga-r7-ai-445-sh034w,https://cdnv2.tgdd.vn/mwg-static/tgdd/Products/Images/44/364399/asus-vivobook-s16-m3607ga-r7-ai-445-sh034w-thumb-2-639159132817621619-600x600.jpg
322099,Laptop,"Laptop MSI Gaming Cyborg 15 AI A1VEK - 053VN (Ultra 7 155H, 16GB, 512GB, RTX 4050 6GB, Full HD 144Hz, Win11)",28990000,MSI,Đen,5,Đã bán 146,https://www.thegioididong.com/laptop/msi-gaming-cyborg-15-ai-a1vek-ultra-7-053vn,https://cdnv2.tgdd.vn/mwg-static/tgdd/Products/Images/44/322099/msi-gaming-cyborg-15-ai-a1vek-ultra-7-053vn-thumb-638763544027585458-600x600.jpg
367378,Laptop,"Laptop Acer Swift Go 14 AI SFG14-I71-70RP - NX.JZHSV.003 (Ultra 7 358H, 32GB, 1TB, 2.8K 120Hz, Win11)",49990000,Acer,Bạc,,Đã bán 1,https://www.thegioididong.com/laptop/acer-swift-go-14-ai-sfg14-i71-70rp-ultra-7-358h-nx-jzhsv-003,https://cdnv2.tgdd.vn/mwg-static/tgdd/Products/Images/44/367378/acer-swift-go-14-ai-sfg14-i71-70rp-ultra-7-358h-nx-jzhsv-003-thumb-639161667227431984-600x600.jpg
341563,Laptop,"Laptop Dell Gaming Alienware 16 Aurora AC16250 - 71072939 (Core 5 210H, 16GB, 512GB, RTX 3050 6GB, WQXGA 120Hz, OfficeH24+365, Win11)",33990000,Dell,Xanh Dương,5,Đã bán 848,https://www.thegioididong.com/laptop/dell-alienware-16-aurora-ac16250-core-5-210h-71072939,https://cdnv2.tgdd.vn/mwg-static/tgdd/Products/Images/44/341563/dell-alienware-16-aurora-ac16250-core-5-210h-71072939-thumb2-638939737088688848-600x600.jpg
338321,Laptop,"Laptop Asus Vivobook S14 S3407CA - LY096WS (Ultra 7 255H, 16GB, 512GB, WUXGA, OfficeH24+365, Win11)",27490000,Asus,Xám,5,Đã bán 669,https://www.thegioididong.com/laptop/asus-s3407ca-ultra-7-ly096ws,https://cdnv2.tgdd.vn/mwg-static/tgdd/Products/Images/44/338321/asus-s3407ca-ultra-7-ly096ws-638900879294934441-600x600.jpg
311177,Laptop,"Laptop HP Pavilion 15 eg3091TU - 8C5L2PA (i7 1355U, 16GB, 512GB, Full HD, Win11)",24290000,HP,Vàng,4.9,Đã bán 3k,https://www.thegioididong.com/laptop/hp-pavilion-15-eg3091tu-i7-8c5l2pa,https://cdnv2.tgdd.vn/mwg-static/tgdd/Products/Images/44/311177/hp-pavilion-15-eg3091tu-i7-8c5l2pa-170225-103417-620-600x600.jpg
339201,Laptop,"Laptop Acer Gaming Nitro Lite 16 NL16 71G 71UJ - NH.D59SV.002 (i7 13620H, 16GB, 512GB, RTX 3050 6GB, Full HD+ 165Hz, Win11)",27990000,Acer,Trắng,5,Đã bán 204,https://www.thegioididong.com/laptop/acer-nitro-lite-16-nl16-71g-71uj-i7-nhd59sv002,https://cdnv2.tgdd.vn/mwg-static/tgdd/Products/Images/44/339201/acer-nitro-lite-16-nl16-71g-71uj-i7-nhd59sv002-638854987194644024-600x600.jpg
366703,Laptop,"Laptop HP OmniBook 7 Aero 13 bg1087AU - BZ7S1PA (R5 AI 340, 16GB, 512GB, WUXGA, OfficeH24+365, Win11)",28490000,HP,Bạc,5,Đã bán 190,https://www.thegioididong.com/laptop/hp-omnibook-7-aero-13-bg1087au-r5-ai-340-bz7s1pa,https://cdnv2.tgdd.vn/mwg-static/tgdd/Products/Images/44/366703/hp-omnibook-7-aero-13-bg1087au-r5-ai-340-bz7s1pa-thumb-639148687428971330-600x600.jpg
359482,Laptop,"Laptop Lenovo V14 G5 - 83HD005JVN (i5 13420H, 16GB, 512GB, Full HD, Win11)",23990000,Lenovo,Xám,5,Đã bán 256,https://www.thegioididong.com/laptop/lenovo-v14-g5-i5-13420h-83hd005jvn,https://cdnv2.tgdd.vn/mwg-static/tgdd/Products/Images/44/359482/lenovo-v14-g5-i5-13420h-83hd005jvn-thumb-638997477819926601-600x600.jpg
361536,Laptop,"Laptop Dell 14 DC14250 - 71083580 (Core 7 150U, 16GB, 512GB, Full HD+, OfficeH24+365, Win11)",29990000,Dell,Bạc,5,Đã bán 150,https://www.thegioididong.com/laptop/dell-14-dc1425-core-7-150u-71083580,https://cdnv2.tgdd.vn/mwg-static/tgdd/Products/Images/44/361536/dell-14-dc1425-core-7-150u-71083580-thumb-639036575633348854-600x600.jpg
341752,Laptop,"Laptop GIGABYTE Gaming A16 GA6H - GAMING-A16-CVHI3VN893SH (i7 13620H, 16GB, 512GB, RTX5060 8GB, WUXGA 165Hz, Win11)",37590000,GIGABYTE,Xám,5,Đã bán 71,https://www.thegioididong.com/laptop/gigabyte-a16-ga6h-i7-13620h-gaming-a16-cvhi3vn893sh,https://cdnv2.tgdd.vn/mwg-static/tgdd/Products/Images/44/341752/gigabyte-a16-ga6h-i7-13620h-gaming-a16-cvhi3vn893sh-thumb-638899249647843295-600x600.jpg
360694,Laptop,"Laptop Dell 16 DC16250 - C7U161W11BLU (Core 7 150U, 16GB, 1TB, Full HD+, Cảm ứng, OfficeH24+365, Win11)",33990000,Dell,Đen,5,Đã bán 154,https://www.thegioididong.com/laptop/dell-16-dc16250-core-7-150u-c7u161w11blu,https://cdnv2.tgdd.vn/mwg-static/tgdd/Products/Images/44/360694/dell-16-dc16250-core-7-150u-c7u161w11blu-thumb-639023539526002975-600x600.jpg
357991,Laptop,"Laptop Dell 15 DC15250 - CPH997 (i7 1355U, 16GB, 1TB, Full HD 120Hz, OfficeH24+365, Win11)",27490000,Dell,Bạc,5,Đã bán 781,https://www.thegioididong.com/laptop/dell-15-dc15250-i7-1355u-cph997,https://cdnv2.tgdd.vn/mwg-static/tgdd/Products/Images/44/357991/dell-15-dc15250-i7-1355u-cph997-thumb-2-638965530519880244-600x600.jpg
358076,Laptop,"Laptop HP OmniBook X Flip 14 fm0076TU - BZ7P6PA (Ultra 7 258V, 32GB, 512GB, WUXGA, Cảm ứng, OfficeH24, Win11)",37990000,HP,Xanh,5,Đã bán 262,https://www.thegioididong.com/laptop/hp-omnibook-x-flip-14-fm0076tu-ultra-7-258v-bz7p6pa,https://cdnv2.tgdd.vn/mwg-static/tgdd/Products/Images/44/358076/hp-omnibook-x-flip-14-fm0076tu-ultra-7-258v-bz7p6pa-thumb-638966518216436696-600x600.jpg
361726,Laptop,"Laptop HP OmniBook 7 14 fs0043TU - C1MN3PA (Core 5 210H, 16GB, 512GB, 2K, OfficeH24+365, Win11)",27190000,HP,Bạc,5,Đã bán 123,https://www.thegioididong.com/laptop/hp-omnibook-7-14-fs0043tu-core-5-210h-c1mn3pa,https://cdnv2.tgdd.vn/mwg-static/tgdd/Products/Images/44/361726/hp-omnibook-7-14-fs0043tu-core-5-210h-c1mn3pa-thumb-639047771451788022-600x600.jpg
330579,Laptop,"Laptop Asus Zenbook S 14 UX5406SA - PV140WS (Ultra 7 258V, 32GB, 1TB, 2.8K OLED 120Hz, OfficeHS, Win11)",43990000,Asus,Trắng,5,Đã bán 225,https://www.thegioididong.com/laptop/asus-ux5406sa-ultra-7-pv140ws,https://cdnv2.tgdd.vn/mwg-static/tgdd/Products/Images/44/330579/asus-ux5406sa-ultra-7-pv140ws-638765977226776168-600x600.jpg
363897,Laptop,"Laptop Lenovo ThinkBook 14 Gen 8 - 21SJ00EAVN (Ultra 5 135H, 16GB, 512GB, WUXGA, Win11)",32290000,Lenovo,Xám,5,Đã bán 108,https://www.thegioididong.com/laptop/lenovo-thinkbook-14-gen-8-ultra-5-135h-21sj00eavn,https://cdnv2.tgdd.vn/mwg-static/tgdd/Products/Images/44/363897/lenovo-thinkbook-14-gen-8-ultra-5-135h-21sj00eavn-thumb-639093639427166327-600x600.jpg
368555,Laptop,"Laptop Dell 15 DC15250 - DC5C3259W1-2Y (Core 3 100U, 8GB, 512GB, Full HD 120Hz, OfficeHS24+365, Win11)",21490000,Dell,Bạc,5,Đã bán 191,https://www.thegioididong.com/laptop/dell-15-dc15250-core-3-100u-dc5c3259w1-2y,https://cdnv2.tgdd.vn/mwg-static/tgdd/Products/Images/44/368555/dell-15-dc15250-core-3-100u-dc5c3259w1-2y-thumb-639179822227361298-600x600.jpg
340479,Laptop,"Laptop HP Pavilion 15 eg3112TU - 8U6L9PA (i7 1355U, 16GB, 512GB, Full HD, Win11)",24290000,HP,Bạc,5,Đã bán 972,https://www.thegioididong.com/laptop/hp-pavilion-15-eg3112tu-i7-8u6l9pa,https://cdnv2.tgdd.vn/mwg-static/tgdd/Products/Images/44/340479/hp-pavilion-15-eg3112tu-i7-8u6l9pa-638900133723764453-600x600.jpg
362408,Laptop,"Laptop Asus Vivobook 14 M1407GA - LY270W (R7 AI 445, 16GB, 512GB, WUXGA, Win11)",23690000,Asus,Bạc,5,Đã bán 118,https://www.thegioididong.com/laptop/asus-vivobook-14-m1407ga-r7-ai-445-ly270w,https://cdnv2.tgdd.vn/mwg-static/tgdd/Products/Images/44/362408/asus-vivobook-14-m1407ga-r7-ai-445-ly270w-thumb-639057857058543237-600x600.jpg
365625,Laptop,"Laptop HP ProBook 4 G1iR 14 - C40JKAT (Core 5 120U, 16GB, 512GB, WUXGA, Win11)",26990000,HP,Bạc,5,Đã bán 101,https://www.thegioididong.com/laptop/hp-probook-4-g1ir-14-core-5-120u-c40jkat,https://cdnv2.tgdd.vn/mwg-static/tgdd/Products/Images/44/365625/hp-probook-4-g1ir-14-core-5-120u-c40jkat-thumb-2-639156513208500815-600x600.jpg
367683,Laptop,"Laptop Lenovo IdeaPad Slim 3 16IPH11 - 83US002WVN (Ultra 7 355, 16GB, 512GB, WUXGA, Win11)",28990000,Lenovo,Xám,5,Đã bán 38,https://www.thegioididong.com/laptop/lenovo-ideapad-slim-3-16iph11-ultra-7-355-83us002wvn,https://cdnv2.tgdd.vn/mwg-static/tgdd/Products/Images/44/367683/lenovo-ideapad-slim-3-16iph11-ultra-7-355-83us002wvn-thumb-639159949380963741-600x600.jpg
325244,Laptop,"Laptop Dell Inspiron 14 5440 - N4I7204W1 (Core 7 150U, 16GB, 512GB, Full HD+, OfficeHS, Win11)",27990000,Dell,Xanh Dương,4.9,"Đã bán 1,3k",https://www.thegioididong.com/laptop/dell-inspiron-14-5440-core-7-n4i7204w1,https://cdnv2.tgdd.vn/mwg-static/tgdd/Products/Images/44/325244/dell-inspiron-14-5440-core-7-n4i7204w1-thumb-638754948363791973-600x600.jpg
365613,Laptop,"Laptop HP 240R G10 - CC9B9PT (Core 7 150U, 16GB, 512GB, Full HD, Win11)",25990000,HP,Bạc,5,Đã bán 143,https://www.thegioididong.com/laptop/hp-240r-g10-core-7-150u-cc9b9pt,https://cdnv2.tgdd.vn/mwg-static/tgdd/Products/Images/44/365613/hp-240r-g10-core-7-150u-cc9b9pt-thumb-639120233870097729-600x600.jpg
362625,Laptop,"Laptop Asus Zenbook 14 UM3406GA - QD075WS (R7 AI 445 ,16GB, 512GB, WUXGA OLED, OfficeH24+365, Win11)",29490000,Asus,Đen,5,Đã bán 169,https://www.thegioididong.com/laptop/asus-zenbook-14-um3406ga-r7-ai-445-qd075ws,https://cdnv2.tgdd.vn/mwg-static/tgdd/Products/Images/44/362625/asus-zenbook-14-um3406ga-r7-ai-445-qd075ws-thumb-639057626515194446-600x600.jpg
363891,Laptop,"Laptop Lenovo ThinkPad E16 Gen 3 - 22AY003VVN (Ultra 7 258V, 32GB, 512GB, WUXGA, Win11)",35490000,Lenovo,Đen,5,Đã bán 89,https://www.thegioididong.com/laptop/lenovo-thinkpad-e16-gen-3-ultra-7-258v-22ay003vvn,https://cdnv2.tgdd.vn/mwg-static/tgdd/Products/Images/44/363891/lenovo-thinkpad-e16-gen-3-ultra-7-258v-22ay003vvn-thumb-639094240108310334-600x600.jpg
369845,Laptop,"Laptop HP OmniBook 7 14 fr0033TU - C1MN2PA (Ultra 5 225U, 16GB, 512GB, WUXGA, OfficeH24+365, Win11)",27490000,HP,Bạc,,,https://www.thegioididong.com/laptop/hp-omnibook-7-14-fr0033tu-ultra-5-225u-c1mn2pa,https://cdnv2.tgdd.vn/mwg-static/tgdd/Products/Images/44/369845/hp-omnibook-7-14-fr0033tu-ultra-5-225u-c1mn2pa-030926-104427-850-600x600.jpg
359471,Laptop,"Laptop Lenovo V15 G5 IRL - 83HF00BYVN (i5 13420H, 16GB, 512GB, Full HD, Win11)",23990000,Lenovo,Xám,5,Đã bán 219,https://www.thegioididong.com/laptop/lenovo-v15-g5-irl-i5-13420h-83hf00byvn,https://cdnv2.tgdd.vn/mwg-static/tgdd/Products/Images/44/359471/lenovo-v15-g5-irl-i5-13420h-83hf00byvn-thumb-638995925655693100-600x600.jpg
364979,Laptop,"Laptop Acer Gaming Aspire 7 A715-59G-79XF - NH.QX6SV.008 (Core 7 240H, 16GB, 512GB, RTX 3050 6GB, Full HD 144Hz, Win11)",28990000,Acer,Đen,5,Đã bán 63,https://www.thegioididong.com/laptop/acer-gaming-aspire-7-a715-59g-79xf-core-7-240h-nh-qx6sv-008,https://cdnv2.tgdd.vn/mwg-static/tgdd/Products/Images/44/364979/acer-gaming-aspire-7-a715-59g-79xf-core-7-240h-nh-qx6sv-008-thumb-2-639114408725850717-600x600.jpg
357987,Laptop,"Laptop Dell Inspiron 14 5440 - 71053697 (Core 5 120U, 16GB, 1TB, Full HD+, OfficeH24+365B, Win11)",26990000,Dell,Xanh Dương,5,Đã bán 77,https://www.thegioididong.com/laptop/dell-inspiron-14-5440-core-5-120u-71053697,https://cdnv2.tgdd.vn/mwg-static/tgdd/Products/Images/44/357987/dell-inspiron-14-5440-core-5-120u-71053697-thumb-2-638967223573722798-600x600.jpg
364414,Laptop,"Laptop Asus Vivobook 14 M1407KA - LY849W (R5 AI 330, 16GB, 512GB, WUXGA, Win11)",21590000,Asus,Bạc,5,Đã bán 212,https://www.thegioididong.com/laptop/asus-vivobook-14-m1407ka-r5-ai-330-ly849w,https://cdnv2.tgdd.vn/mwg-static/tgdd/Products/Images/44/364414/asus-vivobook-14-m1407ka-r5-ai-330-ly849w-thumb-639113421525121816-600x600.jpg
364181,Laptop,"Laptop Asus TUF Gaming A16 FA607NUQ - RL007W (R7 170, 16GB, 512GB, RTX 4050 6GB, Full HD+ 144Hz, Win11)",35990000,Asus,Xám,5,Đã bán 150,https://www.thegioididong.com/laptop/asus-tuf-gaming-a16-fa607nuq-r7-170-rl007w,https://cdnv2.tgdd.vn/mwg-static/tgdd/Products/Images/44/364181/asus-tuf-gaming-a16-fa607nuq-r7-170-rl007w-thumb-639102024670060442-600x600.jpg
337472,Laptop,"Laptop Dell Inspiron 15 3530 - 71053721 (i7 1355U, 16GB, 512GB, Full HD 120Hz, OfficeH24+365, Win11)",24490000,Dell,Bạc,5,Đã bán 953,https://www.thegioididong.com/laptop/dell-inspiron-15-3530-i7-71053721,https://cdnv2.tgdd.vn/mwg-static/tgdd/Products/Images/44/337472/dell-inspiron-15-3530-i7-71053721-638900879577580798-600x600.jpg
341621,Laptop,"Laptop HP 15 fd1037TU - 9Z2W5PA (Core 7 150U, 16GB, 1TB, Full HD, Win11)",23490000,HP,Bạc,4.9,Đã bán 166,https://www.thegioididong.com/laptop/hp-15-fd1037tu-core-7-150u-9z2w5pa,https://cdnv2.tgdd.vn/mwg-static/tgdd/Products/Images/44/341621/hp-15-fd1037tu-core-7-150u-9z2w5pa-thumb-2-638943948968294518-600x600.jpg
364623,Laptop,"Laptop Lenovo Gaming LOQ 15IRX10 - 83JE01AGVN (i7 13645HX, 16GB, 512GB, RTX 5050 8GB, Full HD 144Hz, Win11)",37590000,Lenovo,Xám,5,Đã bán 83,https://www.thegioididong.com/laptop/lenovo-gaming-loq-15irx10-i7-13645hx-83je01agvn,https://cdnv2.tgdd.vn/mwg-static/tgdd/Products/Images/44/364623/lenovo-gaming-loq-15irx10-i7-13645hx-83je01agvn-thumb-639108190859916049-600x600.jpg
361538,Laptop,"Laptop Dell 16 Plus DB16250 - X65NW7 (Ultra 7 256V, 16GB, 1TB, QHD+ 120Hz, OfficeH24+365, Win11)",40990000,Dell,Xanh da trời,5,Đã bán 83,https://www.thegioididong.com/laptop/dell-16-plus-db16250-ultra-7-256v-x65nw7,https://cdnv2.tgdd.vn/mwg-static/tgdd/Products/Images/44/361538/dell-16-plus-db16250-ultra-7-256v-x65nw7-thumb-2-639086675136984909-600x600.png
357988,Laptop,"Laptop Dell Inspiron 14 5440 - 71059084 (Core 7 150U, 16GB, 1TB, MX570A 2GB, 2.2K, OfficeH24+365B, Win11)",31990000,Dell,Xanh Dương,5,Đã bán 83,https://www.thegioididong.com/laptop/dell-inspiron-14-5440-core-7-150u-71059084,https://cdnv2.tgdd.vn/mwg-static/tgdd/Products/Images/44/357988/dell-inspiron-14-5440-core-7-150u-71059084-thumb-638967227865873337-600x600.jpg
326280,Laptop,"Laptop MSI Gaming Katana A15 AI B8VG - 465VN (R7 8845HS, 16GB, 1TB, RTX 4070 8GB, Full HD 144Hz, Win11)",37790000,MSI,Đen,5,Đã bán 26,https://www.thegioididong.com/laptop/msi-katana-a15-ai-b8vg-r7-465vn,https://cdnv2.tgdd.vn/mwg-static/tgdd/Products/Images/44/326280/msi-katana-a15-ai-b8vg-r7-465vn-638763555401666860-600x600.jpg
335020,Laptop,"Laptop MSI Prestige 14 AI+ Evo C2VMG - 020VN (Ultra 7 258V, 32GB, 1TB, 2.8K OLED 120Hz, Win11)",33990000,MSI,Xám,5,Đã bán 52,https://www.thegioididong.com/laptop/msi-prestige-14-ai-evo-c2vmg-ultra-7-020vn,https://cdnv2.tgdd.vn/mwg-static/tgdd/Products/Images/44/335020/msi-prestige-14-ai-evo-c2vmg-ultra-7-020vn-638900880569143429-600x600.jpg
335015,Laptop,"Laptop MSI Gaming Vector 16 HX AI A2XWIG - 062VN (Ultra 9 275HX, 16GB, 1TB, RTX 5080 16GB, QHD+ 240Hz, Win11)",79590000,MSI,Xám,,Đã bán 2,https://www.thegioididong.com/laptop/msi-vector-16-hx-ai-a2xwig-ultra-9-062vn,https://cdnv2.tgdd.vn/mwg-static/tgdd/Products/Images/44/335015/msi-vector-16-hx-ai-a2xwig-ultra-9-062vn-638828336640479970-600x600.jpg
332397,Laptop,"Laptop Acer Swift AI SF14 51 53P9 - NX.J2KSV.002 (Ultra 5 226V, 16GB, 1TB, 2.8K OLED 90Hz, Win11)",29990000,Acer,Xanh,5,Đã bán 16,https://www.thegioididong.com/laptop/acer-swift-ai-sf14-51-53p9-ultra-5-nxj2ksv002,https://cdnv2.tgdd.vn/mwg-static/tgdd/Products/Images/44/332397/acer-swift-ai-sf14-51-53p9-ultra-5-nxj2ksv002-638765990119867735-600x600.jpg
365305,Laptop,"Laptop Dell 14 DC14250 - 71092478 (Core 7 150U, 16GB, 512GB, Full HD+ 120Hz, OfficeHS24+365, Win11)",29990000,Dell,Bạc,5,Đã bán 135,https://www.thegioididong.com/laptop/dell-14-dc14250-core-7-150u-71092478,https://cdnv2.tgdd.vn/mwg-static/tgdd/Products/Images/44/365305/dell-14-dc14250-core-7-150u-71092478-thumb-639117277687385755-600x600.jpg
332579,Laptop,"Laptop Acer Gaming Nitro ProPanel ANV16 41 R6ZY - NH.QP2SV.002 (R5 8645HS, 16GB, 512GB, RTX 3050 6GB, WUXGA 165Hz, Win11)",28990000,Acer,Xám,5,Đã bán 126,https://www.thegioididong.com/laptop/acer-nitro-v-16-propanel-anv16-41-r6zy-r5-nhqp2sv002,https://cdnv2.tgdd.vn/mwg-static/tgdd/Products/Images/44/332579/acer-nitro-v-16-propanel-anv16-41-r6zy-r5-nhqp2sv002-638765990357297678-600x600.jpg
367017,Laptop,"Laptop Lenovo IdeaPad Slim 3 15IPH11 - 83UR00A5VN (Ultra 7 355, 16GB, 512GB, WUXGA, Win11)",28990000,Lenovo,Xám,5,Đã bán 59,https://www.thegioididong.com/laptop/lenovo-ideapad-slim-3-15iph11-ultra-7-355-83ur00a5vn,https://cdnv2.tgdd.vn/mwg-static/tgdd/Products/Images/44/367017/lenovo-ideapad-slim-3-15iph11-ultra-7-355-83ur00a5vn-thumb-639143554790835163-600x600.jpg
342521,Laptop,"Laptop Lenovo Gaming Legion 5 15IRX10 - 83LY00HQVN (i7 13650HX, 16GB, 512GB, RTX 5060 8GB, WUXGA 165Hz, OfficeH24, Win11)",51990000,Lenovo,Đen,5,Đã bán 82,https://www.thegioididong.com/laptop/lenovo-gaming-legion-5-15irx10-i7-13650hx-83ly00hqvn,https://cdnv2.tgdd.vn/mwg-static/tgdd/Products/Images/44/342521/lenovo-gaming-legion-5-15irx10-i7-13650hx-83ly00hqvn-thumb-638913824327783675-600x600.jpg
365614,Laptop,"Laptop HP EliteBook 6 G1a 14 - C0CE1PT (R5 AI 340, 16GB, 512GB, WUXGA, Win11)",29990000,HP,Bạc,5,Đã bán 20,https://www.thegioididong.com/laptop/hp-elitebook-6-g1a-14-r5-ai-340-c0ce1pt,https://cdnv2.tgdd.vn/mwg-static/dmx/Products/Images/44/365614/hp-elitebook-6-g1a-14-r5-ai-340-c0ce1pt-thumb-639120726657242385-450x300.jpg
362409,Laptop,"Laptop Asus Vivobook 14 Flip TP3407SA - SG349W (Ultra 5 226V, 16GB, 512GB, WUXGA OLED, Cảm ứng, Win11)",26590000,Asus,Xám,5,Đã bán 303,https://www.thegioididong.com/laptop/asus-vivobook-14-flip-tp3407sa-ultra-5-226v-sg349w,https://cdnv2.tgdd.vn/mwg-static/tgdd/Products/Images/44/362409/asus-vivobook-14-flip-tp3407sa-ultra-5-226v-sg349w-thumb-639057859410721898-600x600.jpg
358072,Laptop,"Laptop HP OmniBook 5 AI 16 af1052TU - C1MN6PA (Ultra 7 255U, 32GB, 512GB, WUXGA, Cảm ứng, OfficeH24, Win11)",32490000,HP,Bạc,5,Đã bán 201,https://www.thegioididong.com/laptop/hp-omnibook-5-ai-16-af1052tu-ultra-7-255u-c1mn6pa,https://cdnv2.tgdd.vn/mwg-static/tgdd/Products/Images/44/358072/hp-omnibook-5-ai-16-af1052tu-ultra-7-255u-c1mn6pa-thumb-638965547577598508-600x600.jpg
366165,Laptop,"Laptop Lenovo IdeaPad Slim 3 15IPH11 - 83UR0075VN (Ultra 7 355, 16GB, 512GB, WUXGA, Win11)",28990000,Lenovo,Xám,5,Đã bán 62,https://www.thegioididong.com/laptop/lenovo-ideapad-slim-3-15iph11-ultra-7-355-83ur0075vn,https://cdnv2.tgdd.vn/mwg-static/tgdd/Products/Images/44/366165/lenovo-ideapad-slim-3-15iph11-ultra-7-355-83ur0075vn-thumb-639134496078325474-600x600.jpg
342469,Laptop,"Laptop Dell Inspiron 15 3530 - N5I7421W1 (i7 1355U, 16GB, 512GB,  Full HD 120Hz, OfficeHS24+365, Win11)",24490000,Dell,Bạc,5,"Đã bán 1,4k",https://www.thegioididong.com/laptop/dell-inspiron-15-3530-i7-1355u-n5i7421w1,https://cdnv2.tgdd.vn/mwg-static/tgdd/Products/Images/44/342469/dell-inspiron-15-3530-i7-1355u-n5i7421w1-thumb-2-638981083623791430-600x600.jpg
364942,Laptop,"Laptop Asus Vivobook 16 X1607CA - MB990W (Ultra 7 255H, 16GB, 512GB, WUXGA, Win11)",24990000,Asus,Bạc,5,Đã bán 131,https://www.thegioididong.com/laptop/asus-vivobook-16-x1607ca-ultra-7-255h-mb990w,https://cdnv2.tgdd.vn/mwg-static/tgdd/Products/Images/44/364942/asus-vivobook-16-x1607ca-ultra-7-255h-mb990w-100426-021509-872-600x600.jpg
334800,Laptop,"Laptop Asus Zenbook A14 UX3407QA - QD299WS (X1 26 100, 16GB, 512GB, WUXGA OLED, OfficeH24+365, Win11)",28490000,Asus,Màu be,5,Đã bán 316,https://www.thegioididong.com/laptop/asus-zenbook-a14-ux3407qa-x1-26-100-qd299ws,https://cdnv2.tgdd.vn/mwg-static/tgdd/Products/Images/44/334800/asus-zenbook-a14-ux3407qa-x1-26-100-qd299ws-638774630428732695-600x600.jpg
358119,Laptop,"Laptop HP OmniBook 7 14 fr0024TU - C1MN0PA (Ultra 7 255H, 32GB, 512GB, WUXGA, OfficeH24+365B, Win11)",34990000,HP,Bạc,5,Đã bán 64,https://www.thegioididong.com/laptop/hp-omnibook-7-14-fr0024tu-ultra-7-255h-c1mn0pa,
366167,Laptop,"Laptop Lenovo Gaming LOQ 15IRX9 - 83DV01H3VN (i7 13645HX, 16GB, 512GB, RTX 4050 6GB, Full HD 144Hz, Win11)",34990000,Lenovo,Xám,5,Đã bán 50,https://www.thegioididong.com/laptop/lenovo-gaming-loq-15irx9-i7-13645hx-83dv01h3vn,
366166,Laptop,"Laptop Lenovo Gaming LOQ 15ARP10E - 83S0004FVN (R7 7735HS, 16GB, 512GB, RTX 4050 6GB, Full HD 144Hz, Win11)",30490000,Lenovo,Xám,5,Đã bán 145,https://www.thegioididong.com/laptop/lenovo-gaming-loq-15arp10e-r7-7735hs-83s0004fvn,
358381,Laptop,"Laptop Lenovo Gaming Legion 5 15IRX10 - 83LY00HRVN (i7 13650HX, 16GB, 512GB, RTX 5050 8GB, WUXGA 165Hz, OfficeH24, Win11)",44690000,Lenovo,Đen,4.9,Đã bán 116,https://www.thegioididong.com/laptop/lenovo-gaming-legion-5-15irx10-i7-13650hx-83ly00hrvn,
365616,Laptop,"Laptop HP EliteBook 6 G1a 14 - C0CG2PT (R7 AI 350, 16GB, 512GB, WUXGA, Win11)",32990000,HP,Bạc,5,Đã bán 19,https://www.thegioididong.com/laptop/hp-elitebook-6-g1a-14-r7-ai-350-c0cg2pt,
341565,Laptop,"Laptop Dell Gaming Alienware 16 Aurora AC16250 - 71072937 (Core 7 240H, 16GB, 1TB, RTX 5060 8GB, WQXGA 120Hz, OfficeH24+365, Win11)",44990000,Dell,Xanh Dương,5,Đã bán 43,https://www.thegioididong.com/laptop/dell-alienware-16-aurora-ac16250-core-7-240h-71072937,
362021,Laptop,"Laptop Dell 14 DC14250 - F0FTK5 (Core 5 120U, 16GB, 1TB, Full HD+, OfficeH24+365, Win11)",27990000,Dell,Bạc,5,Đã bán 346,https://www.thegioididong.com/laptop/dell-14-dc14250-core-5-120u-f0ftk5,
345503,Laptop,"Laptop HP Probook 4 G1i 16 - BQ5E1PT (Ultra 7 255U, 16GB, 512GB, WUXGA, Win11)",29990000,HP,Bạc,5,Đã bán 123,https://www.thegioididong.com/laptop/hp-probook-4-g1i-16-ultra-7-255u-bq5e1pt,
359298,Laptop,"Laptop MSI Gaming Katana 15 HX B14WGK - 023VN (i7 14650HX, 16GB, 1TB, RTX 5070 8GB, QHD, 165Hz, Win11)",48590000,MSI,Đen,,Đã bán 5,https://www.thegioididong.com/laptop/msi-gaming-katana-15-hx-b14wgk-i7-14650hx-023vn,
363898,Laptop,"Laptop Lenovo ThinkPad E14 Gen 7 - 21U2003SVN (Ultra 5 228V, 32GB, 512GB, WUXGA, Win11)",38390000,Lenovo,Đen,5,Đã bán 108,https://www.thegioididong.com/laptop/lenovo-thinkpad-e14-gen-7-ultra-5-228v-21u2003svn,
345506,Laptop,"Laptop HP EliteBook 6 G1i 13 - BQ9L8PT (Ultra 5 225U, 16GB, 512GB, WUXGA, Win11)",31990000,HP,Bạc,5,Đã bán 147,https://www.thegioididong.com/laptop/hp-elitebook-6-g1i-13-ultra-5-225u-bq9l8pt,
363826,Laptop,"Laptop Dell Pro 13 Plus PB13250 - 71084491 (Ultra 5 235U, 16GB, 512GB, Full HD+, Win11)",30490000,Dell,Bạc,5,Đã bán 71,https://www.thegioididong.com/laptop/dell-pro-13-plus-pb13250-ultra-5-235u-71084491,
359299,Laptop,"Laptop MSI Gaming Katana 15 HX B14WFK - 294VN (i9 14900HX, 16GB, 512GB, RTX 5060 8GB, QHD, 165Hz, Win11)",45590000,MSI,Đen,5,Đã bán 21,https://www.thegioididong.com/laptop/msi-gaming-katana-15-hx-b14wfk-i9-14900hx-294vn,
367377,Laptop,"Laptop Acer Aspire Lite 15 AL15-53P-56QH - NX.DG3SV.001 (Core 5 120U, 8GB, 512GB, Full HD, Win11)",18990000,Acer,Bạc,5,Đã bán 212,https://www.thegioididong.com/laptop/acer-aspire-lite-15-al15-53p-56qh-core-5-120u-nx-dg3sv-001,https://cdnv2.tgdd.vn/mwg-static/tgdd/Products/Images/44/367377/acer-aspire-lite-15-al15-53p-56qh-core-5-120u-nx-dg3sv-001-thumb-639161653711301658-600x600.jpg
342749,Laptop,"Laptop Asus Vivobook S14 S3407VA - LY053W (i7 13620H, 16GB, 512GB, WUXGA, Win11)",23490000,Asus,Bạc,5,Đã bán 400,https://www.thegioididong.com/laptop/asus-vivobook-s14-s3407va-i7-13620h-ly053w,https://cdnv2.tgdd.vn/mwg-static/tgdd/Products/Images/44/342749/asus-vivobook-s14-s3407va-i7-13620h-ly053w-thumb-638919138521960274-600x600.jpg
325247,Laptop,"Laptop Dell Inspiron 15 3530 - P16WD (i7 1355U, 16GB, 1TB, Full HD 120Hz, OfficeHS, Win11)",26490000,Dell,Bạc,4.9,"Đã bán 3,3k",https://www.thegioididong.com/laptop/dell-inspiron-15-3530-i7-p16wd,https://cdnv2.tgdd.vn/mwg-static/tgdd/Products/Images/44/325247/dell-inspiron-15-3530-i7-p16wd-thumb-638754948496889615-600x600.jpg
363900,Laptop,"Laptop Lenovo ThinkPad E14 Gen 7 - 21U2003JVN (Ultra 7 258V, 32GB, 512GB, WUXGA, Win11)",36590000,Lenovo,Đen,5,Đã bán 183,https://www.thegioididong.com/laptop/lenovo-thinkpad-e14-gen-7-ultra-7-258v-21u2003jvn,https://cdnv2.tgdd.vn/mwg-static/tgdd/Products/Images/44/363900/lenovo-thinkpad-e14-gen-7-ultra-7-258v-21u2003jvn-thumb-639092654229595636-600x600.jpg
358798,Laptop,"Laptop HP OmniBook 5 16 ag1066AU - BZ7S9PA (R7 Al 350, 16GB, 512GB, WUXGA, Cảm ứng, OfficeH24+365B, Win11)",30790000,HP,Bạc,5,Đã bán 40,https://www.thegioididong.com/laptop/hp-omnibook-5-16-ag1066au-r7-al-350-bz7s9pa,https://cdnv2.tgdd.vn/mwg-static/tgdd/Products/Images/44/358798/hp-omnibook-5-16-ag1066au-r7-al-350-bz7s9pa-thumb-638985450204701016-600x600.jpg
341269,Laptop,"Laptop HP OmniBook UF 14 fh0097TU - BZ7S3PA (Ultra 7 258V, 32GB, 1TB, 2.8K OLED 120Hz, Cảm ứng, OfficeH24, Win11)",55990000,HP,Xanh,5,Đã bán 35,https://www.thegioididong.com/laptop/hp-omnibook-uf-14-fh0097tu-ultra-7-258v-bz7s3pa,https://cdnv2.tgdd.vn/mwg-static/tgdd/Products/Images/44/341269/hp-omnibook-uf-14-fh0097tu-ultra-7-258v-bz7s3pa-thumb-2-638978692991283064-600x600.jpg
359302,Laptop,"Laptop MSI Gaming Stealth A16 AI+ A3XWFG - 018VN (R9 AI HX 370, 32GB, 1TB, RTX 5060 8GB, QHD+ OLED, 240Hz, Win11)",63990000,MSI,Đen,,Đã bán 4,https://www.thegioididong.com/laptop/msi-gaming-stealth-a16-ai-a3xwfg-r9-ai-hx-370-018vn,https://cdnv2.tgdd.vn/mwg-static/tgdd/Products/Images/44/359302/msi-gaming-stealth-a16-ai-a3xwfg-r9-ai-hx-370-018vn-thumb-638993199359996290-600x600.jpg
362624,Laptop,"Laptop Asus Vivobook S14 M3407GA - SF030W (R7 AI 445, 16GB, 512GB, WUXGA OLED, Win11)",27990000,Asus,Xám,5,Đã bán 97,https://www.thegioididong.com/laptop/asus-vivobook-s14-m3407ga-r7-ai-445-sf030w,
361729,Laptop,"Laptop HP ProBook 4 G1q 14 - C40JQAT (X1 26 100, 16GB, 512GB, WUXGA, Win11)",22590000,HP,Bạc,5,Đã bán 45,https://www.thegioididong.com/laptop/hp-probook-4-g1q-14-x1-26-100-c40jqat,
363902,Laptop,"Laptop Lenovo V15 G5 IRL - 83HF00BVVN (i5 13420H, 8GB, 512GB, Full HD, Win11)",20590000,Lenovo,Xám,5,Đã bán 55,https://www.thegioididong.com/laptop/lenovo-v15-g5-irl-i5-13420h-83hf00bvvn,
364415,Laptop,"Laptop Asus Vivobook S14 S3407CA - SF913W (Ultra 5 225H, 16GB, 512GB, WUXGA OLED, Win11)",27890000,Asus,Xám,5,Đã bán 168,https://www.thegioididong.com/laptop/asus-vivobook-s14-s3407ca-ultra-5-225h-sf913w,
368209,Laptop,"Laptop Lenovo ThinkBook 16 G9 - 21UT005MVN (R7 250, 16GB, 512GB, WUXGA, Win11)",30190000,Lenovo,Xám,5,Đã bán 48,https://www.thegioididong.com/laptop/lenovo-thinkbook-16-g9-r7-250-21ut005mvn,
326049,Laptop,"Laptop HP 245 G10 - A20TDPT (R5 7530U, 8GB, 512GB, Full HD, Win11)",19290000,HP,Bạc,4.9,"Đã bán 6,8k",https://www.thegioididong.com/laptop/hp-245-g10-r5-a20tdpt,
337041,Laptop,"Laptop HP Pavilion 16 af0052TU - AY8C1PA (Ultra 7 155U, 16GB, 1TB, WUXGA, OfficeHS+365, Win11)",27390000,HP,Bạc,5,Đã bán 523,https://www.thegioididong.com/laptop/hp-pavilion-16-af0052tu-ultra-7-ay8c1pa,
364622,Laptop,"Laptop Lenovo ThinkPad X1 Carbon Gen 13 - 21NS010CVN (Ultra 7 258V, 32GB, 1TB, 2.8K OLED 120Hz, Win11Pro)",68590000,Lenovo,Đen,5,Đã bán 14,https://www.thegioididong.com/laptop/lenovo-thinkpad-x1-carbon-gen-13-ultra-7-258v-21ns010cvn,
359928,Laptop,"Laptop GIGABYTE Gaming A16 GA6H - CWHI3VNC94SH (i7 13620H, 16GB, 1TB, RTX 5070 8GB, WQXGA 165Hz, Win11)",41490000,GIGABYTE,Đen,5,Đã bán 12,https://www.thegioididong.com/laptop/gigabyte-gaming-a16-ga6h-i7-13620h-cwhi3vnc94sh,https://cdnv2.tgdd.vn/mwg-static/tgdd/Products/Images/44/359928/gigabyte-gaming-a16-ga6h-i7-13620h-cthi3vn893sh-thumb-639003672081449517-600x600.jpg
362626,Laptop,"Laptop Asus Zenbook 14 UM3406GA - QD073WS (R7 AI 445, 32GB, 1TB, WUXGA OLED, OfficeH24+365, Win11)",35990000,Asus,Đen,5,Đã bán 115,https://www.thegioididong.com/laptop/asus-zenbook-14-um3406ga-r7-ai-445-qd073ws,https://cdnv2.tgdd.vn/mwg-static/tgdd/Products/Images/44/362626/asus-zenbook-14-um3406ga-r7-ai-445-qd073ws-thumb-639057631525660749-600x600.jpg
368221,Laptop,"Laptop Lenovo ThinkBook 14 Gen 9 IRL - 21UY008TVN (i5 13420H, 16GB, 512GB, WUXGA, Win11)",28690000,Lenovo,Xám,,Đã bán 26,https://www.thegioididong.com/laptop/lenovo-thinkbook-14-gen-9-irl-i5-13420h-21uy008tvn,https://cdnv2.tgdd.vn/mwg-static/tgdd/Products/Images/44/368221/lenovo-thinkbook-14-gen-9-irl-i5-13420h-21uy008tvn-thumb-639178120070286677-600x600.jpg
337042,Laptop,"Laptop HP Pavilion 16 af0053TU - AY8C2PA (Ultra 7 155U, 16GB, 512GB, WUXGA, OfficeHS+365, Win11)",26390000,HP,Bạc,5,Đã bán 922,https://www.thegioididong.com/laptop/hp-pavilion-16-af0053tu-ultra-7-ay8c2pa,https://cdnv2.tgdd.vn/mwg-static/tgdd/Products/Images/44/337042/hp-pavilion-16-af0053tu-ultra-7-ay8c2pa-thumb-638828178123952574-600x600.jpg
365312,Laptop,"Laptop Dell 16 DC16250 - DC16250-C7U161W11BLU-27 (Core 7 150U, 16GB, 1TB, Full HD+, OfficeHS24+365, Win11)",33990000,Dell,Đen,5,Đã bán 44,https://www.thegioididong.com/laptop/dell-16-dc16250-core-7-150u-dc16250-c7u161w11blu-27,https://cdnv2.tgdd.vn/mwg-static/tgdd/Products/Images/44/365312/dell-16-dc16250-core-7-150u-dc16250-c7u161w11blu-27-thumb-639116780681933451-600x600.jpg
340563,Laptop,"Laptop Dell Inspiron 14 5441 - N4O10441W1 (X1P 64 100, 16GB, 1TB, Full HD+, OfficeH24+365, Win11)",28490000,Dell,Xám,5,Đã bán 89,https://www.thegioididong.com/laptop/dell-inspiron-14-5441-x1p-64-n4o10441w1,https://cdnv2.tgdd.vn/mwg-static/tgdd/Products/Images/44/340563/dell-inspiron-14-5441-x1p-64-n4o10441w1-638900115125403698-600x600.jpg
340559,Laptop,"Laptop Dell Inspiron 15 3530 - N3530-i7U161W11SLU (i7 1355U, 16GB, 1TB, Full HD 120Hz, OfficeH24+365, Win11)",26490000,Dell,Bạc,5,"Đã bán 1,1k",https://www.thegioididong.com/laptop/dell-inspiron-15-3530-i7-n3530-i7u161w11slu,https://cdnv2.tgdd.vn/mwg-static/tgdd/Products/Images/44/340559/dell-inspiron-15-3530-i7-n3530-i7u161w11slu-638900114347898134-600x600.jpg
368223,Laptop,"Laptop HP OmniBook X Flip 14 fk0082AU - BZ7N8PA (R7 AI 350, 32GB, 1TB, 2K, Cảm ứng, OfficeH24+365, Win11)",39890000,HP,Bạc,5,Đã bán 24,https://www.thegioididong.com/laptop/hp-omnibook-x-flip-14-fk0082au-r7-ai-350-bz7n8pa,https://cdnv2.tgdd.vn/mwg-static/tgdd/Products/Images/44/368223/hp-omnibook-x-flip-14-fk0082au-r7-ai-350-bz7n8pa-thumb-639177265513907656-600x600.jpg
367012,Laptop,"Laptop Lenovo IdeaPad 5 2in1 14IPH11 - 83UG0026VN (Ultra 5 322, 16GB, 512GB, WUXGA, Cảm ứng, Win11)",30590000,Lenovo,Xám,5,Đã bán 15,https://www.thegioididong.com/laptop/lenovo-ideapad-5-2in1-14iph11-ultra-5-322-83ug0026vn,https://cdnv2.tgdd.vn/mwg-static/tgdd/Products/Images/44/367012/lenovo-ideapad-5-2in1-14iph11-ultra-5-322-83ug0026vn-thumb-639144568090091054-600x600.jpg
362023,Laptop,"Laptop Dell 16 DC16251 - DC6C7557W1 (Core 7 150U, 16GB, 1TB, Full HD+, OfficeH24+365, Win11)",33990000,Dell,Bạc,5,Đã bán 53,https://www.thegioididong.com/laptop/dell-16-dc16251-core-7-150u-dc6c7557w1,https://cdnv2.tgdd.vn/mwg-static/tgdd/Products/Images/44/362023/dell-16-dc16251-core-7-150u-dc6c7557w1-thumb-639046783483771365-600x600.jpg
325953,Laptop,"Laptop Dell Inspiron 14 5440 - 7FN5J (Core 7 150U, 16GB, 1TB, Full HD+, OfficeHS, Win11)",28990000,Dell,Xanh Dương,5,"Đã bán 1,6k",https://www.thegioididong.com/laptop/dell-inspiron-14-5440-core-7-7fn5j,https://cdnv2.tgdd.vn/mwg-static/tgdd/Products/Images/44/325953/dell-inspiron-14-5440-core-7-7fn5j-thumb-638754955274250524-600x600.jpg
342719,Laptop,"Laptop HP Gaming OMEN 16 am0176TX - BX9D3PA (Ultra 7 255H, 16GB, 512GB, RTX 5060 8GB, WUXGA 165Hz, Win11)",43890000,HP,Đen,5,Đã bán 15,https://www.thegioididong.com/laptop/hp-gaming-omen-16-am0176tx-ultra-7-255h-bx9d3pa,https://cdnv2.tgdd.vn/mwg-static/tgdd/Products/Images/44/342719/hp-gaming-omen-16-am0176tx-ultra-7-255h-bx9d3pa-thumb-2-638978728050621532-600x600.jpg
368217,Laptop,"Laptop Lenovo Yoga 7 2in1 14IPH11 - 83TC002LVN (Ultra 5 322, 16GB, 512GB, WUXGA OLED, Cảm ứng, OfficeH24+365, Win11)",38490000,Lenovo,Xám,,Đã bán 14,https://www.thegioididong.com/laptop/lenovo-yoga-7-2in1-14iph11-ultra-5-322-83tc002lvn,https://cdnv2.tgdd.vn/mwg-static/tgdd/Products/Images/44/368217/lenovo-yoga-7-2in1-14iph11-ultra-5-322-83tc002lvn-thumb-639178080349557801-600x600.jpg
345500,Laptop,"Laptop HP Probook 4 G1i 16 - BQ5D4PT (Ultra 5 225U, 16GB, 512GB, WUXGA, Win11)",29490000,HP,Bạc,5,Đã bán 130,https://www.thegioididong.com/laptop/hp-probook-4-g1i-16-ultra-5-225u-bq5d4pt,https://cdnv2.tgdd.vn/mwg-static/tgdd/Products/Images/44/345500/hp-probook-4-g1i-16-ultra-5-225u-bq5d4pt-thumb-638936179391158436-600x600.jpg
369747,Laptop,"Laptop Dell 14 DC14250 - DC14250-C7U161W11SLU-2Y (Core 7 150U, 16GB, 1TB, Full HD+ ,OfficeH24+365, Win11)",34990000,Dell,Bạc,,,https://www.thegioididong.com/laptop/dell-14-dc14250-core-7-150u-dc14250-c7u161w11slu-2y,https://cdnv2.tgdd.vn/mwg-static/tgdd/Products/Images/44/369747/dell-14-dc14250-core-7-150u-dc14250-c7u161w11slu-2y-thumb-639204946954551554-600x600.jpg
368218,Laptop,"Laptop Lenovo ThinkBook 14 G9 - 21V0005PVN (R7 250, 16GB, 512GB, WUXGA, Win11)",33390000,Lenovo,Xám,5,Đã bán 38,https://www.thegioididong.com/laptop/lenovo-thinkbook-14-g9-r7-250-21v0005pvn,https://cdnv2.tgdd.vn/mwg-static/tgdd/Products/Images/44/368218/lenovo-thinkbook-14-g9-r7-250-21v0005pvn-thumb-639178090263762280-600x600.jpg
345508,Laptop,"Laptop HP EliteBook 6 G1i 13 - BQ9M6PT (Ultra 7 255U, 16GB, 512GB, WUXGA, Win11)",35990000,HP,Bạc,5,Đã bán 60,https://www.thegioididong.com/laptop/hp-elitebook-6-g1i-13-ultra-7-255u-bq9m6p,https://cdnv2.tgdd.vn/mwg-static/tgdd/Products/Images/44/345508/hp-elitebook-6-g1i-13-ultra-7-255u-bq9m6p-thumb-638936199477439480-600x600.jpg
358794,Laptop,"Laptop HP OmniBook 7 16 az0038TU - C2CX1PA (Core 5 210H, 24GB, 512GB, WUXGA, OfficeH24, Win11)",27990000,HP,Bạc,5,Đã bán 47,https://www.thegioididong.com/laptop/hp-omnibook-7-16-az0038tu-core-5-210h-c2cx1pa,https://cdnv2.tgdd.vn/mwg-static/tgdd/Products/Images/44/358794/hp-omnibook-7-16-az0038tu-core-5-210h-c2cx1pa-thumb01-638983932700674953-600x600.jpg
367013,Laptop,"Laptop Lenovo IdeaPad 5 2in1 14IPH11 - 83UG0027VN (Ultra 7 355, 16GB, 512GB, WUXGA, Cảm ứng, Win11)",35990000,Lenovo,Xám,5,Đã bán 13,https://www.thegioididong.com/laptop/lenovo-ideapad-5-2in1-14iph11-ultra-7-355-83ug0027vn,
361730,Laptop,"Laptop HP ProBook 4 G1q 14 - C40JRAT (X1 26 100, 32GB, 512GB, WUXGA, Win11)",26590000,HP,Bạc,5,Đã bán 24,https://www.thegioididong.com/laptop/hp-probook-4-g1q-14-x1-26-100-c40jrat,
339235,Laptop,"Laptop Asus Zenbook 14 UM3406KA - PP113WS (R7 AI 350, 16GB, 512GB, 2.8K 120Hz, OfficeH24+365, Win11)",27390000,Asus,Đen,5,Đã bán 109,https://www.thegioididong.com/laptop/asus-zenbook-14-um3406ka-r7-ai-350-pp113ws,
342721,Laptop,"Laptop HP Gaming OMEN 16 am0127TX - BX8Y0PA (i9 14900HX, 32GB, 512GB, RTX 5070 8GB, WUXGA 165Hz, Win11)",56990000,HP,Đen,5,Đã bán 13,https://www.thegioididong.com/laptop/hp-gaming-omen-16-am0127tx-i9-14900hx-bx8y0pa,
367021,Laptop,"Laptop Lenovo IdeaPad Slim 5 14AGP11 - 83S1006RVN (R7 AI 445, 16GB, 512GB, WUXGA OLED, Win11)",30990000,Lenovo,Xám,,Đã bán 12,https://www.thegioididong.com/laptop/lenovo-ideapad-slim-5-14agp11-r7-ai-445-83s1006rvn,
341268,Laptop,"Laptop HP OmniBook UF 14 fh0095TU - BZ7S2PA (Ultra 9 288V, 32GB, 1TB, 2.8K OLED 120Hz, Cảm ứng, OfficeH24, Win11)",59990000,HP,Xanh,5,Đã bán 16,https://www.thegioididong.com/laptop/hp-omnibook-uf-14-fh0095tu-ultra-9-288v-bz7s2pa,
358795,Laptop,"Laptop HP OmniBook 7 16 az0043TU - C2CX3PA (Core 7 240H, 32GB, 512GB, WUXGA, OfficeH24, Win11)",34990000,HP,Bạc,5,Đã bán 18,https://www.thegioididong.com/laptop/hp-omnibook-7-16-az0043tu-core-7-240h-c2cx3pa,
364621,Laptop,"Laptop Lenovo ThinkPad X1 Carbon Gen 13 - 21NS010JVN (Ultra 7 258V, 32GB, 1TB, 2.8K OLED 120Hz, Win11Pro)",68790000,Lenovo,Đen,5,Đã bán 8,https://www.thegioididong.com/laptop/lenovo-thinkpad-x1-carbon-gen-13-ultra-7-258v-21ns010jvn,https://cdnv2.tgdd.vn/mwg-static/tgdd/Products/Images/44/364621/lenovo-thinkpad-x1-carbon-gen-13-ultra-7-258v-21ns010jvn-thumb-2-639107238068016232-600x600.jpg
367685,Laptop,"Laptop Lenovo IdeaPad Slim 3 14IPH11 - 83UQ003PVN (Ultra 7 355, 16GB, 512GB, WUXGA, Win11)",28990000,Lenovo,Xám,,Đã bán 7,https://www.thegioididong.com/laptop/lenovo-ideapad-slim-3-14iph11-ultra-7-355-83uq003pvn,https://cdnv2.tgdd.vn/mwg-static/tgdd/Products/Images/44/367685/lenovo-ideapad-slim-3-14iph11-ultra-7-355-83uq003pvn-thumb-639166826072161878-600x600.jpg
337040,Laptop,"Laptop HP Elitebook Ultra G1q - B4PY1PT (X1E 78 100, 32GB, 1TB, 2.2K, Cảm ứng, Win11 Pro)",48790000,HP,Xanh,5,Đã bán 4,https://www.thegioididong.com/laptop/hp-elitebook-ultra-g1q-x1e-78-100-b4py1pt,https://cdnv2.tgdd.vn/mwg-static/tgdd/Products/Images/44/337040/hp-elitebook-ultra-g1q-x1e-78-100-b4py1pt-638851476833171882-600x600.jpg
368224,Laptop,"Laptop HP Gaming HyperX Omen 15 ga0092TX - D72D8PA (i5 14450HX, 16GB, 512GB, RTX 5050 8GB, WUXGA 165Hz, Win11)",45590000,HP,Đen,,,https://www.thegioididong.com/laptop/hp-gaming-hyperx-omen-15-ga0092tx-i5-14450hx-d72d8pa,https://cdnv2.tgdd.vn/mwg-static/tgdd/Products/Images/44/368224/hp-gaming-hyperx-omen-15-ga0092tx-i5-14450hx-d72d8pa-thumb-639177437337629252-600x600.jpg
327098,Laptop,"Laptop HP 15 fc0085AU - A6VV8PA (R5 7430U, 16GB, 512GB, Full HD, Win11)",21290000,HP,Vàng,4.9,"Đã bán 20,2k",https://www.thegioididong.com/laptop/hp-15-fc0085au-r5-a6vv8pa,https://cdnv2.tgdd.vn/mwg-static/tgdd/Products/Images/44/327098/hp-15-fc0085au-r5-a6vv8pa-170225-110652-878-600x600.jpg
339558,Laptop,"Laptop HP EliteBook X G1a 14 AI - B9FE4PT (R9 AI HX PRO 375, 32GB, 1TB, 2.8K OLED 120Hz, Cảm ứng, Win11 Pro)",59590000,HP,Bạc,5,Đã bán 5,https://www.thegioididong.com/laptop/hp-elitebook-x-g1a-14-ai-r9-ai-hx-pro-375-b9fe4pt,https://cdnv2.tgdd.vn/mwg-static/tgdd/Products/Images/44/339558/hp-elitebook-x-g1a-14-ai-r9-ai-hx-pro-375-b9fe4pt-638900878615705835-600x600.jpg
358081,Laptop,"Laptop HP OmniBook 7 16 az0040TU - C2DR3PA (Core 9 270H, 32GB, 512GB, WUXGA, OfficeH24+365, Win11)",39890000,HP,Bạc,5,Đã bán 15,https://www.thegioididong.com/laptop/hp-omnibook-7-16-az0040tu-core-9-270h-c2dr3pa,https://cdnv2.tgdd.vn/mwg-static/tgdd/Products/Images/44/358081/hp-omnibook-7-16-az0040tu-core-9-270h-c2dr3pa-thumb-638966564370747518-600x600.jpg
367019,Laptop,"Laptop Lenovo Yoga Slim 7 OLED 14IPH11 - 83QM002FVN (Ultra 7 355, 32GB, 1TB, WUXGA OLED, OfficeH24+365, Win11)",54490000,Lenovo,Xám,5,Đã bán 4,https://www.thegioididong.com/laptop/lenovo-yoga-slim-7-oled-14iph11-ultra-7-355,
368225,Laptop,"Laptop HP HyperX Omen 15 ga0091TX - D72D7PA (i5 14450HX, 16GB, 512GB, RTX 5060 8GB, WUXGA 165Hz, Win11)",48590000,HP,Đen,,,https://www.thegioididong.com/laptop/hp-hyperx-omen-15-ga0091tx-i5-14450h-d72d7pa,
368213,Laptop,"Laptop Lenovo IdeaPad Slim 5 14IPH11 - 83S5004FVN (Ultra 7 355, 16GB, 512GB, WUXGA OLED, Win11)",34990000,Lenovo,Xám,5,Đã bán 16,https://www.thegioididong.com/laptop/lenovo-ideapad-slim-5-14iph11-ultra-7-355-83s5004fvn,
331522,Laptop,"Laptop HP Elitebook X360 830 G11 - A7RB9PT (Ultra 5 135U, 16GB, 512GB, WUXGA, Cảm ứng, Win11 Pro)",43690000,HP,Bạc,5,Đã bán 7,https://www.thegioididong.com/laptop/hp-elitebook-x360-830-g11-ultra-5-a7rb9pt,
370357,Laptop,"Laptop Lenovo Yoga Slim 7 Ultra 14IPH11 - 83QK006GVN (Ultra 7 355, 32GB, 1TB, WQXGA+ 120Hz, Cảm ứng, OfficeH24+365, Win11)",64990000,Lenovo,Xám,,,https://www.thegioididong.com/laptop/lenovo-yoga-slim-7-ultra-14iph11-ultra-7-355-83qk006gvn,
363896,Laptop,"Laptop Lenovo ThinkPad X1 Carbon Gen 13 - 21NS010EVN (Ultra 5 226V, 16GB, 1TB, 2.8K OLED 120Hz, Win11Pro)",61390000,Lenovo,Đen,,Đã bán 2,https://www.thegioididong.com/laptop/lenovo-thinkpad-x1-carbon-gen-13-ultra-5-226v-21ns010evn,
341573,Laptop,"Laptop MSI Gaming Stealth A16 Mercedes AMG AI+ A3XWGG - 032VN (R9 AI HX 370, 32GB, 2TB, RTX 5070 8GB, QHD+ OLED 240Hz, Win11)",78590000,MSI,Xám,,Đã bán 1,https://www.thegioididong.com/laptop/msi-stealth-a16-mercedes-amg-ai-a3xwgg-r9-ai-hx-370-032vn,
367374,Laptop,"Laptop Acer Aspire Lite 14 AL14-45P-R7Z3 - NX.DPESV.002 (R3 5400U, 8GB, 512GB, Full HD+, Win11)",15990000,Acer,Bạc,5,Đã bán 843,https://www.thegioididong.com/laptop/acer-aspire-lite-14-al14-45p-r7z3-r3-5400u-nx-dpesv-002,
368301,Laptop,"Laptop Asus Vivobook 14 X1407CA - LY203W (Ultra 5 225H, 16GB, 512GB, WUXGA, Win11)",24090000,Asus,Bạc,5,Đã bán 350,https://www.thegioididong.com/laptop/asus-vivobook-14-x1407ca-ultra-5-225h-ly203w,https://cdnv2.tgdd.vn/mwg-static/tgdd/Products/Images/44/368301/asus-vivobook-14-x1407ca-ultra-5-225h-ly203w-thumb-639178911847886946-600x600.jpg
360418,Laptop,"Laptop Asus Vivobook 15 X1504VA - BQ185W (Core 5 120U, 16GB, 512GB, Full HD, Win11)",18990000,Asus,Bạc,5,"Đã bán 1,2k",https://www.thegioididong.com/laptop/asus-vivobook-15-x1504va-core-5-120u-bq185w,https://cdnv2.tgdd.vn/mwg-static/tgdd/Products/Images/44/360418/asus-vivobook-15-x1504va-core-5-120u-bq185w-thumb-639017420847213436-600x600.jpg
368146,Laptop,"Laptop Asus Vivobook Go 14 E1404FA - EB1832W (R5 40, 8GB, 512GB, Full HD, Win11)",18790000,Asus,Bạc,5,Đã bán 860,https://www.thegioididong.com/laptop/asus-vivobook-go-14-e1404fa-r5-40-eb1832w,https://cdnv2.tgdd.vn/mwg-static/tgdd/Products/Images/44/368146/asus-vivobook-go-14-e1404fa-r5-40-eb1832w-030926-101520-473-600x600.jpg
370862,Laptop,"Laptop Acer Aspire Lite 15 AL15-410P-R1W8 - NX.X0RSV.001 (Ryzen 5 3500U, 8GB, 512GB, Full HD, Win11)",17990000,Acer,Xám,,,https://www.thegioididong.com/laptop/acer-aspire-lite-15-al15-410p-r1w8-ryzen-5-3500u-nx-x0rsv-001,https://cdnv2.tgdd.vn/mwg-static/tgdd/Products/Images/44/370862/acer-aspire-lite-15-al15-410p-r1w8-ryzen-5-3500u-nx-x0rsv-001-thumb-639236342840647503-600x600.jpg
369755,Laptop,"Laptop Asus Gaming V16 V3607VJ Core 5 - TK189W (Core 5 210H, 16GB, 512GB, RTX 3050 6GB, WUXGA 144Hz, Win11)",25990000,Asus,Đen,,,https://www.thegioididong.com/laptop/asus-gaming-v16-v3607vj-core-5-core-5-210h-tk189w,https://cdnv2.tgdd.vn/mwg-static/tgdd/Products/Images/44/369755/asus-gaming-v16-v3607vj-core-5-core-5-210h-tk189w-thumb-639209519222075024-600x600.jpg
368302,Laptop,"Laptop Asus Vivobook Go 14 E1404FA - EB012W (R5 40, 8GB, 512GB, Full HD, Win11)",18790000,Asus,Bạc,5,Đã bán 566,https://www.thegioididong.com/laptop/asus-vivobook-go-14-e1404fa-r5-40-eb012w,https://cdnv2.tgdd.vn/mwg-static/tgdd/Products/Images/44/368302/asus-vivobook-go-14-e1404fa-r5-40-eb012w-030926-101653-932-600x600.jpg
369450,Laptop,"Laptop Asus Vivobook 16 X1607CA - MB387W (Ultra 5 225H, 16GB, 512GB, WUXGA, Win11)",24590000,Asus,Bạc,,,https://www.thegioididong.com/laptop/asus-vivobook-16-x1607ca-ultra-5-225h-mb387w,https://cdnv2.tgdd.vn/mwg-static/tgdd/Products/Images/44/369450/asus-vivobook-16-x1607ca-ultra-5-225h-mb387w-030926-102623-046-600x600.jpg
369758,Laptop,"Laptop Asus Vivobook 15 X1504MA - BQ893W (Core 3 304, 8GB, 512GB, Full HD, Win 11)",17990000,Asus,Bạc,,,https://www.thegioididong.com/laptop/asus-vivobook-go-15-x1504ma-core-3-304-bq893w,https://cdnv2.tgdd.vn/mwg-static/tgdd/Products/Images/44/369758/asus-vivobook-go-15-x1504ma-core-3-304-bq893w-thumb-639210253678678922-600x600.jpg
369746,Laptop,"Laptop Dell 14 DC14250 - DC14250-C3U085W11SLU-2Y (Core 3 100U, 8GB, 512GB, Full HD+, OfficeH24+365, Win11)",21490000,Dell,Bạc,,,https://www.thegioididong.com/laptop/dell-14-dc14250-core-3-100u-dc14250-c3u085w11slu-2y,https://cdnv2.tgdd.vn/mwg-static/tgdd/Products/Images/44/369746/dell-14-dc14250-core-3-100u-dc14250-c3u085w11slu-2y-thumb-639204915247971563-600x600.jpg
364941,Laptop,"Laptop Asus Vivobook S14 M3407HA - SF480W (R5 220, 16GB, 512GB, WUXGA OLED, Win11)",22990000,Asus,Xám,5,Đã bán 175,https://www.thegioididong.com/laptop/asus-vivobook-s14-m3407ha-r5-220-sf480w,https://cdnv2.tgdd.vn/mwg-static/tgdd/Products/Images/44/364941/asus-vivobook-s14-m3407ha-r5-220-sf480w-thumb-2-639172080601728761-600x600.jpg
367892,Laptop,"Laptop Asus Vivobook 14 X1404MA - EB219W (Core 5 320, 8GB, 512GB, Full HD, Win11)",19990000,Asus,Bạc,5,Đã bán 97,https://www.thegioididong.com/laptop/asus-vivobook-14-x1404ma-core-5-320-eb219w,https://cdnv2.tgdd.vn/mwg-static/tgdd/Products/Images/44/367892/asus-vivobook-14-x1404ma-core-5-320-eb219w-thumb-639166979400883797-600x600.jpg
368147,Laptop,"Laptop Asus Vivobook 15 X1504MA - BQ385W (Core 5 320, 16GB, 512GB, Full HD, Win11)",23990000,Asus,Bạc,5,Đã bán 73,https://www.thegioididong.com/laptop/asus-vivobook-15-x1504ma-core-5-320-bq385w,https://cdnv2.tgdd.vn/mwg-static/tgdd/Products/Images/44/368147/asus-vivobook-15-x1504ma-core-5-320-bq385w-thumb-639173779246567438-600x600.jpg
369984,Laptop,"Laptop MSI Cyborg 15 Black Edition A13VEO - 2608VN (i7 13620H, 16GB, 512GB, RTX 4050 6GB, Full HD 144Hz, Win11)",29890000,MSI,Đen,,,https://www.thegioididong.com/laptop/msi-cyborg-15-black-edition-a13veo-i7-13620h-2608vn,https://cdnv2.tgdd.vn/mwg-static/tgdd/Products/Images/44/369984/msi-cyborg-15-black-edition-a13veo-i7-13620h-2608vn-thumb-639217144389270458-600x600.jpg
364489,Laptop,"Laptop Asus TUF Gaming F16 FX608JMI - TU241W (i7 14650HX, 16GB, 512GB, RTX 5060 8GB, Full HD+ 144Hz, Win11)",42490000,Asus,Xám,,Đã bán 51,https://www.thegioididong.com/laptop/asus-tuf-gaming-f16-fx608jmi-i7-14650hx-tu241w,
364403,Laptop,"Laptop Asus Zenbook 14 UX3405CA - ST629W (Ultra 7 255H, 32GB, 512GB, 3K OLED 120Hz, Win11)",35590000,Asus,Xanh Dương,5,Đã bán 132,https://www.thegioididong.com/laptop/asus-zenbook-14-ux3405ca-ultra-7-255h-st629w,
368658,Laptop,"Laptop Acer Aspire Lite 15 AL15-44P-R4UH - NX.DJVSV.002 (R7 7730U, 16GB, 512GB, Full HD, Win11)",21990000,Acer,Bạc,5,Đã bán 72,https://www.thegioididong.com/laptop/acer-aspire-lite-15-al15-44p-r4uh-r7-7730u-nx-djvsv-002,
367898,Laptop,"Laptop Asus Vivobook 15 X1504MA - BQ632W (Core 5 320, 8GB, 512GB, Full HD, Win11)",19990000,Asus,Bạc,5,Đã bán 121,https://www.thegioididong.com/laptop/asus-vivobook-15-x1504ma-core-5-320-bq632w,
363503,Laptop,Laptop Macbook Air 13 inch M5 24GB/512GB 35W,39790000,MacBook,Xanh da trời nhạt,5,Đã bán 101,https://www.thegioididong.com/laptop/macbook-air-13-inch-m5-24gb-512gb,https://cdnv2.tgdd.vn/mwg-static/tgdd/Products/Images/44/363503/macbook-air-13-inch-m5-24gb-512gb-thumb-2-639086552878395354-600x600.jpg
368657,Laptop,"Laptop Acer Aspire Lite 15 AL15-53P-56EC - NX.DG3SV.002.16G (Core 5 120U, 16GB, 512GB, Full HD, Win11)",21990000,Acer,Bạc,5,Đã bán 47,https://www.thegioididong.com/laptop/acer-aspire-lite-15-al15-53p-56ec-core-5-120u-nx-dg3sv-002-16g,
369749,Laptop,"Laptop Dell Pro 15 Essential PV15250 - PV15250-100U-8512W-2Y (Core 3 100U, 8GB, 512GB, Full HD, OfficeH24+365, Win11)",22490000,Dell,Đen,,,https://www.thegioididong.com/laptop/dell-pro-15-essential-pv15250-core-3-100u-pv15250-100u-8512w-2y,
363511,Laptop,Laptop MacBook Air 15 inch M5 24GB/512GB 70W,44990000,MacBook,Xanh da trời nhạt,5,Đã bán 71,https://www.thegioididong.com/laptop/macbook-air-15-inch-m5-24gb-512gb-70w,https://cdn.tgdd.vn/Products/Images/44/363511/macbook-air-15-inch-m5-24gb-512gb-70w-xanh-da-troi-1-600x600.jpg
369983,Laptop,"Laptop MSI Cyborg 15 C13WEO - 418VN (i5 13420H, 16GB, 512GB, RTX 5050 8GB, Full HD 144Hz, Win11)",30990000,MSI,Xám,,,https://www.thegioididong.com/laptop/msi-cyborg-15-c13weo-i5-13420h-418vn,
364409,Laptop,"Laptop Asus Gaming ROG Strix G16 G614PH - S5101W (R9 8940HX, 16GB, 512GB, RTX 5050 8GB, WQXGA 240Hz, Win11)",46590000,Asus,Xám,5,Đã bán 52,https://www.thegioididong.com/laptop/asus-gaming-rog-strix-g16-g614ph-r9-8940hx-s5101w,
369464,Laptop,"Laptop Asus ExpertBook P5 P5405CSA - NZ1368W (Ultra 5 226V, 16GB, 512GB, WQXGA 144Hz, Win11)",30090000,Asus,Xám,,,https://www.thegioididong.com/laptop/asus-expertbook-p5-p5405csa-ultra-5-226v-nz1368w,
369469,Laptop,"Laptop Asus Vivobook S 16 S3607VA - RP155W (Core 5 210H, 16GB, 512GB, Full HD+ 144Hz, Win11)",26990000,Asus,Bạc,,,https://www.thegioididong.com/laptop/asus-vivobook-s-16-s3607va-core-5-210h-rp155w,
363488,Laptop,Laptop MacBook Pro 14 inch M5 Pro 24GB/1TB 70W,66990000,MacBook,Đen,5,Đã bán 317,https://www.thegioididong.com/laptop/macbook-pro-14-inch-m5-pro-24gb-1tb,https://cdn.tgdd.vn/Products/Images/44/363488/macbook-pro-14-inch-m5-pro-24gb-1tb-den-1-600x600.jpg
351616,Laptop,"Laptop Asus Vivobook S14 M3407KA - SF034WS (R5 AI 330, 16GB, 512GB, WUXGA OLED, OfficeH24+365, Win11)",23790000,Asus,Bạc,5,Đã bán 186,https://www.thegioididong.com/laptop/asus-vivobook-s14-m3407ka-r5-ai-330-sf034ws,https://cdnv2.tgdd.vn/mwg-static/tgdd/Products/Images/44/351616/asus-vivobook-s14-m3407ka-r5-ai-330-sf034ws-thumb-638938740104463982-600x600.jpg
366826,Laptop,"Laptop ASUS Vivobook 14 X1407AA - LY360W (Ultra 5 325, 16GB, 512GB, WUXGA, Win11)",24390000,Asus,Bạc,5,Đã bán 43,https://www.thegioididong.com/laptop/asus-vivobook-14-x1407aa-ultra-5-325-ly360w,https://cdnv2.tgdd.vn/mwg-static/tgdd/Products/Images/44/366826/asus-vivobook-14-x1407aa-ultra-5-325-ly360w-thumb-639148670722644209-600x600.jpg
358371,Laptop,"Laptop Lenovo Gaming LOQ 15IRX10 - 83JE00PEVN (i7 13650HX, 16GB, 512GB, RTX 5050 8GB, Full HD 144Hz, Win11)",39990000,Lenovo,Xám,5,Đã bán 46,https://www.thegioididong.com/laptop/lenovo-gaming-loq-15irx10-i7-13650hx-83je00pevn,https://cdnv2.tgdd.vn/mwg-static/tgdd/Products/Images/44/358371/lenovo-gaming-loq-15irx10-i7-13650hx-83je00pevn-thumb-638972596013558743-600x600.jpg
369449,Laptop,"Laptop Asus Vivobook 14 X1404MA - EB028W (Core 5 320, 16GB, 512GB, Full HD, Win11)",23990000,Asus,Bạc,,,https://www.thegioididong.com/laptop/asus-vivobook-14-x1404ma-core-5-320-eb028w,https://cdnv2.tgdd.vn/mwg-static/tgdd/Products/Images/44/369449/asus-vivobook-14-x1404ma-core-5-320-eb028w-thumb-639197144395501727-600x600.jpg
364416,Laptop,"Laptop Asus Vivobook S14 S3407CA - SF923W (Ultra 7 255H, 16GB, 512GB, WUXGA, Win11)",28890000,Asus,Xám,5,Đã bán 71,https://www.thegioididong.com/laptop/asus-vivobook-s14-s3407ca-ultra-7-255h-sf923w,https://cdnv2.tgdd.vn/mwg-static/tgdd/Products/Images/44/364416/asus-vivobook-s14-s3407ca-ultra-7-255h-sf923w-thumb-639110740348794020-600x600.jpg
368148,Laptop,"Laptop Asus Vivobook 15 X1504MA - BQ395W (Core 7 350, 16GB, 512GB, Full HD, Win11)",27990000,Asus,Bạc,,Đã bán 17,https://www.thegioididong.com/laptop/asus-vivobook-15-x1504ma-core-7-350-bq395w,https://cdnv2.tgdd.vn/mwg-static/tgdd/Products/Images/44/368148/asus-vivobook-15-x1504ma-core-7-350-bq395w-thumb-639173782611096783-600x600.jpg
369985,Laptop,"Laptop MSI Cyborg 15 Black Edition A13VEO - 2610VN (i5 13420H, 16GB, 512GB, RTX 4050 6GB, Full HD 144Hz, Win11)",27890000,MSI,Đen,,,https://www.thegioididong.com/laptop/msi-cyborg-15-black-edition-a13veo-i5-13420h-2610vn,https://cdnv2.tgdd.vn/mwg-static/tgdd/Products/Images/44/369985/msi-cyborg-15-black-edition-a13veo-i5-13420h-2610vn-thumb-639217145450148653-600x600.jpg
371075,Laptop,"Laptop Asus Gaming V16 V3607VU - TK416W (Core 5 210H, 16GB, 512GB, RTX 4050 6GB, WUXGA 144Hz, Win11)",32990000,Asus,Đen,,,https://www.thegioididong.com/laptop/asus-gaming-v16-v3607vu-core-5-210h-tk416w,https://cdnv2.tgdd.vn/mwg-static/tgdd/Products/Images/44/371075/asus-gaming-v16-v3607vu-core-5-210h-tk416w-thumb-639243191854624363-600x600.jpg
368300,Laptop,"Laptop Asus Vivobook S14 S3407VA - LY256W (Core 7 240H, 16GB, 512GB, WUXGA OLED, Win11)",26990000,Asus,Bạc,5,Đã bán 27,https://www.thegioididong.com/laptop/asus-vivobook-s14-s3407va-core-7-240h-ly256w,https://cdnv2.tgdd.vn/mwg-static/tgdd/Products/Images/44/368300/asus-vivobook-s14-s3407va-core-7-240h-ly256w-thumb-639178218121924648-600x600.jpg
369748,Laptop,"Laptop Dell 15 DC15250 - DC5C3851W1-2Y (Core 3 100U, 8GB, 512GB, Full HD 120Hz, OfficeH24+365, Win11)",21490000,Dell,Đen,,,https://www.thegioididong.com/laptop/dell-15-dc15250-core-3-100u-dc5c3851w1-2y,
364490,Laptop,"Laptop Asus TUF Gaming A16 FA608UM - RV266W (R7 260, 16GB, 512GB, RTX5060 8GB, Full HD+ 165Hz, Win11)",43590000,Asus,Xám,5,Đã bán 25,https://www.thegioididong.com/laptop/asus-tuf-gaming-a16-fa608um-r7-260-rv266w,
365309,Laptop,"Laptop Dell 14 DC14250 - DC14250-C7U161W11SLU-27 (Core 7 150U, 16GB, 1TB, Full HD+, OfficeHS24+365, Win11)",31990000,Dell,Bạc,5,Đã bán 42,https://www.thegioididong.com/laptop/dell-14-dc14250-core-7-150u-dc14250-c7u161w11slu-27,
367899,Laptop,"Laptop Asus Vivobook 15 X1504MA - BQ633W (Core 7 350, 8GB, 512GB, Full HD, Win11)",23990000,Asus,Bạc,,Đã bán 9,https://www.thegioididong.com/laptop/asus-vivobook-15-x1504ma-core-7-350-bq633w,
369463,Laptop,"Laptop Asus ExpertBook P5 P5405CSA - NZ1371W (Ultra 7 258V, 32GB, 512GB, WQXGA 144Hz, Win11)",37490000,Asus,Xám,,,https://www.thegioididong.com/laptop/asus-expertbook-p5-p5405csa-ultra-7-258v-nz1371w,
367862,Laptop,"Laptop GIGABYTE Gaming A16 - 3THK3VN893SH (R7 260, 16GB, 512GB, RTX 5050 8GB, Full HD+ 165Hz, Win11)",35490000,GIGABYTE,Đen,,Đã bán 14,https://www.thegioididong.com/laptop/gigabyte-gaming-a16-r7-260-a16-3thk3vn893sh,https://cdnv2.tgdd.vn/mwg-static/tgdd/Products/Images/44/367862/gigabyte-gaming-a16-r7-260-a16-3thk3vn893sh-thumb-639160080549917841-600x600.jpg
367864,Laptop,"Laptop GIGABYTE Gaming AERO X16 - 1VH93VNC94AH (R7 AI 350, 16GB, 1TB, RTX 5060 8GB, WQXGA 165Hz, Win11)",42590000,GIGABYTE,Xám,,Đã bán 10,https://www.thegioididong.com/laptop/gigabyte-gaming-aero-x16-r7-ai-350-aero-x16-1vh93vnc94ah,https://cdnv2.tgdd.vn/mwg-static/tgdd/Products/Images/44/367864/gigabyte-gaming-aero-x16-r7-ai-350-aero-x16-1vh93vnc94ah-thumb-639165359795713576-600x600.jpg
367347,Laptop,"Laptop Dell Pro 14 PC14250 - PC14250-235U-16512WP-2Y (Ultra 5 235U, 16GB, 512GB, Full HD+, Win11Pro)",37290000,Dell,Bạc,5,Đã bán 16,https://www.thegioididong.com/laptop/dell-pro-14-pc14250-ultra-5-235u-pc14250-235u-16512wp-2y,https://cdnv2.tgdd.vn/mwg-static/tgdd/Products/Images/44/367347/dell-pro-14-pc14250-ultra-5-235u-pc14250-235u-16512wp-2y-thumb-639147860116885905-600x600.jpg
362022,Laptop,"Laptop Dell 16 Plus DB16250 - DB6U5387W1 (Ultra 5 226V, 16GB, 1TB, WQXGA, OfficeH24+365, Win11)",36290000,Dell,Xanh da trời,5,Đã bán 23,https://www.thegioididong.com/laptop/dell-16-plus-db16250-ultra-5-226v-db6u5387w1,https://cdnv2.tgdd.vn/mwg-static/tgdd/Products/Images/44/362022/dell-16-plus-db16250-ultra-5-226v-db6u5387w1-thumb-639045186164675523-600x600.jpg
365307,Laptop,"Laptop Dell 16 DC16250 - 71092481 (Core 5 120U, 16GB, 1TB, Full HD+, OfficeHS24+365, Win11)",27990000,Dell,Đen,5,Đã bán 34,https://www.thegioididong.com/laptop/dell-16-dc16250-core-5-120u-71092481,https://cdnv2.tgdd.vn/mwg-static/tgdd/Products/Images/44/365307/dell-16-dc16250-core-5-120u-71092481-thumb-639117288317958934-600x600.jpg
367682,Laptop,"Laptop Lenovo IdeaPad Slim 3 16IPH11 - 83US002TVN (Ultra 5 322, 24GB, 512GB, WUXGA, Win11)",28490000,Lenovo,Xám,,Đã bán 7,https://www.thegioididong.com/laptop/lenovo-ideapad-slim-3-16iph11-ultra-5-322-83us002tvn,https://cdnv2.tgdd.vn/mwg-static/tgdd/Products/Images/44/367682/lenovo-ideapad-slim-3-16iph11-ultra-5-322-83us002tvn-thumb-639159938982250065-600x600.jpg
369467,Laptop,"Laptop Asus ExpertBook P5 P5406CCA - SF0045W (Ultra 5 225H, 16GB, 512GB, WUXGA, Win11)",30990000,Asus,Xám,,,https://www.thegioididong.com/laptop/asus-expertbook-ultra-p5-p5406cca-ultra-5-225h-sf0045w,https://cdnv2.tgdd.vn/mwg-static/tgdd/Products/Images/44/369467/asus-expertbook-ultra-p5-p5406cca-ultra-5-225h-sf0045w-030926-103538-938-600x600.jpg
370280,Laptop,"Laptop Acer Gaming Nitro ProPanel ANV15-52-78MD - NH.QZ9SV.007 (Core 7 240H, 16GB, 512GB, RTX 5050 8GB, Full HD 180Hz, Win11)",40990000,Acer,Đen,,,https://www.thegioididong.com/laptop/acer-gaming-nitro-propanel-anv15-52-78md-core-7-240h-nh-qz9sv-007,https://cdnv2.tgdd.vn/mwg-static/tgdd/Products/Images/44/370280/acer-gaming-nitro-propanel-anv15-52-78md-core-7-240h-nh-qz9sv-007-thumb-639224025258189177-600x600.jpg
371299,Laptop,"Laptop Asus Vivobook 16 X1607CA - MB399W (Ultra 7 255H, 16GB, 512GB, WUXGA, Win11)",26690000,Asus,Bạc,,,https://www.thegioididong.com/laptop/asus-vivobook-16-x1607ca-ultra-7-255h-mb399w,https://cdnv2.tgdd.vn/mwg-static/tgdd/Products/Images/44/371299/asus-vivobook-16-x1607ca-ultra-7-255h-mb399w-thumb-639251549351398586-600x600.jpg
370863,Laptop,"Laptop Acer Aspire Lite 14 AL14-47P-R0TR - NX.X0PSV.002 (Ryzen 5 3500U, 8GB, 512GB, Full HD, Win11)",17990000,Acer,Xám,,,https://www.thegioididong.com/laptop/acer-aspire-lite-14-al14-47p-r0tr-ryzen-5-3500u-nx-x0psv-002,https://cdnv2.tgdd.vn/mwg-static/tgdd/Products/Images/44/370863/acer-aspire-lite-14-al14-47p-r0tr-ryzen-5-3500u-nx-x0psv-002-thumb-639236366485169379-600x600.jpg
345504,Laptop,"Laptop HP Probook 4 G1i 16 - BQ5E4PT (Ultra 7 255H, 16GB, 512GB, WUXGA, Win11)",32990000,HP,Bạc,,Đã bán 6,https://www.thegioididong.com/laptop/hp-probook-4-g1i-16-ultra-7-255h-bq5e4pt,https://cdnv2.tgdd.vn/mwg-static/tgdd/Products/Images/44/345504/hp-probook-4-g1i-16-ultra-7-255h-bq5e4pt-thumb-638936191690396559-600x600.jpg
363894,Laptop,"Laptop Lenovo ThinkPad E16 Gen 3 - 22AY003UVN (Ultra 7 258V, 32GB, 1TB, WUXGA, Win11)",40090000,Lenovo,Đen,5,Đã bán 49,https://www.thegioididong.com/laptop/lenovo-thinkpad-e16-gen-3-ultra-7-258v-22ay003uvn,https://cdnv2.tgdd.vn/mwg-static/tgdd/Products/Images/44/363894/lenovo-thinkpad-e16-gen-3-ultra-7-258v-22ay003uvn-thumb-639095148567434164-600x600.jpg
365113,Laptop,"Laptop Asus TUF Gaming FX608JHI - TU209W (i7 14650HX, 16GB, 512GB, RTX5050 8GB, Full HD+ 144Hz, Win11)",42990000,Asus,Xám,5,Đã bán 22,https://www.thegioididong.com/laptop/asus-tuf-gaming-fx608jhi-i7-14650hx-tu209w,https://cdnv2.tgdd.vn/mwg-static/tgdd/Products/Images/44/365113/asus-tuf-gaming-fx608jhi-i7-14650hx-tu209w-thumb-639115006182978654-600x600.jpg
363513,Laptop,Laptop MacBook Air 15 inch M5 32GB/512GB,51790000,MacBook,Vàng,5,Đã bán 10,https://www.thegioididong.com/laptop/macbook-air-15-inch-m5-32gb-512gb,https://cdn.tgdd.vn/Products/Images/44/363513/macbook-air-15-inch-m5-32gb-512gb-vang-thumb-600x600.png
367863,Laptop,"Laptop GIGABYTE Gaming A16 - 3VHK3VN893SH (R7 260, 16GB, 512GB, RTX 5060 8GB, Full HD+ 165Hz, Win11)",37490000,GIGABYTE,Đen,,Đã bán 9,https://www.thegioididong.com/laptop/gigabyte-gaming-a16-r7-260-a16-3vhk3vn893sh,https://cdnv2.tgdd.vn/mwg-static/tgdd/Products/Images/44/367863/gigabyte-gaming-a16-r7-260-a16-3vhk3vn893sh-thumb-639160088411593924-600x600.jpg
368219,Laptop,"Laptop Lenovo V14 G5 - 83HD0035VN (Core7 240H, 16G, 512GB, Full HD, Win11)",31290000,Lenovo,Xám,,Đã bán 5,https://www.thegioididong.com/laptop/lenovo-v14-g5-core7-240h-83hd0035vn,https://cdnv2.tgdd.vn/mwg-static/tgdd/Products/Images/44/368219/lenovo-v14-g5-core7-240h-83hd0035vn-thumb-639178097344250268-600x600.jpg
369213,Laptop,"Laptop MSI Gaming Cyborg 15 C13WEO-417VN (i7 13620H, 16GB, 512GB, RTX 5050 8GB, Full HD 144Hz, Win11)",34590000,MSI,Xám,,,https://www.thegioididong.com/laptop/msi-gaming-cyborg-15-c13weo-417vn-i7-13620h,https://cdnv2.tgdd.vn/mwg-static/tgdd/Products/Images/44/369213/msi-gaming-cyborg-15-c13weo-417vn-i7-13620h-thumb-639192871314062724-600x600.jpg
370349,Laptop,"Laptop Lenovo IdeaPad Slim 3 16IPH11 - 83US0040VN (Ultra 5 322, 16GB, 512GB, WUXGA, Win11)",23690000,Lenovo,Xám,,,https://www.thegioididong.com/laptop/lenovo-ideapad-slim-3-16iph11-ultra-5-322-83us0040vn,https://cdnv2.tgdd.vn/mwg-static/tgdd/Products/Images/44/370349/lenovo-ideapad-slim-3-16iph11-ultra-5-322-83us0040vn-030926-104445-371-600x600.jpg
370356,Laptop,"Laptop Lenovo Yoga Slim 7 Ultra 14IPH11 - 83QK0015VN (Ultra 7 355, 32GB, 1TB, WQXGA+ 120Hz, Cảm ứng, OfficeH24+365, Win11)",62990000,Lenovo,Trắng - Kem,,,https://www.thegioididong.com/laptop/lenovo-yoga-slim-7-ultra-14iph11-ultra-7-355-83qk0015vn,https://cdnv2.tgdd.vn/mwg-static/tgdd/Products/Images/44/370356/lenovo-yoga-slim-7-ultra-14iph11-ultra-7-355-83qk0015vn-030926-104545-590-600x600.jpg
370866,Laptop,"Laptop Acer Aspire Go 14 AI AG14-I71M-977M - NX.W26SV.001 (Ultra 9 185H, 16GB, 512GB, Full HD+, Win11)",29990000,Acer,Xám,,,https://www.thegioididong.com/laptop/acer-aspire-go-14-ai-ag14-i71m-977m-ultra-9-185h-nx-w26sv-001,https://cdnv2.tgdd.vn/mwg-static/tgdd/Products/Images/44/370866/acer-aspire-go-14-ai-ag14-i71m-977m-ultra-9-185h-nx-w26sv-001-290826-093906-164-600x600.jpg
364408,Laptop,"Laptop Asus TUF Gaming A14 FA401GM - RG013W (R9 AI 465, 32GB, 1TB, RTX 5060 8GB, WQXGA 165Hz, Win11)",56590000,Asus,Xám,4.6,Đã bán 14,https://www.thegioididong.com/laptop/asus-tuf-gaming-a14-fa401gm-r9-ai-465-rg013w,https://cdnv2.tgdd.vn/mwg-static/tgdd/Products/Images/44/364408/asus-tuf-gaming-a14-fa401gm-r9-ai-465-rg013w-thumb-639107350281039453-600x600.jpg
365617,Laptop,"Laptop HP EliteBook 6 G1a 14 - C0CE2PT (R7 AI 350, 16GB, 512GB, WUXGA, Cảm ứng, Win11)",34990000,HP,Bạc,,Đã bán 4,https://www.thegioididong.com/laptop/hp-elitebook-6-g1a-14-r7-ai-350-c0ce2pt,https://cdnv2.tgdd.vn/mwg-static/tgdd/Products/Images/44/365617/hp-elitebook-6-g1a-14-r7-ai-350-c0ce2pt-thumb-639116847125407980-600x600.jpg
361539,Laptop,"Laptop Dell 16 Plus DB16250 - X65NW9 (Ultra 9 288V, 32GB, 2TB, QHD+ 120Hz, OfficeH24+365, Win11)",56990000,Dell,Xanh da trời,5,Đã bán 17,https://www.thegioididong.com/laptop/dell-16-plus-db16250-ultra-9-288v-x65nw9,https://cdnv2.tgdd.vn/mwg-static/tgdd/Products/Images/44/361539/dell-16-plus-db16250-ultra-9-288v-x65nw9-thumb-2-639086675576918437-600x600.png
363899,Laptop,"Laptop Lenovo ThinkPad X1 Carbon Gen 13 - 21NS010FVN (Ultra 7 256V, 16GB, 512GB, 2.8K OLED 120Hz, Win11Pro)",62390000,Lenovo,Đen,,Đã bán 3,https://www.thegioididong.com/laptop/lenovo-thinkpad-x1-carbon-gen-13-ultra-7-256v-21ns010fvn,https://cdnv2.tgdd.vn/mwg-static/tgdd/Products/Images/44/363899/lenovo-thinkpad-x1-carbon-gen-13-ultra-7-256v-21ns010fvn-thumb-639092545429611693-600x600.jpg
364389,Laptop,"Laptop Asus Gaming ROG Flow Z13 GZ302EAC - RU184WS (AI MAX+ 395, 128GB, 1TB, WQXGA 180Hz, Cảm ứng, OfficeH24+365, Win11)",109990000,Asus,Vàng,,Đã bán 1,https://www.thegioididong.com/laptop/asus-gaming-rog-flow-z13-gz302eac-ai-max-395-ru184ws,https://cdnv2.tgdd.vn/mwg-static/tgdd/Products/Images/44/364389/asus-gaming-rog-flow-z13-gz302eac-ai-max-395-ru184ws-thumb-639094294582783186-600x600.jpg
364488,Laptop,"Laptop Asus TUF Gaming A16 FA608PP - RV089W (R9 8940HX, 16GB, 512GB, RTX5070 8GB, WUXGA 165Hz, Win11)",57590000,Asus,Xám,5,Đã bán 9,https://www.thegioididong.com/laptop/asus-tuf-gaming-a16-fa608pp-r9-8940hx-rv089w,https://cdnv2.tgdd.vn/mwg-static/tgdd/Products/Images/44/364488/asus-tuf-gaming-a16-fa608pp-r9-8940hx-rv089w-thumb-639103019071505954-600x600.jpg
365302,Laptop,"Laptop Dell 14 DC14255 - 71092477 (R7 350, 16GB, 1TB, Full HD+, OfficeHS24+365B, Win11)",31490000,Dell,Bạc,5,Đã bán 11,https://www.thegioididong.com/laptop/dell-14-dc14255-r7-350-71092477,https://cdnv2.tgdd.vn/mwg-static/tgdd/Products/Images/44/365302/dell-14-dc14255-r7-350-71092477-thumb-639117258643684943-600x600.jpg
366068,Laptop,"Laptop Asus Gaming ROG Zephyrus GA403GM - SY004W (R9 AI 465, 32GB, 1TB, RTX 5060 8GB, 3K OLED 120Hz, Win11)",64590000,Asus,Xám,5,Đã bán 14,https://www.thegioididong.com/laptop/asus-gaming-rog-zephyrus-ga403gm-r9-ai-465-sy004w,https://cdnv2.tgdd.vn/mwg-static/tgdd/Products/Images/44/366068/asus-gaming-rog-zephyrus-ga403gm-r9-ai-465-sy004w-thumb-639124650601014358-600x600.jpg
366827,Laptop,"Laptop Asus Vivobook S14 S3407AA - SF945W (Ultra 5 325, 16GB, 512GB, WUXGA OLED, Win11)",29890000,Asus,Xám,,Đã bán 5,https://www.thegioididong.com/laptop/asus-vivobook-s14-s3407aa-ultra-5-325-sf945w,https://cdnv2.tgdd.vn/mwg-static/dmx/Products/Images/44/366827/asus-vivobook-s14-s3407aa-ultra-5-325-sf945w-thumb-639143211718788407-450x300.jpg
367015,Laptop,"Laptop Lenovo Gaming Legion 5 15IPH11 - 83RW0023VN (Ultra 7 356H, 16GB, 512GB, RTX 5060 8GB, WQXGA OLED 165Hz, OfficeH24, Win11)",60990000,Lenovo,Đen,5,Đã bán 5,https://www.thegioididong.com/laptop/lenovo-gaming-legion-5-15iph11-ultra-7-356h-83rw0023vn,https://cdnv2.tgdd.vn/mwg-static/tgdd/Products/Images/44/367015/lenovo-gaming-legion-5-15iph11-ultra-7-356h-83rw0023vn-thumb-639144585213475734-600x600.jpg
367348,Laptop,"Laptop Dell Pro 14 PC14250 - PC14250-255U-32512WH-2Y (Ultra 7 255U, 32GB, 512GB, Full HD+, Win11)",54290000,Dell,Bạc,,Đã bán 3,https://www.thegioididong.com/laptop/dell-pro-14-pc14250-ultra-7-255u-pc14250-255u-32512wh-2y,https://cdnv2.tgdd.vn/mwg-static/tgdd/Products/Images/44/367348/dell-pro-14-pc14250-ultra-7-255u-pc14250-255u-32512wh-2y-thumb-639147886186830093-600x600.jpg
368149,Laptop,"Laptop Asus Gaming ROG Strix G16 G614PM - TS147W (R9 8940HX, 16GB, 512GB, RTX 5060 8GB, WQXGA 300Hz, Win11)",54990000,Asus,Xám,5,Đã bán 18,https://www.thegioididong.com/laptop/asus-gaming-rog-strix-g16-g614pm-r9-8940hx-ts147w,https://cdnv2.tgdd.vn/mwg-static/tgdd/Products/Images/44/368149/asus-gaming-rog-strix-g16-g614pm-r9-8940hx-ts147w-thumb-639173798467756505-600x600.jpg
368150,Laptop,"Laptop Asus Gaming ROG Strix G16 G614PR - TS103W (R9 8940HX, 16GB, 512GB, RTX 5070Ti 12GB, WQXGA 300Hz, Win11)",70590000,Asus,Xám,,Đã bán 2,https://www.thegioididong.com/laptop/asus-gaming-rog-strix-g16-g614pr-r9-8940hx-ts103w,https://cdnv2.tgdd.vn/mwg-static/tgdd/Products/Images/44/368150/asus-gaming-rog-strix-g16-g614pr-r9-8940hx-ts103w-thumb-639173856980267409-600x600.jpg
368212,Laptop,"Laptop Lenovo ThinkPad X9 14 Gen 1 - 21QA006JVN (Ultra 7 258V, 32GB, 512GB, WUXGA OLED, Win11Pro)",53790000,Lenovo,Xám,,Đã bán 5,https://www.thegioididong.com/laptop/lenovo-thinkpad-x9-14-gen-1-ultra-7-258v-21qa006jvn,https://cdnv2.tgdd.vn/mwg-static/tgdd/Products/Images/44/368212/lenovo-thinkpad-x9-14-gen-1-ultra-7-258v-21qa006jvn-thumb-639177400683360702-600x600.jpg
368216,Laptop,"Laptop Lenovo Yoga 7 2in1 14IPH11 - 83TC002MVN (Ultra 7 355, 32GB, 512GB, WUXGA OLED, Cảm ứng, OfficeH24+365, Win11)",55990000,Lenovo,Vàng,,Đã bán 2,https://www.thegioididong.com/laptop/lenovo-yoga-7-2in1-14iph11-ultra-7-355-83tc002mvn,https://cdnv2.tgdd.vn/mwg-static/tgdd/Products/Images/44/368216/lenovo-yoga-7-2in1-14iph11-ultra-7-355-83tc002mvn-thumb-639178069051019274-600x600.jpg
368651,Laptop,"Laptop Acer Gaming Nitro ProPanel ANV16S-71-58WQ - NH.QXBSV.001 (Core 5 210H, 16GB, 512GB, RTX 5050 8GB, 2K+ 180Hz, Win11)",44990000,Acer,Đen,,Đã bán 1,https://www.thegioididong.com/laptop/acer-gaming-nitro-propanel-anv16s-71-58wq-core-5-210h-nh-qxbsv-001,https://cdnv2.tgdd.vn/mwg-static/tgdd/Products/Images/44/368651/acer-gaming-nitro-propanel-anv16s-71-58wq-core-5-210h-nh-qxbsv-001-thumb-639185342559794630-600x600.jpg
369461,Laptop,"Laptop Asus ExpertBook Ultra B9 B9406CAA - X7321TW (Ultra X7 358H, 32GB, 1TB, WQXGA+ OLED 120Hz, Win11)",65990000,Asus,Xám,,,https://www.thegioididong.com/laptop/asus-expertbook-ultra-b9-b9406caa-x7321tw-ultra-x7-358h-32gb-1tb-wqxga-oled-120hz-win11,https://cdnv2.tgdd.vn/mwg-static/tgdd/Products/Images/44/369461/asus-expertbook-ultra-b9-b9406caa-x7321tw-ultra-x7-358h-32gb-1tb-wqxga-oled-120hz-win11-030926-103208-019-600x600.jpg
369979,Laptop,"Laptop Acer Swift Go AI SFG14-75-5264 - NX.JNBSV.001 (Ultra 5 226V, 16GB, 512GB, Full HD, Win11)",29990000,Acer,Xanh Dương,,,https://www.thegioididong.com/laptop/acer-swift-go-ai-sfg14-75-5264-ultra-5-226v-nxjnbsv001,https://cdnv2.tgdd.vn/mwg-static/tgdd/Products/Images/44/369979/acer-swift-go-ai-sfg14-75-5264-ultra-5-226v-nxjnbsv001-030926-104407-788-600x600.jpg
369980,Laptop,"Laptop Acer Nitro ProPanel ANV16-72-782F - NH.QUPSV.001 (Core 7 240H, 16GB, 512GB, RTX 5050 8GB, Full HD+ 180 Hz, Win11)",43990000,Acer,Đen,,,https://www.thegioididong.com/laptop/acer-nitro-propanel-anv16-72-782f-core-7-240h-nhqupsv001,https://cdnv2.tgdd.vn/mwg-static/tgdd/Products/Images/44/369980/acer-nitro-propanel-anv16-72-782f-core-7-240h-nhqupsv001-thumb2-639216909787985336-600x600.jpg
370352,Laptop,"Laptop Lenovo ThinkPad E14 - 21T90025VN (Gen 7 Core 7 240H, 16GB, 512GB, WUXGA, Win11)",34190000,Lenovo,Đen,,,https://www.thegioididong.com/laptop/lenovo-thinkpad-e14-gen-7-core-7-240h-21t90025vn,https://cdnv2.tgdd.vn/mwg-static/tgdd/Products/Images/44/370352/lenovo-thinkpad-e14-gen-7-core-7-240h-21t90025vn-110826-053255-371-600x600.jpg
370355,Laptop,"Laptop Lenovo Yoga Slim 7 14IPH11 - 83QM0076VN (Ultra 7 355, 16GB, 512GB, WUXGA, OfficeH24+365, Win11)",40990000,Lenovo,Trắng - Kem,,,https://www.thegioididong.com/laptop/lenovo-yoga-slim-7-14iph11-ultra-7-355-83qm0076vn,https://cdnv2.tgdd.vn/mwg-static/tgdd/Products/Images/44/370355/lenovo-yoga-slim-7-14iph11-ultra-7-355-83qm0076vn-030926-104533-752-600x600.jpg
332274,Laptop,"Laptop HP Gaming OMEN 14 fb0135TX - AY8V1PA (Ultra 7 155H, 16GB, 1TB, RTX 4060 8GB, 2.8K OLED 120Hz, Win11)",62790000,HP,Trắng,,Đã bán 1,https://www.thegioididong.com/laptop/hp-omen-14-fb0135tx-ultra-7-ay8v1pa,https://cdnv2.tgdd.vn/mwg-static/tgdd/Products/Images/44/332274/hp-omen-14-fb0135tx-ultra-7-ay8v1pa-638765983673045610-600x600.jpg
335963,Laptop,"Laptop Acer Gaming Predator Helios 18 AI PH18 73 98AQ - NH.QVWSV.001 (Ultra 9 275HX, 192GB, 6TB, RTX 5090 24GB, 4K 120Hz, Win11 Pro)",149990000,Acer,Đen,,Đã bán 1,https://www.thegioididong.com/laptop/acer-predator-helios-18-ai-ph18-73-98aq-ultra-9-nhqvwsv001,https://cdnv2.tgdd.vn/mwg-static/tgdd/Products/Images/44/335963/acer-predator-helios-18-ai-ph18-73-98aq-ultra-9-nhqvwsv001-thumb-638828182518741548-600x600.jpg
335964,Laptop,"Laptop Acer Gaming Predator Helios 18 AI PH18 73 93P0 - NH.QVYSV.001 (Ultra 9 275HX, 64GB, 3TB, RTX 5080 12GB, 2.5K 250Hz, Win11 Pro)",99990000,Acer,Đen,,Đã bán 2,https://www.thegioididong.com/laptop/acer-predator-helios-18-ai-ph18-73-93p0-ultra-9-nhqvysv001,https://cdnv2.tgdd.vn/mwg-static/tgdd/Products/Images/44/335964/acer-predator-helios-18-ai-ph18-73-93p0-ultra-9-nhqvysv001-thumb-638828182821796512-600x600.jpg
342527,Laptop,"Laptop Lenovo Gaming Legion 5 15AHP10 - 83M0002YVN (R7 260, 16GB, 512GB, RTX 5050 8GB, WQXGA OLED 165Hz, Win11)",42990000,Lenovo,Đen,,,https://www.thegioididong.com/laptop/lenovo-gaming-legion-5-15ahp10-r7-260-83m0002yvn,https://cdnv2.tgdd.vn/mwg-static/tgdd/Products/Images/44/342527/lenovo-gaming-legion-5-15ahp10-r7-260-83m0002yvn-thumb-638913831113387894-600x600.jpg
361537,Laptop,"Laptop Dell Inspiron 14 5441 - 71069158 (X1 26 100, 16GB, 512GB, Full HD+, OfficeH24+365, Win11)",0,Dell,Xám,,,https://www.thegioididong.com/laptop/dell-inspiron-14-5441-x1-26-100-71069158,https://cdnv2.tgdd.vn/mwg-static/tgdd/Products/Images/44/361537/dell-inspiron-14-5441-x1-26-100-71069158-thumb-639036594431939344-600x600.jpg
363895,Laptop,"Laptop Lenovo ThinkPad X1 Carbon Gen 13 - 21NS0107VN (Ultra 5 226V, 16GB, 512GB, 2.8K OLED 120Hz, Win11Pro)",55290000,Lenovo,Đen,,Đã bán 3,https://www.thegioididong.com/laptop/lenovo-thinkpad-x1-carbon-gen-13-ultra-5-226v-21ns0107vn,https://cdnv2.tgdd.vn/mwg-static/tgdd/Products/Images/44/363895/lenovo-thinkpad-x1-carbon-gen-13-ultra-5-226v-21ns0107vn-thumb-639095107114164899-600x600.jpg
364868,Laptop,"Laptop MSI Prestige 14 Flip AI+ D3MTG - 021VN (U9 386H, 32GB, 1TB, Full HD+ OLED, Cảm ứng, Win11)",54990000,MSI,Xám,,,https://www.thegioididong.com/laptop/msi-prestige-14-flip-ai-d3mtg-u9-386h-021vn,https://cdnv2.tgdd.vn/mwg-static/tgdd/Products/Images/44/364868/msi-prestige-14-flip-ai-d3mtg-u9-386h-021vn-thumb-639110365684023102-600x600.jpg
365615,Laptop,"Laptop HP EliteBook 6 G1a 14 - C0CF2PT (R5 AI 340, 16GB, 512GB, WUXGA, Cảm ứng, Win11)",31990000,HP,Bạc,,Đã bán 1,https://www.thegioididong.com/laptop/hp-elitebook-6-g1a-14-r5-ai-340-c0cf2pt,https://cdnv2.tgdd.vn/mwg-static/tgdd/Products/Images/44/365615/hp-elitebook-6-g1a-14-r5-ai-340-c0cf2pt-thumb-639120731928950053-600x600.jpg
365619,Laptop,"Laptop HP EliteBook 8 G1a 14 - C0CE3PT (R5 AI PRO 340, 32GB, 512GB, WUXGA, Cảm ứng, Win11 Pro)",42590000,HP,Bạc,,,https://www.thegioididong.com/laptop/hp-elitebook-8-g1a-14-r5-ai-pro-340-c0ce3pt,https://cdnv2.tgdd.vn/mwg-static/tgdd/Products/Images/44/365619/hp-elitebook-8-g1a-14-r5-ai-pro-340-c0ce3pt-thumb-639117570823568828-600x600.jpg
365621,Laptop,"Laptop HP EliteBook 8 G1a 14 - C0CE5PT (R7 AI PRO 350, 32GB, 512GB, WUXGA, Cảm ứng, Win11)",0,HP,Bạc,,Đã bán 2,https://www.thegioididong.com/laptop/hp-elitebook-8-g1a-14-ai-350-c0ce5pt,https://cdnv2.tgdd.vn/mwg-static/tgdd/Products/Images/44/365621/hp-elitebook-8-g1a-14-ai-350-c0ce5pt-thumb-639117599283437054-600x600.jpg
366066,Laptop,"Laptop Asus TUF Gaming FA401EA - RG034W (RYZEN AI MAX+ 392, 64GB, 1TB, WQXGA 165Hz, Win11)",63590000,Asus,Xám,,Đã bán 1,https://www.thegioididong.com/laptop/asus-tuf-gaming-fa401ea-ryzen-ai-max-392-rg034w,https://cdnv2.tgdd.vn/mwg-static/tgdd/Products/Images/44/366066/asus-tuf-gaming-fa401ea-ryzen-ai-max-392-rg034w-thumb-639123676222782915-600x600.jpg
366091,Laptop,"Laptop Acer Gaming Predator Helios Neo 16 PHN16-I31-50H7 - NH.U4SSV.001 (i5 14450HX, 32GB, 512GB, RTX 5050 8GB, Full HD+ 180Hz, Win11)",49990000,Acer,Đen,,,https://www.thegioididong.com/laptop/acer-gaming-predator-helios-neo-16-phn16-i31-50h7-i5-14450hx-nh-u4ssv-001,https://cdnv2.tgdd.vn/mwg-static/tgdd/Products/Images/44/366091/acer-gaming-predator-helios-neo-16-phn16-i31-50h7-i5-14450hx-nh-u4ssv-001-thumb-639125466169027520-600x600.jpg
366092,Laptop,"Laptop Acer Gaming Predator Helios Neo 16 PHN16-I31-72XE - NH.U4RSV.001 (i7 14650HX, 32GB, 512GB, RTX5060 8GB, 2K+ 180Hz, Win11)",59990000,Acer,Đen,,,https://www.thegioididong.com/laptop/acer-gaming-predator-helios-neo-16-phn16-i31-72xe-i7-14650hx-nh-u4rsv-001,https://cdnv2.tgdd.vn/mwg-static/tgdd/Products/Images/44/366092/acer-gaming-predator-helios-neo-16-phn16-i31-72xe-i7-14650hx-nh-u4rsv-001-thumb-639125663668779838-600x600.jpg
366093,Laptop,"Laptop Acer Gaming Predator Helios Neo 16 PHN16-I31-74MN - NH.U4SSV.002 (i7 14650HX, 32GB, 512GB, RTX 5050 8GB, Full HD+ 180Hz, Win11)",54990000,Acer,Đen,,,https://www.thegioididong.com/laptop/acer-gaming-predator-helios-neo-16-phn16-i31-74mn-i7-14650hx-nh-u4ssv-002,https://cdnv2.tgdd.vn/mwg-static/tgdd/Products/Images/44/366093/acer-gaming-predator-helios-neo-16-phn16-i31-74mn-i7-14650hx-nh-u4ssv-002-thumb-639127708440970941-600x600.jpg
366744,Laptop,"Laptop Lenovo Gaming Legion 5 15AHP11 - 83Q7001JVN (R7 250, 16GB, 512GB, RTX 5060 8GB, WQXGA OLED 165Hz, OfficeH24, Win11)",54990000,Lenovo,Đen,,Đã bán 4,https://www.thegioididong.com/laptop/lenovo-gaming-legion-5-15ahp11-r7-250-83q7001jvn,https://cdnv2.tgdd.vn/mwg-static/tgdd/Products/Images/44/366744/lenovo-gaming-legion-5-15ahp11-r7-250-83q7001jvn-thumb-639140577776811530-600x600.jpg
367686,Laptop,"Laptop Lenovo Gaming LOQ 15IPH11 - 83SL000LVN (Ultra 7 356H, 16GB, 512GB, RTX 5060 8GB, WUXGA 165Hz, Win11)",49990000,Lenovo,Xám,,Đã bán 1,https://www.thegioididong.com/laptop/lenovo-gaming-loq-15iph11-ultra-7-356h-83sl000lvn,https://cdnv2.tgdd.vn/mwg-static/tgdd/Products/Images/44/367686/lenovo-gaming-loq-15iph11-ultra-7-356h-83sl000lvn-thumb-639161854460947071-600x600.jpg
367865,Laptop,"Laptop MSI Gaming Raider 16 MAX HX B2WI - 095VN (Ultra 9 290HX Plus, 64GB, 2TB, RTX 5080 16GB, QHD+ OLED 240Hz, Win11)",129590000,MSI,Đen,,Đã bán 1,https://www.thegioididong.com/laptop/msi-gaming-raider-16-max-hx-b2wi-ultra-9-290hx-plus-095vn,https://cdnv2.tgdd.vn/mwg-static/tgdd/Products/Images/44/367865/msi-gaming-raider-16-max-hx-b2wi-ultra-9-290hx-plus-095vn-thumb-639159307452915579-600x600.jpg
367887,Laptop,"Laptop Asus TUF Gaming F16 FX608JHI - TU210W (i5 14450HX, 16GB, 512GB,RTX 5050 8GB, WUXGA 144Hz, Win11)",42590000,Asus,Xám,,,https://www.thegioididong.com/laptop/asus-tuf-gaming-f16-fx608jhi-i5-14450hx-tu210w,https://cdnv2.tgdd.vn/mwg-static/tgdd/Products/Images/44/367887/asus-tuf-gaming-f16-fx608jhi-i5-14450hx-tu210w-thumb-639169465662640002-600x600.jpg
367888,Laptop,"Laptop Asus Zenbook S 16 UM5606GA - SS441W (R9 AI 465, 16GB, 512GB, 3K OLED 120Hz, Win11)",45090000,Asus,Trắng,,Đã bán 5,https://www.thegioididong.com/laptop/asus-zenbook-s-16-um5606ga-r9-ai-465-ss441w,https://cdnv2.tgdd.vn/mwg-static/tgdd/Products/Images/44/367888/asus-zenbook-s-16-um5606ga-r9-ai-465-ss441w-thumb-639169478465235209-600x600.jpg
367889,Laptop,"Laptop Asus Gaming ROG Zephyrus G14 GU405AW - SY029W (Ultra 9 386H, 32GB, 1TB, RTX 5080 16GB, 3K OLED 120Hz, Win11)",118590000,Asus,Xám,,,https://www.thegioididong.com/laptop/asus-gaming-rog-zephyrus-g14-gu405aw-ultra-9-386h-sy029w,https://cdnv2.tgdd.vn/mwg-static/tgdd/Products/Images/44/367889/asus-gaming-rog-zephyrus-g14-gu405aw-ultra-9-386h-sy029w-thumb-639167025738826102-600x600.jpg
367890,Laptop,"Laptop Asus Zenbook A14 UX3407NA - QD132WS (X2E 88 100, 16GB, 512GB, WUXGA OLED, OfficeH24+365, Win11)",39990000,Asus,Màu be,,Đã bán 2,https://www.thegioididong.com/laptop/asus-zenbook-a14-ux3407na-x2e-88-100-qd132ws,https://cdnv2.tgdd.vn/mwg-static/tgdd/Products/Images/44/367890/asus-zenbook-a14-ux3407na-x2e-88-100-qd132ws-thumb-639167035516702401-600x600.jpg
367891,Laptop,"Laptop Asus Zenbook A14 UX3407NA - QD254W (X2E 88 100, 32GB, 1TB, WUXGA OLED, Win11)",54990000,Asus,Xám,,,https://www.thegioididong.com/laptop/asus-zenbook-a14-ux3407na-x2e-88-100-qd254w,https://cdnv2.tgdd.vn/mwg-static/tgdd/Products/Images/44/367891/asus-zenbook-a14-ux3407na-x2e-88-100-qd254w-thumb-639167043864878325-600x600.jpg
367897,Laptop,"Laptop Asus Zenbook DUO UX8407AA - SN439WS (Ultra X7 358H, 32GB, 512GB, 3K OLED 144Hz, Cảm ứng, OfficeH24+365, Win11)",78990000,Asus,Xám,,,https://www.thegioididong.com/laptop/asus-zenbook-duo-ux8407aa-ultra-x7-358h-sn439ws,https://cdnv2.tgdd.vn/mwg-static/tgdd/Products/Images/44/367897/asus-zenbook-duo-ux8407aa-ultra-x7-358h-sn439ws-thumb-639161081440362895-600x600.jpg
368214,Laptop,"Laptop Lenovo IdeaPad Slim 3 16IPH11 - 83US003YVN (Ultra 7 355, 16GB, 512GB, WUXGA, Win11)",28990000,Lenovo,Xám,,Đã bán 1,https://www.thegioididong.com/laptop/lenovo-ideapad-slim-3-16iph11-ultra-7-355-83us003yvn,https://cdnv2.tgdd.vn/mwg-static/tgdd/Products/Images/44/368214/lenovo-ideapad-slim-3-16iph11-ultra-7-355-83us003yvn-thumb-639177452019843818-600x600.jpg
368650,Laptop,"Laptop Acer Gaming Nitro ProPanel ANV16S-61-R0B8 - NH.QXQSV.001 (Ryzen AI 5 340, 16GB, 512GB, RTX 5050 8GB, Full HD 180Hz, Win11)",42990000,Acer,Đen,,,https://www.thegioididong.com/laptop/acer-gaming-nitro-propanel-anv16s-61-r0b8-ryzen-ai-5-340-nh-qxqsv-001,https://cdnv2.tgdd.vn/mwg-static/tgdd/Products/Images/44/368650/acer-gaming-nitro-propanel-anv16s-61-r0b8-ryzen-ai-5-340-nh-qxqsv-001-thumb-639185333295671068-600x600.jpg
368653,Laptop,"Laptop Acer Gaming Predator Helios Neo 16S PHN16S-I51-97T9 - NH.U3SSV.006 (Ultra 9 386H, 16GB, 512GB, RTX 5070 8GB, 2K+ 165Hz, Win11)",75990000,Acer,Đen,,,https://www.thegioididong.com/laptop/acer-gaming-predator-helios-neo-16s-phn16s-i51-97t9-ultra-9-386h,https://cdnv2.tgdd.vn/mwg-static/tgdd/Products/Images/44/368653/acer-gaming-predator-helios-neo-16s-phn16s-i51-97t9-ultra-9-386h-thumb-639185362228558355-600x600.jpg
368659,Laptop,"Laptop Acer Gaming Nitro ProPanel AN16S-61-R9CN - NH.QXGSV.001 (Ryzen AI 7 350, 16GB, 512GB, RTX 5070 8GB, 2K+ 180Hz, Win11)",57990000,Acer,Đen,,,https://www.thegioididong.com/laptop/acer-gaming-nitro-propanel-an16s-61-r9cn-ryzen-ai-7-350-nh-qxgsv-001,https://cdnv2.tgdd.vn/mwg-static/tgdd/Products/Images/44/368659/acer-gaming-nitro-propanel-an16s-61-r9cn-ryzen-ai-7-350-nh-qxgsv-001-thumb-639185140971644552-600x600.jpg
369460,Laptop,"Laptop Asus Zenbook 14 UM3406GA - QD075W (R7 AI 445, 16GB, 512GB, WUXGA OLED, Win11)",34590000,Asus,Đen,,,https://www.thegioididong.com/laptop/asus-zenbook-14-um3406ga-r7-ai-445-qd075w,https://cdnv2.tgdd.vn/mwg-static/tgdd/Products/Images/44/369460/asus-zenbook-14-um3406ga-r7-ai-445-qd075w-030926-102626-500-600x600.jpg
369462,Laptop,"Laptop Asus ExpertBook Ultra B9 B9406CAA - X7642TW (Ultra X7 358H, 64GB, 2TB, WQXGA+ OLED 120Hz, Win11)",97990000,Asus,Xám,,,https://www.thegioididong.com/laptop/asus-expertbook-ultra-b9-b9406caa-ultra-x7-358h-x7642tw,https://cdnv2.tgdd.vn/mwg-static/tgdd/Products/Images/44/369462/asus-expertbook-ultra-b9-b9406caa-ultra-x7-358h-x7642tw-030926-102732-335-600x600.jpg
369465,Laptop,"Laptop Asus ExpertBook P5 P5406CCA - SF0047W (Ultra 7 255H, 16GB, 512GB, WUXGA, Win11)",35990000,Asus,Xám,,,https://www.thegioididong.com/laptop/asus-expertbook-ultra-p5-p5406cca-ultra-7-255h-sf0047w,https://cdnv2.tgdd.vn/mwg-static/tgdd/Products/Images/44/369465/asus-expertbook-ultra-p5-p5406cca-ultra-7-255h-sf0047w-030926-103110-747-600x600.jpg
369466,Laptop,"Laptop Asus ExpertBook P5 P5406CCA - SF0241W (Ultra 7 255H, 16GB, 512GB, WUXGA, Win11)",35990000,Asus,Xám,,,https://www.thegioididong.com/laptop/asus-expertbook-ultra-p5-p5406cca-ultra-7-255-sf0241w,https://cdnv2.tgdd.vn/mwg-static/tgdd/Products/Images/44/369466/asus-expertbook-ultra-p5-p5406cca-ultra-7-255-sf0241w-030926-103128-096-600x600.jpg
369476,Laptop,"Laptop Lenovo Gaming Legion 5 15AHP11 - 83Q7001HVN (R7 250, 16GB, 512GB, RTX 5050 8GB, WQXGA OLED 165Hz, OfficeH24, Win11)",52990000,Lenovo,Đen,,,https://www.thegioididong.com/laptop/lenovo-gaming-legion-5-15ahp11-r7-250-83q7001hvn,https://cdnv2.tgdd.vn/mwg-static/tgdd/Products/Images/44/369476/lenovo-gaming-legion-5-15ahp11-r7-250-83q7001hvn-030926-103715-852-600x600.jpg
369482,Laptop,"Laptop Dell 16 DC16250 - 71100513 (Core 5 120U, 16GB, 1TB, Full HD+, OfficeH24+365B, Win11)",0,Dell,Đen,,,https://www.thegioididong.com/laptop/dell-16-dc16250-core-5-120u-71100513,https://cdnv2.tgdd.vn/mwg-static/tgdd/Products/Images/44/369482/dell-16-dc16250-core-5-120u-71100513-thumb-639197553107946973-600x600.jpg
369751,Laptop,"Laptop MSI Modern 14S G3MG-003VN (Core 5 320, 16GB, 1TB, Full HD+ 120Hz, Win11)",27990000,MSI,Bạc,,,https://www.thegioididong.com/laptop/msi-modern-14s-g3mg-003vn-core-5-320,https://cdnv2.tgdd.vn/mwg-static/tgdd/Products/Images/44/369751/msi-modern-14s-g3mg-003vn-core-5-320-thumb-639205050484094383-600x600.jpg
369756,Laptop,"Laptop Asus ProArt P1 H7606WP - SR335W (R9 AI HX 370, 64GB, 2TB, RTX 5070 8GB, 3K 120Hz, Cảm ứng, Win11)",114890000,Asus,Đen,,,https://www.thegioididong.com/laptop/asus-proart-p1-h7606wp-r9-ai-hx-370-sr335w,https://cdnv2.tgdd.vn/mwg-static/tgdd/Products/Images/44/369756/asus-proart-p1-h7606wp-r9-ai-hx-370-sr335w-030926-104651-166-600x600.jpg
369981,Laptop,"Laptop Acer Nitro ProPanel AN16S-61-R7ZJ - NH.QXFSV.002 (R7 AI 350, 16GB, 512GB, RTX 5060 8GB, 2K, Win11)",49990000,Acer,Đen,,,https://www.thegioididong.com/laptop/acer-nitro-propanel-an16s-61-r7zj-r7-ai-350-nhqxfsv002,https://cdnv2.tgdd.vn/mwg-static/tgdd/Products/Images/44/369981/acer-nitro-propanel-an16s-61-r7zj-r7-ai-350-nhqxfsv002-030926-104351-407-600x600.jpg
369982,Laptop,"Laptop Acer Nitro ProPanel ANV16S-61-R7KQ - NH.QXPSV.001 (R5 AI 340, 16GB, 512GB, RTX 5060 8GB, Full HD 180Hz, Win11)",46990000,Acer,Đen,,,https://www.thegioididong.com/laptop/acer-nitro-propanel-anv16s-61-r7kq-r5-ai-340-nhqxpsv001,https://cdnv2.tgdd.vn/mwg-static/tgdd/Products/Images/44/369982/acer-nitro-propanel-anv16s-61-r7kq-r5-ai-340-nhqxpsv001-030926-104409-047-600x600.jpg
370278,Laptop,"Laptop Acer Swift Go AI SFG14-75-765M - NX.JNBSV.004 (Ultra 7 258V, 32GB, 512GB, Full HD+, Win11)",39990000,Acer,Xanh Dương,,,https://www.thegioididong.com/laptop/acer-swift-go-ai-sfg14-75-765m-ultra-7-258v-nx-jnbsv-004,https://cdnv2.tgdd.vn/mwg-static/tgdd/Products/Images/44/370278/acer-swift-go-ai-sfg14-75-765m-ultra-7-258v-nx-jnbsv-004-030926-104426-684-600x600.jpg
370279,Laptop,"Laptop Acer Gaming Nitro ProPanel ANV15-52-556L - NH.QZ9SV.006 (Core 5 210H, 16GB, 512GB, RTX 5050 8GB, Full HD 180Hz, Win11)",38990000,Acer,Đen,,,https://www.thegioididong.com/laptop/acer-gaming-nitro-propanel-anv15-52-556l-core-5-210h-nh-qz9sv-006,https://cdnv2.tgdd.vn/mwg-static/tgdd/Products/Images/44/370279/acer-gaming-nitro-propanel-anv15-52-556l-core-5-210h-nh-qz9sv-006-thumb-639223047513550140-600x600.jpg
370353,Laptop,"Laptop Lenovo ThinkPad E14 - 21SX002YVN (Gen 7 Ultra 255H, 16GB, 512GB, WUXGA, Win11)",39190000,Lenovo,Đen,,,https://www.thegioididong.com/laptop/lenovo-thinkpad-e14-gen-7-ultra-255h-21sx002yvn,https://cdnv2.tgdd.vn/mwg-static/tgdd/Products/Images/44/370353/lenovo-thinkpad-e14-gen-7-ultra-255h-21sx002yvn-030926-104511-385-600x600.jpg
370354,Laptop,"Laptop Lenovo Yoga Slim 7 14IPH11 - 83QM0075VN (Ultra 7 355, 16GB, 512GB, WUXGA, OfficeH24+365, Win11)",40990000,Lenovo,Xám,,,https://www.thegioididong.com/laptop/lenovo-yoga-slim-7-14iph11-ultra-7-355-83qm0075vn,https://cdnv2.tgdd.vn/mwg-static/tgdd/Products/Images/44/370354/lenovo-yoga-slim-7-14iph11-ultra-7-355-83qm0075vn-030926-104523-413-600x600.jpg
370358,Laptop,"Laptop Lenovo Yoga Slim 7 Ultra 14IPH11 - 83QK009PVN (Ultra X9 378H, 32GB, 1TB, WQXGA+ 120Hz, OfficeH24+365, Win11)",68990000,Lenovo,Trắng - Kem,,,https://www.thegioididong.com/laptop/lenovo-yoga-slim-7-ultra-14iph11-ultra-x9-378h-83qk009pvn,https://cdnv2.tgdd.vn/mwg-static/tgdd/Products/Images/44/370358/lenovo-yoga-slim-7-ultra-14iph11-ultra-x9-378h-83qk009pvn-030926-104607-468-600x600.jpg
370582,Laptop,"Laptop MSI Cyborg 15 Max C13WE - 422VN (i7 13620H, 16GB, 512GB, RTX 5050 8GB, Full HD 144Hz, Win11)",41590000,MSI,Xám,,,https://www.thegioididong.com/laptop/msi-cyborg-15-max-c13we-422vn-i7-13620h,https://cdnv2.tgdd.vn/mwg-static/tgdd/Products/Images/44/370582/msi-cyborg-15-max-c13we-422vn-i7-13620h-639229017667646454-600x600.jpg
370583,Laptop,"Laptop MSI Cyborg 15 Max C13WF - 421VN (i7 13620H, 16GB, 512GB, RTX 5060 8GB, Full HD 144Hz, Win11)",43590000,MSI,Xám,,,https://www.thegioididong.com/laptop/msi-cyborg-15-max-c13wf-421vn-i7-13620h,https://cdnv2.tgdd.vn/mwg-static/tgdd/Products/Images/44/370583/msi-cyborg-15-max-c13wf-421vn-i7-13620h-639229016105296809-600x600.jpg
370864,Laptop,"Laptop Acer Swift Air 14 SFA14-I31-52BV - NX.W49SV.002 (Core 5 320, 12GB, 512GB, Full HD 120Hz, Win11)",24990000,Acer,Xanh lá,,,https://www.thegioididong.com/laptop/acer-swift-air-14-sfa14-i31-52bv-core-5-320-nx-w49sv-002,https://cdnv2.tgdd.vn/mwg-static/tgdd/Products/Images/44/370864/acer-swift-air-14-sfa14-i31-52bv-core-5-320-nx-w49sv-002-290826-093305-781-600x600.jpg
370865,Laptop,"Laptop Acer Swift Air 14 SFA14-I31-34NF - NX.W49SV.001 (Core 3 304, 12GB, 512GB, WUXGA 120Hz, Win11)",21990000,Acer,Xanh lá,,,https://www.thegioididong.com/laptop/acer-swift-air-14-sfa14-i31-34nf-core-3-304-nx-w49sv-001,https://cdnv2.tgdd.vn/mwg-static/tgdd/Products/Images/44/370865/acer-swift-air-14-sfa14-i31-34nf-core-3-304-nx-w49sv-001-290826-093427-775-600x600.jpg
370910,Laptop,"Laptop Asus ExpertBook P3 P3406CCAP - U716S8W (Ultra 7 255H, 16GB, 512GB, WUXGA, Win11)",32990000,Asus,Xám,,,https://www.thegioididong.com/laptop/asus-expertbook-p3-p3406ccap-ultra-7-255h-u716s8w,https://cdnv2.tgdd.vn/mwg-static/tgdd/Products/Images/44/370910/asus-expertbook-p3-p3406ccap-ultra-7-255h-u716s8w-030926-104621-864-600x600.jpg
371123,Laptop,"Laptop HP 15 fd2183TU - DP2C0PA (Ultra 7 255U, 16GB, 512GB, WUXGA, Win11)",31590000,HP,Vàng,,,https://www.thegioididong.com/laptop/hp-15-fd2183tu-ultra-7-255u-dp2c0pa,https://cdnv2.tgdd.vn/mwg-static/tgdd/Products/Images/44/371123/hp-15-fd2183tu-ultra-7-255u-dp2c0pa-thumb-639249775236666259-600x600.jpg
371124,Laptop,"Laptop HP ProBook 4 G1a 14 - D9CP7AT (R7 250, 16GB, 512GB, WUXGA, Win11)",30590000,HP,Bạc,,,https://www.thegioididong.com/laptop/hp-probook-4-g1a-14-r7-250-d9cp7at,https://cdnv2.tgdd.vn/mwg-static/tgdd/Products/Images/44/371124/hp-probook-4-g1a-14-r7-250-d9cp7at-thumb-639249903901745997-600x600.jpg
371125,Laptop,"Laptop HP Probook 4 G1ah 16 - D9CP8AT (R7 250, 16GB, 512GB, WUXGA, Win11)",30590000,HP,Bạc,,,https://www.thegioididong.com/laptop/hp-probook-4-g1ah-16-r7-250-d9cp8at,https://cdnv2.tgdd.vn/mwg-static/tgdd/Products/Images/44/371125/hp-probook-4-g1ah-16-r7-250-d9cp8at-thumb-639249830637353357-600x600.jpg
371127,Laptop,"Laptop HP ProBook 4 G2i 16 - DK2Y5AT (Ultra 7 355, 16GB, 512GB, WUXGA, Win11)",39190000,HP,Bạc,,,https://www.thegioididong.com/laptop/hp-probook-4-g2i-16-ultra-7-355-dk2y5at,https://cdnv2.tgdd.vn/mwg-static/tgdd/Products/Images/44/371127/hp-probook-4-g2i-16-ultra-7-355-dk2y5at-thumb-639250219428167380-600x600.jpg
371128,Laptop,"Laptop HP OmniBook Ultra 14 kd0039TU - D72C7PA (Ultra 7 356H, 32GB, 1TB, 3K OLED 120Hz, Cảm ứng, OfficeH24+365, Win11)",59190000,HP,Xám,,,https://www.thegioididong.com/laptop/hp-omnibook-ultra-14-kd0039tu-ultra-7-356h-d72c7pa,https://cdnv2.tgdd.vn/mwg-static/tgdd/Products/Images/44/371128/hp-omnibook-ultra-14-kd0039tu-ultra-7-356h-d72c7pa-thumb-639250222051766460-600x600.jpg
371129,Laptop,"Laptop HP OmniBook Ultra 14 kd0036TU - D72C6PA (Ultra 9 386H, 32GB, 1TB, 3K OLED 120Hz, Cảm ứng, OfficeH24+365, Win11)",65190000,HP,Vàng,,,https://www.thegioididong.com/laptop/hp-omnibook-ultra-14-kd0036tu-ultra-9-386h-d72c6pa,https://cdnv2.tgdd.vn/mwg-static/tgdd/Products/Images/44/371129/hp-omnibook-ultra-14-kd0036tu-ultra-9-386h-d72c6pa-thumb-639250224032013655-600x600.jpg
371130,Laptop,"Laptop HP OmniBook 5 14 hh0075TU - D72CTPA (Ultra 5 322, 16GB, 512GB, WUXGA, OfficeH24+365, Win11)",35990000,HP,Bạc,,,https://www.thegioididong.com/laptop/hp-omnibook-5-14-hh0075tu-ultra-5-322-d72ctpa,https://cdnv2.tgdd.vn/mwg-static/tgdd/Products/Images/44/371130/hp-omnibook-5-14-hh0075tu-ultra-5-322-d72ctpathumb-639250227082183848-600x600.jpg
371132,Laptop,"Laptop HP OmniBook 5 14 hh0074TU - D72CSPA (Ultra 5 322, 16GB, 512GB, WUXGA, Cảm ứng, OfficeH24+365, Win11)",36990000,HP,Bạc,,,https://www.thegioididong.com/laptop/hp-omnibook-5-14-hh0074tu-ultra-5-322-d72cspa,https://cdnv2.tgdd.vn/mwg-static/tgdd/Products/Images/44/371132/hp-omnibook-5-14-hh0074tu-ultra-5-322-d72cspa-thumb-639250228655192328-600x600.jpg
371133,Laptop,"Laptop HP OmniBook 5 14 hh0073TU - D72CRPA (Ultra 7 355, 16GB, 512GB, WUXGA, OfficeH24+365, Win11)",38990000,HP,Bạc,,,https://www.thegioididong.com/laptop/hp-omnibook-5-14-hh0073tu-ultra-7-355-d72crpa,https://cdnv2.tgdd.vn/mwg-static/tgdd/Products/Images/44/371133/hp-omnibook-5-14-hh0073tu-ultra-7-355-d72crpa-thumb-639250230536273413-600x600.jpg
371134,Laptop,"Laptop HP OmniBook 5 14 hh0072TU - D72CQPA (Ultra 7 355, 16GB, 512GB, WUXGA, Cảm ứng, OfficeH24+365, Win11)",39990000,HP,Bạc,,,https://www.thegioididong.com/laptop/hp-omnibook-5-14-hh0072tu-ultra-7-355-d72cqpa,https://cdnv2.tgdd.vn/mwg-static/tgdd/Products/Images/44/371134/hp-omnibook-5-14-hh0072tu-ultra-7-355-d72cqpa-thumb-639250232820367104-600x600.jpg
371135,Laptop,"Laptop HP OmniBook X Flip 14 kb0048TU - D72BYPA (Ultra 7 355, 32GB, 512GB, WUXGA, Cảm ứng, OfficeH24+365, Win11)",49190000,HP,Xanh,,,https://www.thegioididong.com/laptop/hp-omnibook-x-flip-14-kb0048tu-ultra-7-355-d72bypa,https://cdnv2.tgdd.vn/mwg-static/tgdd/Products/Images/44/371135/hp-omnibook-x-flip-14-kb0048tu-ultra-7-355-d72bypa-thumb-639250235941671920-600x600.jpg
371137,Laptop,"Laptop HP ProBook 4 G2i 16 - DK2X9AT (Ultra 5 325, 16GB, 512GB, WUXGA, Win11)",35190000,HP,Bạc,,,https://www.thegioididong.com/laptop/hp-probook-4-g2i-16-ultra-5-325-dk2x9at,https://cdnv2.tgdd.vn/mwg-static/tgdd/Products/Images/44/371137/hp-probook-4-g2i-16-ultra-5-325-dk2x9at-thumb-639250216296975811-600x600.jpg
371296,Laptop,"Laptop Asus TUF Gaming A15 FA506NCG - HN390W (R7 155, 16GB, 512GB, RTX 3050 4GB, Full HD 144Hz, Win11)",27490000,Asus,Đen,,,https://www.thegioididong.com/laptop/asus-tuf-gaming-a15-fa506ncg-r7-155-hn390w,
335308,Máy tính bảng,Máy tính bảng iPad A16 WiFi 128GB,12290000,iPad (Apple),Vàng,4.9,"Đã bán 57,4k",https://www.thegioididong.com/may-tinh-bang/ipad-11-wifi-128gb,https://cdn.tgdd.vn/Products/Images/522/335308/ipad-11-wifi-yellow-thumb-600x600.jpg
363417,Máy tính bảng,Máy tính bảng iPad Air M4 11 inch WiFi 128GB,20690000,iPad (Apple),Đen - Xám,5,"Đã bán 3,3k",https://www.thegioididong.com/may-tinh-bang/ipad-air-m4-11-inch-wifi-128gb,https://cdn.tgdd.vn/Products/Images/522/363417/ipad-air-m4-11-inch-wifi-128gb-xam-thumb-600x600.jpg
361231,Máy tính bảng,Máy tính bảng OPPO Pad 5 8GB/256GB,13490000,OPPO,Hồng,4.9,"Đã bán 1,6k",https://www.thegioididong.com/may-tinh-bang/oppo-pad-5-8gb-256gb?utm_flashsale=1,https://cdn.tgdd.vn/Products/Images/522/361231/oppo-pad-5-8gb-256gb-hong-thumb-600x600.jpg
362716,Máy tính bảng,Máy tính bảng Xiaomi Pad 8 8GB/128GB,9990000,Xiaomi,Xanh lá đậm,5,Đã bán 283,https://www.thegioididong.com/may-tinh-bang/xiaomi-pad-8-8gb-128gb,https://cdn.tgdd.vn/Products/Images/522/362716/xiaomi-pad-8-xanh-thumb-600x600.jpg
359089,Máy tính bảng,Máy tính bảng Samsung Galaxy Tab A11+ 5G 6GB/128GB,7840000,Samsung,Xám,5,"Đã bán 1,8k",https://www.thegioididong.com/may-tinh-bang/samsung-galaxy-tab-a11-plus-5g-6gb-128gb,https://cdn.tgdd.vn/Products/Images/522/359089/samsung-galaxy-tab-a11-plus-5g-6gb-128gb-xam-600x600.jpg
359086,Máy tính bảng,Máy tính bảng Samsung Galaxy Tab A11+ WiFi 6GB/128GB,6440000,Samsung,Xám,5,"Đã bán 7,7k",https://www.thegioididong.com/may-tinh-bang/samsung-galaxy-tab-a11-plus-wifi-6gb-128gb,https://cdn.tgdd.vn/Products/Images/522/359086/samsung-galaxy-tab-a11-plus-wifi-6gb-128gb-xam-600x600.jpg
362718,Máy tính bảng,Máy tính bảng Xiaomi Pad 8 Pro 8GB/128GB,14390000,Xiaomi,Xanh lá đậm,5,Đã bán 178,https://www.thegioididong.com/may-tinh-bang/xiaomi-pad-8-pro-8gb-128gb,https://cdn.tgdd.vn/Products/Images/522/362718/xiaomi-pad-8-pro-xanh-la-thumb-600x600.jpg
339287,Máy tính bảng,Máy tính bảng OPPO Pad SE WiFi màn hình nhám 4GB/128GB,6090000,OPPO,Bạc,4.9,Đã bán 390,https://www.thegioididong.com/may-tinh-bang/oppo-pad-se-matte-display-edition,https://cdn.tgdd.vn/Products/Images/522/339287/oppo-pad-se-sliver-thumb-600x600.jpg
331229,Máy tính bảng,Máy tính bảng iPad mini 7 WiFi 128GB,16290000,iPad (Apple),Tím,4.9,Đã bán 7k,https://www.thegioididong.com/may-tinh-bang/ipad-mini-7-wifi,https://cdn.tgdd.vn/Products/Images/522/331229/ipad-mini-7-wifi-purple-thumb-600x600.jpg
358082,Máy tính bảng,Máy tính bảng iPad Pro M5 11 inch WiFi 256GB,34490000,iPad (Apple),Đen,5,"Đã bán 2,7k",https://www.thegioididong.com/may-tinh-bang/ipad-pro-m5-11-inch-wifi-256gb,https://cdn.tgdd.vn/Products/Images/522/358082/ipad-pro-m5-wifi-11-inch-black-thumb-600x600.jpg
320992,Máy tính bảng,Máy tính bảng OPPO Pad Neo 4G 8GB/128GB,6800000,OPPO,Xám,4.9,"Đã bán 14,2k",https://www.thegioididong.com/may-tinh-bang/oppo-pad-neo,https://cdn.tgdd.vn/Products/Images/522/320992/oppo-pad-neo-grey-thumb-600x600.jpg
343061,Máy tính bảng,Máy tính bảng Samsung Galaxy Tab S10 Lite 5G 6GB/128GB,9540000,Samsung,Xám,4.9,"Đã bán 12,3k",https://www.thegioididong.com/may-tinh-bang/samsung-galaxy-tab-s10-lite-5g-6gb-128gb,https://cdn.tgdd.vn/Products/Images/522/343061/samsung-galaxy-tab-s10-lite-5g-6gb-128gb-xam-600x600.jpg
345548,Máy tính bảng,Máy tính bảng Samsung Galaxy Tab A11 4G 4GB/64GB,4390000,Samsung,Xám,5,"Đã bán 1,8k",https://www.thegioididong.com/may-tinh-bang/samsung-galaxy-tab-a11-4g-4gb-64gb,https://cdn.tgdd.vn/Products/Images/522/345548/samsung-galaxy-tab-a11-4g-4gb-64gb-xam-600x600.jpg
345544,Máy tính bảng,Máy tính bảng HONOR Pad X7 WiFi 4GB/64GB,3140000,HONOR,Xám,4.9,"Đã bán 1,9k",https://www.thegioididong.com/may-tinh-bang/honor-pad-x7-wifi-4gb-64gb?utm_flashsale=1,https://cdnv2.tgdd.vn/mwg-static/tgdd/Products/Images/522/345544/honor-pad-x7-wifi-4gb-64gb-150925-041634-575-600x600.jpg
344721,Máy tính bảng,Máy tính bảng Samsung Galaxy Tab S11 5G 12GB/128GB,22710000,Samsung,Xám,5,Đã bán 207,https://www.thegioididong.com/may-tinh-bang/samsung-galaxy-tab-s11-5g-12gb-128gb,https://cdn.tgdd.vn/Products/Images/522/344721/samsung-galaxy-tab-s11-5g-12gb-128gb-xam-600x600.jpg
342548,Máy tính bảng,Máy tính bảng Lenovo Idea Tab 5G 8GB/128GB,7540000,Lenovo,Xanh Dương,4.9,Đã bán 800,https://www.thegioididong.com/may-tinh-bang/lenovo-idea-tab-5g-8gb-128gb,https://cdn.tgdd.vn/Products/Images/522/342548/lenovo-idea-tab-5g-blue-thumb-600x600.jpg
339204,Máy tính bảng,Máy tính bảng Xiaomi Redmi Pad 2 WiFi 4GB/128GB,5980000,Xiaomi,Xám,4.9,Đã bán 12k,https://www.thegioididong.com/may-tinh-bang/xiaomi-redmi-pad-2-wifi-4gb-128gb?utm_flashsale=1,https://cdn.tgdd.vn/Products/Images/522/339204/xiaomi-redmi-pad-2-gray-thumb-600x600.jpg
335311,Máy tính bảng,Máy tính bảng iPad A16 5G 128GB,16490000,iPad (Apple),Bạc,4.9,"Đã bán 2,5k",https://www.thegioididong.com/may-tinh-bang/ipad-11-5g-128gb,https://cdn.tgdd.vn/Products/Images/522/335311/ipad-11-5g-sliver-thumb-600x600.jpg
356854,Máy tính bảng,Máy tính bảng Xiaomi Redmi Pad 2 Pro WiFi 6GB/128GB,6590000,Xiaomi,Bạc,4.9,"Đã bán 7,6k",https://www.thegioididong.com/may-tinh-bang/xiaomi-redmi-pad-2-pro-6gb-128gb,https://cdn.tgdd.vn/Products/Images/522/356854/xiaomi-redmi-pad-2-pro-sliver-thumb-600x600.jpg
333917,Máy tính bảng,Máy tính bảng OPPO Pad 3 8GB/256GB,10330000,OPPO,Bạc,4.9,Đã bán 509,https://www.thegioididong.com/may-tinh-bang/oppo-pad-3,https://cdnv2.tgdd.vn/mwg-static/tgdd/Products/Images/522/333917/oppo-pad-3-bac-thumb-638725440842878647-600x600.jpg
336740,Máy tính bảng,Máy tính bảng Samsung Galaxy Tab S10 FE+ WiFi 8GB/128GB,14340000,Samsung,Xám,5,"Đã bán 3,3k",https://www.thegioididong.com/may-tinh-bang/samsung-galaxy-tab-s10-fe-plus,https://cdn.tgdd.vn/Products/Images/522/336740/samsung-galaxy-tab-s10-fe-plus-gray-thumb-600x600.jpg
322130,Máy tính bảng,Máy tính bảng Samsung Galaxy Tab S10+ WiFi 12GB/256GB,19840000,Samsung,Xám,5,"Đã bán 1,2k",https://www.thegioididong.com/may-tinh-bang/samsung-galaxy-tab-s10-plus,https://cdn.tgdd.vn/Products/Images/522/322130/samsung-galaxy-tab-s10-plus-gray-thumb-600x600.jpg
336738,Máy tính bảng,Máy tính bảng Samsung Galaxy Tab S10 FE 5G 8GB/128GB,12610000,Samsung,Xanh Dương,5,"Đã bán 2,5k",https://www.thegioididong.com/may-tinh-bang/samsung-galaxy-tab-s10-fe-5g,https://cdn.tgdd.vn/Products/Images/522/336738/samsung-galaxy-tab-s10-fe-blue-thumb-600x600.jpg
339207,Máy tính bảng,Máy tính bảng Xiaomi Redmi Pad 2 4G 4GB/128GB,5490000,Xiaomi,Xanh lá,4.9,"Đã bán 12,9k",https://www.thegioididong.com/may-tinh-bang/xiaomi-redmi-pad-2-4g-4gb-128gb,https://cdn.tgdd.vn/Products/Images/522/339207/xiaomi-redmi-pad-2-4g-green-thumb-600x600.jpg
356864,Máy tính bảng,Máy tính bảng Xiaomi Redmi Pad 2 Pro 5G 6GB/128GB,7890000,Xiaomi,Bạc,5,"Đã bán 1,9k",https://www.thegioididong.com/may-tinh-bang/xiaomi-redmi-pad-2-pro-5g-6gb-128gb,https://cdn.tgdd.vn/Products/Images/522/356864/xiaomi-redmi-pad-2-pro-5g-6gb-128gb-bac-600x600.jpg
339286,Máy tính bảng,Máy tính bảng OPPO Pad SE 4G 4GB/128GB,7140000,OPPO,Bạc,5,"Đã bán 6,2k",https://www.thegioididong.com/may-tinh-bang/oppo-pad-se-4g-4gb-128gb,https://cdn.tgdd.vn/Products/Images/522/339286/oppo-pad-se-sliver-thumb-600x600.jpg
345546,Máy tính bảng,Máy tính bảng Samsung Galaxy Tab A11 WiFi 4GB/64GB,3390000,Samsung,Xám,5,"Đã bán 2,3k",https://www.thegioididong.com/may-tinh-bang/samsung-galaxy-tab-a11-wifi-4gb-64gb,https://cdn.tgdd.vn/Products/Images/522/345546/samsung-galaxy-tab-a11-4g-4gb-64gb-xam-600x600.jpg
365596,Máy tính bảng,Máy tính bảng Samsung Galaxy Tab S10 Lite Wifi 8GB/256GB,10240000,Samsung,Bạc,5,Đã bán 864,https://www.thegioididong.com/may-tinh-bang/samsung-galaxy-tab-s10-lite-wifi-8gb-256gb?utm_flashsale=1,https://cdn.tgdd.vn/Products/Images/522/365596/samsung-galaxy-tab-s10-lite-wifi-8gb-256gb-bac-thumb-600x600.jpg
336737,Máy tính bảng,Máy tính bảng Samsung Galaxy Tab S10 FE WiFi 8GB/128GB,10800000,Samsung,Bạc,5,"Đã bán 5,7k",https://www.thegioididong.com/may-tinh-bang/samsung-galaxy-tab-s10-fe,https://cdn.tgdd.vn/Products/Images/522/336737/samsung-galaxy-tab-s10-fe-silver-thumb-600x600.jpg
366579,Máy tính bảng,Máy tính bảng Xiaomi Redmi Pad 2 Wifi 9.7 4GB/64GB,4190000,Xiaomi,Bạc,5,Đã bán 880,https://www.thegioididong.com/may-tinh-bang/xiaomi-pad-2-wifi-9-7-4gb-64gb,https://cdn.tgdd.vn/Products/Images/522/366579/xiaomi-pad-2-wifi-9-7-bac-thumb-600x600.jpg
366598,Máy tính bảng,Máy tính bảng Xiaomi Redmi Pad 2 4G 9.7 4GB/64GB,4690000,Xiaomi,Bạc,5,Đã bán 362,https://www.thegioididong.com/may-tinh-bang/xiaomi-pad-2-4g-9-7-4gb-64gb,https://cdn.tgdd.vn/Products/Images/522/366598/xiaomi-pad-2-4g-9-7-bac-thumb-600x600.jpg
344723,Máy tính bảng,Máy tính bảng Samsung Galaxy Tab S11 WiFi 12GB/128GB,19240000,Samsung,Xám,4.9,Đã bán 551,https://www.thegioididong.com/may-tinh-bang/samsung-galaxy-tab-s11-wifi-12gb-128gb,https://cdn.tgdd.vn/Products/Images/522/344723/samsung-galaxy-tab-s11-wifi-12gb-128gb-xam-600x600.jpg
344725,Máy tính bảng,Máy tính bảng Samsung Galaxy Tab S11 Ultra 5G 12GB/256GB,30690000,Samsung,Xám,5,Đã bán 327,https://www.thegioididong.com/may-tinh-bang/samsung-galaxy-tab-s11-ultra-5g-12gb-256gb,https://cdn.tgdd.vn/Products/Images/522/344725/samsung-galaxy-tab-s11-ultra-5g-12gb-256gb-xam-1-600x600.jpg
363422,Máy tính bảng,Máy tính bảng iPad Air M4 13 inch WiFi 128GB,26190000,iPad (Apple),Đen - Xám,5,Đã bán 408,https://www.thegioididong.com/may-tinh-bang/ipad-air-m4-13-inch-wifi-128gb,https://cdn.tgdd.vn/Products/Images/522/363422/ipad-air-m4-13-inch-wifi-128gb-xam-thumb-600x600.jpg
363821,Máy tính bảng,Máy đọc sách Boox Savi 6S 6 inch 32GB,3240000,Boox,Trắng,4.7,Đã bán 52,https://www.thegioididong.com/may-doc-sach/may-doc-sach-boox-savi-6s-6-inch-32gb,https://cdnv2.tgdd.vn/mwg-static/tgdd/Products/Images/14139/363821/may-doc-sach-boox-savi-6s-6-inch-32gb-thumb-639093632007069723-600x600.jpg
368575,Máy tính bảng,Máy tính bảng Lenovo Idea Tab Plus Matte Edition WiFi 8GB/256GB,10040000,Lenovo,Xám,5,Đã bán 29,https://www.thegioididong.com/may-tinh-bang/lenovo-idea-tab-plus-8gb-256gb,https://cdnv2.tgdd.vn/mwg-static/tgdd/Products/Images/522/368575/lenovo-idea-tab-plus-8gb-256gb-230626-115451-715-600x600.jpg
368516,Máy tính bảng,Máy tính bảng Lenovo Idea Tab 4GB/128GB,5740000,Lenovo,Xám,5,Đã bán 34,https://www.thegioididong.com/may-tinh-bang/lenovo-idea-tab-4gb-128gb,https://cdnv2.tgdd.vn/mwg-static/tgdd/Products/Images/522/368516/lenovo-idea-tab-4gb-128gb-thumb-639174822505855767-600x600.jpg
358099,Máy tính bảng,Máy tính bảng iPad Pro M5 13 inch WiFi 256GB,43790000,iPad (Apple),Bạc,5,Đã bán 526,https://www.thegioididong.com/may-tinh-bang/ipad-pro-m5-13-inch-wifi-256gb,https://cdn.tgdd.vn/Products/Images/522/358099/ipad-pro-m5-wifi-13-inch-sliver-thumb-600x600.jpg
363825,Máy tính bảng,Máy đọc sách New Kindle 2024 6 inch 16 GB,3940000,Kindle,Đen,5,Đã bán 69,https://www.thegioididong.com/may-doc-sach/may-doc-sach-new-kindle-2024-6-inch-16gb,https://cdnv2.tgdd.vn/mwg-static/tgdd/Products/Images/14139/363825/may-doc-sach-new-kindle-2024-6-inch-16gb-thumb-639113432766230310-600x600.jpg
363427,Máy tính bảng,Máy tính bảng iPad Air M4 11 inch 5G 128GB,24890000,iPad (Apple),Tím,5,Đã bán 144,https://www.thegioididong.com/may-tinh-bang/ipad-air-m4-11-inch-5g-128gb,https://cdn.tgdd.vn/Products/Images/522/363427/ipad-air-m4-11-inch-5g-128gb-tim-thumb-600x600.jpg
363432,Máy tính bảng,Máy tính bảng iPad Air M4 13 inch 5G 128GB,30390000,iPad (Apple),Tím,5,Đã bán 52,https://www.thegioididong.com/may-tinh-bang/ipad-air-m4-13-inch-5g-128gb,https://cdn.tgdd.vn/Products/Images/522/363432/ipad-air-m4-13-inch-5g-128gb-tim-thumb-600x600.jpg
358105,Máy tính bảng,Máy tính bảng iPad Pro M5 11 inch 5G 256GB,39990000,iPad (Apple),Đen,5,Đã bán 138,https://www.thegioididong.com/may-tinh-bang/ipad-pro-m5-11-inch-wifi-cellular-256gb,https://cdn.tgdd.vn/Products/Images/522/358105/ipad-pro-m5-cellular-wifi-11-inch-black-thumb-600x600.jpg
358111,Máy tính bảng,Máy tính bảng iPad Pro M5 13 inch 5G 256GB,49590000,iPad (Apple),Đen,5,Đã bán 142,https://www.thegioididong.com/may-tinh-bang/ipad-pro-m5-13-inch-wifi-cellular-256gb,https://cdn.tgdd.vn/Products/Images/522/358111/ipad-pro-m5-cellular-wifi-13-inch-black-thumb-600x600.jpg
368580,Máy tính bảng,Máy tính bảng Lenovo Legion Tab Gen 3 WiFi 12GB/256GB,14140000,Lenovo,Đen,5,Đã bán 10,https://www.thegioididong.com/may-tinh-bang/lenovo-legion-tab-gen-3-wifi-12gb-256gb,https://cdn.tgdd.vn/Products/Images/522/368580/lenovo-legion-tab-gen-3-den-thumb-600x600.jpg
368577,Máy tính bảng,Máy tính bảng Lenovo Idea Tab Pro Gen 2 Matte Edition WiFi 12GB/256GB,16440000,Lenovo,Xám,,Đã bán 16,https://www.thegioididong.com/may-tinh-bang/lenovo-idea-tab-pro-gen-2-12gb-256gb,https://cdnv2.tgdd.vn/mwg-static/tgdd/Products/Images/522/368577/lenovo-idea-tab-pro-gen-2-12gb-256gb-230626-120007-617-600x600.jpg
363822,Máy tính bảng,Combo máy đọc sách Boox Savi 6 6 inch 32 GB,4840000,Boox,Trắng,5,Đã bán 16,https://www.thegioididong.com/may-doc-sach/combo-may-doc-sach-boox-savi-6-6-inch-32gb,https://cdnv2.tgdd.vn/mwg-static/tgdd/Products/Images/14139/363822/combo-may-doc-sach-boox-savi-6-6-inch-32gb-thumb-639094435966501859-600x600.jpg
368581,Máy tính bảng,Máy tính bảng Lenovo Legion Tab Gen 5 WiFi 12GB/256GB,21340000,Lenovo,Đen,,Đã bán 10,https://www.thegioididong.com/may-tinh-bang/lenovo-legion-tab-gen-5-wifi-12gb-256gb,https://cdn.tgdd.vn/Products/Images/522/368581/lenovo-legion-tab-gen-5-den-thumb-600x600.jpg
339828,Máy tính bảng,Máy tính bảng HONOR Pad X9a 8GB/256GB,7890000,HONOR,Xám,4.9,Đã bán 714,https://www.thegioididong.com/may-tinh-bang/honor-pad-x9a?utm_flashsale=1,https://cdn.tgdd.vn/Products/Images/522/339828/honor-pad-x9a-thumb-600x600.jpg
363824,Máy tính bảng,Máy đọc sách Boox Palma2 6.13 inch 128 GB,7640000,Boox,Đen,5,Đã bán 4,https://www.thegioididong.com/may-doc-sach/may-doc-sach-boox-palma2-6-inch-128gb,https://cdnv2.tgdd.vn/mwg-static/tgdd/Products/Images/14139/363824/may-doc-sach-boox-palma2-6-inch-128gb-thumb-639088392755516852-600x600.jpg
368582,Máy tính bảng,Máy tính bảng Lenovo Yoga Tab WiFi 8GB/256GB,17980000,Lenovo,Xám,,Đã bán 2,https://www.thegioididong.com/may-tinh-bang/lenovo-yoga-tab-wifi-8gb-256gb?utm_flashsale=1,https://cdnv2.tgdd.vn/mwg-static/tgdd/Products/Images/522/368582/lenovo-yoga-tab-wifi-8gb-256gb-thumb-639178136549773217-600x600.jpg
367014,Máy tính bảng,Máy tính bảng Honor Pad X8b 6GB/128GB,6640000,HONOR,Xám,5,Đã bán 17,https://www.thegioididong.com/may-tinh-bang/honor-pad-x8b-6gb-128gb?utm_flashsale=1,https://cdnv2.tgdd.vn/mwg-static/tgdd/Products/Images/522/367014/honor-pad-x8b-6gb-128gb-thumb-639141134031302340-600x600.jpg
368579,Máy tính bảng,Máy tính bảng Lenovo Idea Tab WiFi 8GB/256GB,8440000,Lenovo,Xám,,,https://www.thegioididong.com/may-tinh-bang/lenovo-idea-tab-wifi-8gb-256gb,https://cdnv2.tgdd.vn/mwg-static/tgdd/Products/Images/522/368579/lenovo-idea-tab-wifi-8gb-256gb-thumb-639178129612110739-600x600.jpg
358003,Đồng hồ thông minh,Đồng hồ định vị trẻ em Kidcare Sight S25,1590000,Kidcare,Đen,4.9,"Đã bán 27,5k",https://www.thegioididong.com/dong-ho-thong-minh/dong-ho-dinh-vi-tre-em-kidcare-sight-s25?utm_flashsale=1,https://cdn.tgdd.vn/Products/Images/7077/358003/dong-ho-dinh-vi-tre-em-kidcare-sight-s25-den-thumb-600x600.jpg
366954,Đồng hồ thông minh,Huawei Watch Fit 5 42.9mm dây nylon,3290000,Huawei,Xanh - Xám,5,Đã bán 168,https://www.thegioididong.com/dong-ho-thong-minh/huawei-watch-fit-5-42-9mm-day-nylon,https://cdnv2.tgdd.vn/mwg-static/tgdd/Products/Images/7077/366954/huawei-watch-fit-5-42-9mm-day-nylon-thumb-3-639144521826494787-600x600.jpg
354255,Đồng hồ thông minh,Đồng hồ định vị trẻ em Kidcare K25 4G,1790000,Kidcare,Hồng,5,"Đã bán 6,8k",https://www.thegioididong.com/dong-ho-thong-minh/kidcare-k25?utm_flashsale=1,https://cdn.tgdd.vn/Products/Images/7077/354255/kidcare-k25-hong-thumb-1-600x600.jpg
366955,Đồng hồ thông minh,Huawei Watch Fit 5 Pro 44.5mm dây nylon,4990000,Huawei,Cam,5,Đã bán 309,https://www.thegioididong.com/dong-ho-thong-minh/huawei-watch-fit-5-pro-44-5mm-day-nylon,https://cdn.tgdd.vn/Products/Images/7077/366955/huawei-watch-fit-5-pro-44-5mm-day-nylon-thumb-600x600.jpg
364509,Đồng hồ thông minh,Huawei Watch GT Runner 2 43.5mm dây Nylon,5590000,Huawei,Màu combo,4.9,Đã bán 356,https://www.thegioididong.com/dong-ho-thong-minh/huawei-watch-gt-runner-2-43-5mm-day-nylon,https://cdn.tgdd.vn/Products/Images/7077/364509/huawei-watch-gt-runner-2-43-5mm-day-fluor-cam-thumb-1-600x600.jpg
367947,Đồng hồ thông minh,Amazfit Bip Max 49.5mm dây silicone,2390000,Amazfit,Đen,5,Đã bán 83,https://www.thegioididong.com/dong-ho-thong-minh/amazfit-bip-max-49-5mm-day-silicone,
344767,Đồng hồ thông minh,Apple Watch SE 3 GPS 40mm viền nhôm dây thể thao,6790000,Apple,Trắng Starlight,4.9,"Đã bán 11,3k",https://www.thegioididong.com/dong-ho-thong-minh/apple-watch-se-3-40mm-vien-nhom-day-the-thao,https://cdn.tgdd.vn/Products/Images/7077/344767/apple-watch-se-3-40mm-vien-nhom-day-the-thao-trang-600x600.jpg
362941,Đồng hồ thông minh,Vòng đeo tay thông minh Huawei Band 11 viền nhôm dây Fluor,990000,Huawei,Xanh lá,4.9,"Đã bán 3,7k",https://www.thegioididong.com/dong-ho-thong-minh/vong-deo-tay-thong-minh-huawei-band-11-vien-nhom-day-cao-su,
334436,Đồng hồ thông minh,Huawei Watch Fit 4 43mm dây silicone,2540000,Huawei,Đen,4.9,"Đã bán 21,8k",https://www.thegioididong.com/dong-ho-thong-minh/huawei-watch-fit-4,
344750,Đồng hồ thông minh,Apple Watch Series 11 GPS 42mm viền nhôm dây thể thao,11490000,Apple,Đen bóng,4.9,"Đã bán 6,6k",https://www.thegioididong.com/dong-ho-thong-minh/apple-watch-series-11-42mm-vien-nhom-day-the-thao,https://cdn.tgdd.vn/Products/Images/7077/344750/apple-watch-series-11-42mm-vien-nhom-day-the-thao-den-bong-600x600.jpg
367410,Đồng hồ thông minh,Vòng đeo tay thông minh Mi Band 10 Pro viền gốm,2490000,Xiaomi,Trắng,5,Đã bán 138,https://www.thegioididong.com/dong-ho-thong-minh/vong-deo-tay-thong-minh-mi-band-10-pro-vien-gom,https://cdn.tgdd.vn/Products/Images/7077/367410/vong-deo-tay-thong-minh-mi-band-10-pro-vien-gom-thumb-600x600.jpg
364290,Đồng hồ thông minh,Amazfit Active 3 Premium 46mm dây silicone,3290000,Amazfit,Trắng,5,Đã bán 225,https://www.thegioididong.com/dong-ho-thong-minh/amazfit-active-3-premium-46mm-day-silicone,https://cdn.tgdd.vn/Products/Images/7077/364290/amazfit-active-3-premium-46mm-day-silicone-trang-600x600.jpg
362942,Đồng hồ thông minh,Vòng đeo tay thông minh Huawei Band 11 dây Fluor,890000,Huawei,Đen,5,Đã bán 933,https://www.thegioididong.com/dong-ho-thong-minh/vong-deo-tay-thong-minh-huawei-band-11-day-cao-su,https://cdn.tgdd.vn/Products/Images/7077/362942/vong-deo-tay-thong-minh-huawei-band-11-day-cao-su-den-thumb-1-600x600.jpg
369324,Đồng hồ thông minh,Samsung Galaxy Watch Ultra 2 LTE 47mm dây silicone,17490000,Samsung,Xanh rêu,,,https://www.thegioididong.com/dong-ho-thong-minh/samsung-galaxy-watch-ultra-2,https://cdn.tgdd.vn/Products/Images/7077/369324/samsung-galaxy-watch-ultra-2-xanh-thumb-600x600.jpg
361814,Đồng hồ thông minh,Amazfit Active Max 46mm dây silicone,3490000,Amazfit,Đen,5,Đã bán 178,https://www.thegioididong.com/dong-ho-thong-minh/amazfit-active-max-46mm-day-silicone,https://cdn.tgdd.vn/Products/Images/7077/361814/amazfit-active-max-46mm-day-silicone-thumb-600x600.jpg
362940,Đồng hồ thông minh,Vòng đeo tay thông minh Huawei Band 11 Pro dây nylon dệt,1590000,Huawei,Xanh lá,5,Đã bán 146,https://www.thegioididong.com/dong-ho-thong-minh/vong-deo-tay-thong-minh-huawei-band-11-pro-day-nylon-det,https://cdn.tgdd.vn/Products/Images/7077/362940/vong-deo-tay-thong-minh-huawei-band-11-pro-day-nylon-det-thumb-600x600.jpg
344769,Đồng hồ thông minh,Apple Watch SE 3 GPS + Cellular 40mm viền nhôm dây thể thao,8390000,Apple,Trắng Starlight,4.9,Đã bán 1k,https://www.thegioididong.com/dong-ho-thong-minh/apple-watch-se-3-gps-cellular-40mm-vien-nhom-day-the-thao,https://cdn.tgdd.vn/Products/Images/7077/344769/apple-watch-se-3-gps-cellular-40mm-vien-nhom-day-the-thao-trang-600x600.jpg
369499,Đồng hồ thông minh,Samsung Galaxy Watch9 Bluetooth 40mm dây silicone,9490000,Samsung,Trắng,,,https://www.thegioididong.com/dong-ho-thong-minh/samsung-galaxy-watch9-bluetooth-40mm-day-silicone,https://cdn.tgdd.vn/Products/Images/7077/369499/samsung-galaxy-watch9-bluetooth-40mm-day-silicone-thumb-trang-600x600.jpg
339492,Đồng hồ thông minh,Huawei Watch 5 46mm viền Titanium dây composite,6990000,Huawei,Tím bạc,5,Đã bán 432,https://www.thegioididong.com/dong-ho-thong-minh/huawei-watch-5-46mm-day-composite,https://cdn.tgdd.vn/Products/Images/7077/339492/huawei-watch-5-46mm-day-composite-tb-600x600.jpg
344758,Đồng hồ thông minh,Apple Watch Series 11 GPS + Cellular 42mm viền Titanium dây thể thao,20490000,Apple,Titan vàng,5,Đã bán 250,https://www.thegioididong.com/dong-ho-thong-minh/apple-watch-series-11-gps-cellular-42m-vien-titanium-day-the-thao,https://cdn.tgdd.vn/Products/Images/7077/344758/apple-watch-series-11-gps-cellular-42m-vien-titanium-day-the-thao-vang-600x600.jpg
337872,Đồng hồ thông minh,Huawei Watch 5 46mm viền thép dây cao su,6990000,Huawei,Đen,4.9,Đã bán 851,https://www.thegioididong.com/dong-ho-thong-minh/huawei-watch-5-46mm,https://cdn.tgdd.vn/Products/Images/7077/337872/huawei-watch-5-46mm-den-tb-600x600.jpg
369498,Đồng hồ thông minh,Samsung Galaxy Watch9 LTE 40mm dây silicone,10990000,Samsung,Trắng,,,https://www.thegioididong.com/dong-ho-thong-minh/samsung-galaxy-watch9-lte-40mm-day-silicone,https://cdn.tgdd.vn/Products/Images/7077/369498/samsung-galaxy-watch9-lte-40mm-day-silicone-thumb-trang-600x600.jpg
369497,Đồng hồ thông minh,Samsung Galaxy Watch9 Bluetooth 44mm dây silicone,10490000,Samsung,Đen,,,https://www.thegioididong.com/dong-ho-thong-minh/samsung-galaxy-watch9-bluetooth-44mm-day-silicone,https://cdn.tgdd.vn/Products/Images/7077/369497/samsung-galaxy-watch9-bluetooth-44mm-day-silicone-den-thumb-600x600.jpg
369321,Đồng hồ thông minh,Samsung Galaxy Watch9 LTE 44mm dây silicone,11290000,Samsung,Xanh lá,,,https://www.thegioididong.com/dong-ho-thong-minh/samsung-galaxy-watch9-lte-44mm-day-silicone,https://cdn.tgdd.vn/Products/Images/7077/369321/samsung-galaxy-watch9-lte-44mm-day-silicone-xanh-thumb-1-600x600.jpg
344764,Đồng hồ thông minh,Apple Watch Ultra 3 GPS + Cellular 49mm viền Titanium dây Ocean,23490000,Apple,Titan đen,5,Đã bán 748,https://www.thegioididong.com/dong-ho-thong-minh/apple-watch-ultra-3-gps-cellular-49mm-vien-titanium-day-ocean,https://cdn.tgdd.vn/Products/Images/7077/344764/apple-watch-ultra-3-gps-cellular-49mm-vien-titanium-day-ocean-den-600x600.jpg
336948,Đồng hồ thông minh,Huawei Watch 5 42mm viền thép dây composite Vàng Hồng,8990000,Huawei,Vàng Hồng,5,Đã bán 126,https://www.thegioididong.com/dong-ho-thong-minh/huawei-watch-5-42mm,https://cdn.tgdd.vn/Products/Images/7077/336948/huawei-watch-5-42mm-hong-tb-600x600.jpg
364292,Đồng hồ thông minh,Amazfit T-Rex Ultra 2 51mm dây silicone,12990000,Amazfit,Đen,5,Đã bán 7,https://www.thegioididong.com/dong-ho-thong-minh/amazfit-t-rex-ultra-2-51mm-day-silicone,https://cdn.tgdd.vn/Products/Images/7077/364292/amazfit-t-rex-ultra-2-51mm-day-silicone-thumb-2-600x600.jpg
339531,Đồng hồ thông minh,Vòng đeo tay thông minh Mi Band 10 viền gốm,1660000,Xiaomi,Trắng,5,"Đã bán 1,9k",https://www.thegioididong.com/dong-ho-thong-minh/mi-band-10-vien-gom,https://cdn.tgdd.vn/Products/Images/7077/339531/mi-band-10-vien-gom-600x600.jpg
341453,Đồng hồ thông minh,Huawei Watch GT 6 Pro 46mm viền Titanium dây cao su,6590000,Huawei,Đen,5,"Đã bán 3,7k",https://www.thegioididong.com/dong-ho-thong-minh/huawei-watch-gt-6-pro-46mm-vien-titanium-day-cao-su,https://cdn.tgdd.vn/Products/Images/7077/341453/huawei-watch-gt-6-pro-den-thumb-600x600.jpg
361330,Đồng hồ thông minh,OPPO Watch S 46mm dây cao su,3990000,Oppo,Đen,4.9,Đã bán 773,https://www.thegioididong.com/dong-ho-thong-minh/oppo-watch-s-46mm-day-cao-su,https://cdn.tgdd.vn/Products/Images/7077/361330/oppo-watch-s-46mm-day-cao-su-den-600x600.jpg
337643,Đồng hồ thông minh,Amazfit Bip 6 46.3mm dây silicone,1890000,Amazfit,Đỏ,4.9,Đã bán 1k,https://www.thegioididong.com/dong-ho-thong-minh/amazfit-bip-6,https://cdn.tgdd.vn/Products/Images/7077/337643/amazfit-bip-6-do-tn-600x600.jpg
362002,Đồng hồ thông minh,Huawei Watch GT 6 41mm viền thép dây da phối,4790000,Huawei,Nâu,5,Đã bán 580,https://www.thegioididong.com/dong-ho-thong-minh/huawei-watch-gt-6-41mm-vien-thep-day-da-phoi,https://cdn.tgdd.vn/Products/Images/7077/362002/huawei-watch-gt-6-41mm-vien-thep-day-da-phoi-thumb-600x600.jpg
327697,Đồng hồ thông minh,Samsung Galaxy Watch7 44mm dây silicone,4840000,Samsung,Bạc,4.9,"Đã bán 2,7k",https://www.thegioididong.com/dong-ho-thong-minh/samsung-galaxy-watch7-44mm,https://cdn.tgdd.vn/Products/Images/7077/327697/samsung-galaxy-watch7-44mm-bac-tn2-600x600.jpg
354257,Đồng hồ thông minh,Huawei Watch GT 6 Pro 46mm viền Titanium dây Woven,6990000,Huawei,Nâu,5,Đã bán 1k,https://www.thegioididong.com/dong-ho-thong-minh/huawei-watch-gt-6-pro-46mm,https://cdn.tgdd.vn/Products/Images/7077/354257/huawei-watch-gt-6-pro-46mm-thumb-600x600.jpg
354260,Đồng hồ thông minh,Huawei Watch GT 6 46mm viền thép dây Woven,4790000,Huawei,Xanh lá,4.9,Đã bán 753,https://www.thegioididong.com/dong-ho-thong-minh/huawei-watch-gt-6-46mm-vien-thep-day-woven,https://cdn.tgdd.vn/Products/Images/7077/354260/huawei-watch-gt-6-46mm-vien-thep-day-woven-thumb-600x600.jpg
361467,Đồng hồ thông minh,OPPO Watch S 46mm dây nylon,3990000,Oppo,Xanh - Xám,5,Đã bán 460,https://www.thegioididong.com/dong-ho-thong-minh/oppo-watch-s-46mm-day-nylon,https://cdn.tgdd.vn/Products/Images/7077/361467/oppo-watch-s-46mm-day-nylon-thumb-2-600x600.jpg
338266,Đồng hồ thông minh,Samsung Galaxy Watch8 Classic 46mm dây da,8790000,Samsung,Trắng,5,Đã bán 978,https://www.thegioididong.com/dong-ho-thong-minh/samsung-galaxy-watch8-classic,https://cdn.tgdd.vn/Products/Images/7077/338266/samsung-galaxy-watch8-classic-trang-tn-600x600.jpg
354258,Đồng hồ thông minh,Huawei Watch GT 6 Pro 46mm viền Titanium dây Titanium,10490000,Huawei,Bạc,5,Đã bán 342,https://www.thegioididong.com/dong-ho-thong-minh/huawei-watch-gt-6-pro-46mm-vien-titanium-day-titanium,https://cdn.tgdd.vn/Products/Images/7077/354258/huawei-watch-gt-6-pro-46mm-vien-titanium-day-titanium-thumb-600x600.jpg
354261,Đồng hồ thông minh,Huawei Watch GT 6 41mm viền thép dây da,4790000,Huawei,Trắng,5,Đã bán 1k,https://www.thegioididong.com/dong-ho-thong-minh/huawei-watch-gt-6-41mm-vien-thep-day-da,https://cdn.tgdd.vn/Products/Images/7077/354261/huawei-watch-gt-6-41mm-vien-thep-day-da-trang-thumb-600x600.jpg
354259,Đồng hồ thông minh,Huawei Watch GT 6 46mm viền thép dây da,4790000,Huawei,Nâu,5,"Đã bán 1,3k",https://www.thegioididong.com/dong-ho-thong-minh/huawei-watch-gt-6-46mm-vien-thep-day-da,https://cdn.tgdd.vn/Products/Images/7077/354259/huawei-watch-gt-6-46mm-vien-thep-day-da-thumb-600x600.jpg
340066,Đồng hồ thông minh,Samsung Galaxy Watch8 LTE 40mm dây silicone,6890000,Samsung,Trắng,5,Đã bán 870,https://www.thegioididong.com/dong-ho-thong-minh/samsung-galaxy-watch8-lte-40mm,https://cdn.tgdd.vn/Products/Images/7077/340066/samsung-galaxy-watch8-lte-40mm-trang-tn-600x600.jpg
361516,Đồng hồ thông minh,Huawei Watch GT 6 Pro Honma 46mm viền Titanium dây Fluor,8990000,Huawei,Đen,5,Đã bán 345,https://www.thegioididong.com/dong-ho-thong-minh/huawei-watch-gt-6-pro-honma-46mm-vien-titanium-day-fluor,https://cdn.tgdd.vn/Products/Images/7077/361516/huawei-watch-gt-6-pro-honma-46mm-vien-titanium-day-cao-su-den-thumb-600x600.jpg
358004,Đồng hồ thông minh,Amazfit T-Rex 3 Pro 48mm dây silicone,8990000,Amazfit,Đen,4.9,Đã bán 128,https://www.thegioididong.com/dong-ho-thong-minh/amazfit-t-rex-3-pro-48mm-day-silicone,https://cdn.tgdd.vn/Products/Images/7077/358004/amazfit-t-rex-3-pro-48mm-day-silicone-den-thumb-600x600.jpg
361518,Đồng hồ thông minh,Huawei Watch GT 6 41mm viền thép dây Milanese,6290000,Huawei,Vàng,5,Đã bán 293,https://www.thegioididong.com/dong-ho-thong-minh/huawei-watch-gt-6-41mm-vien-thep-day-milanese,https://cdn.tgdd.vn/Products/Images/7077/361518/huawei-watch-gt-6-41mm-vien-thep-day-milanese-thumb-600x600.jpg
344753,Đồng hồ thông minh,Apple Watch Series 11 GPS + Cellular 46mm viền nhôm dây thể thao,14990000,Apple,Đen bóng,5,Đã bán 314,https://www.thegioididong.com/dong-ho-thong-minh/apple-watch-series-11-gps-cellular-46mm-vien-nhom-day-the-thao,https://cdn.tgdd.vn/Products/Images/7077/344753/apple-watch-series-11-gps-cellular-46mm-vien-nhom-day-the-thao-den-bong-600x600.jpg
333919,Đồng hồ thông minh,Đồng hồ định vị trẻ em imoo Z7 Spider Man,5290000,imoo,Đỏ,5,Đã bán 203,https://www.thegioididong.com/dong-ho-thong-minh/imoo-z7-spiderman,https://cdn.tgdd.vn/Products/Images/7077/333919/imoo-z7-spiderman-thumb3-639229927300220715-600x600-600x600.jpg
340067,Đồng hồ thông minh,Samsung Galaxy Watch8 LTE 44mm dây silicone,10490000,Samsung,Đen,4.9,Đã bán 517,https://www.thegioididong.com/dong-ho-thong-minh/samsung-galaxy-watch8-lte-44mm?utm_flashsale=1,https://cdn.tgdd.vn/Products/Images/7077/340067/samsung-galaxy-watch8-lte-44mm-den-tn-600x600.jpg
340068,Đồng hồ thông minh,Samsung Galaxy Watch8 44mm dây silicone,6890000,Samsung,Đen,5,Đã bán 639,https://www.thegioididong.com/dong-ho-thong-minh/samsung-galaxy-watch8-44mm,https://cdn.tgdd.vn/Products/Images/7077/340068/samsung-galaxy-watch8-44mm-den-tb-600x600.jpg
340844,Đồng hồ thông minh,Amazfit Active 2 Square Sapphire 43.3mm dây da,2990000,Amazfit,Đen,5,Đã bán 139,https://www.thegioididong.com/dong-ho-thong-minh/amazfit-active-2-square-sapphire,https://cdn.tgdd.vn/Products/Images/7077/340844/amazfit-active-2-square-sapphire-tn-600x600.jpg
327693,Đồng hồ thông minh,Samsung Galaxy Watch Ultra LTE 47mm dây silicone,12100000,Samsung,Trắng,5,Đã bán 759,https://www.thegioididong.com/dong-ho-thong-minh/samsung-galaxy-watch-ultra,https://cdn.tgdd.vn/Products/Images/7077/327693/galaxy-watch-ultra-trang-tn-600x600.jpg
341454,Đồng hồ thông minh,Amazfit Balance 2 47.4mm dây silicone,6990000,Amazfit,Đen,5,Đã bán 172,https://www.thegioididong.com/dong-ho-thong-minh/amazfit-balance-2,https://cdn.tgdd.vn/Products/Images/7077/341454/amazfit-balance-2-den-tb-600x600.jpg
344754,Đồng hồ thông minh,Apple Watch Series 11 GPS + Cellular 42mm viền Titanium dây Milan,21790000,Apple,Titan xám,5,Đã bán 232,https://www.thegioididong.com/dong-ho-thong-minh/apple-watch-series-11-gps-cellular-42mm-vien-titanium-day-milan,https://cdn.tgdd.vn/Products/Images/7077/344754/apple-watch-series-11-gps-cellular-42mm-vien-titanium-day-milan-xam-600x600.jpg
358006,Đồng hồ thông minh,Huawei Watch Ultimate 2 47.8mm dây cao su,19290000,Huawei,Xanh Dương,5,Đã bán 67,https://www.thegioididong.com/dong-ho-thong-minh/huawei-watch-ultimate-2-47-8mm-day-cao-su,https://cdn.tgdd.vn/Products/Images/7077/358006/huawei-watch-ultimate-2-47-8mm-day-cao-su-thumb-600x600.jpg
358005,Đồng hồ thông minh,Huawei Watch Ultimate 2 48.5mm dây cao su,15290000,Huawei,Đen,5,Đã bán 28,https://www.thegioididong.com/dong-ho-thong-minh/huawei-watch-ultimate-2-48-5mm-day-cao-su,https://cdn.tgdd.vn/Products/Images/7077/358005/huawei-watch-ultimate-2-48-5mm-day-cao-su-thumb-600x600.jpg
337834,Đồng hồ thông minh,Nhẫn thông minh Samsung Galaxy Ring Size 9,9810000,Samsung,Bạc,5,Đã bán 13,https://www.thegioididong.com/dong-ho-thong-minh/samsung-galaxy-ring-size-9,https://cdn.tgdd.vn/Products/Images/7077/337834/samsung-galaxy-ring-bac-tb-600x600.jpg
370871,Đồng hồ thông minh,Garmin Fenix 9 Pro Solar Sapphire 47mm viền Titanium dây silicone,28990000,Garmin,Xám,,,https://www.thegioididong.com/dong-ho-thong-minh/dong-ho-thong-min-gps-garmin-fenix-9-pro-solar,https://cdn.tgdd.vn/Products/Images/7077/370871/dong-ho-thong-min-gps-garmin-fenix-9-pro-solar-thumb-600x600.jpg
370934,Đồng hồ thông minh,Garmin Fenix 9 Pro Sapphire 47mm viền Titanium Carbon dây silicone,30290000,Garmin,Đen,,,https://www.thegioididong.com/dong-ho-thong-minh/garmin-fenix-9-pro-sapphire-47mm-vien-titanium-carbon-day-silicone,https://cdn.tgdd.vn/Products/Images/7077/370934/garmin-fenix-9-pro-sapphire-47mm-vien-titanium-carbon-day-silicone-thumb-600x600.jpg
370869,Đồng hồ thông minh,Garmin Fenix 9 Sapphire 43mm viền Titanium dây silicone,26290000,Garmin,Xám,,,https://www.thegioididong.com/dong-ho-thong-minh/garmin-fenix-9-sapphire-43mm-vien-titanium-day-silicone,https://cdn.tgdd.vn/Products/Images/7077/370869/garmin-fenix-9-sapphire-43mm-vien-titanium-day-silicone-thumb-600x600.jpg
370930,Đồng hồ thông minh,Garmin Fenix 9 Sapphire 47mm viền Titanium Carbon dây silicone,27690000,Garmin,Đen,,,https://www.thegioididong.com/dong-ho-thong-minh/garmin-fenix-9-sapphire-47mm-vien-titanium-carbon-day-silicone,https://cdn.tgdd.vn/Products/Images/7077/370930/garmin-fenix-9-sapphire-47mm-vien-titanium-carbon-day-silicone-thumb-600x600.jpg
370870,Đồng hồ thông minh,Garmin Fenix 9 Pro Sapphire 43mm viền Titanium dây silicone,30290000,Garmin,Kem,,,https://www.thegioididong.com/dong-ho-thong-minh/dong-ho-thong-min-gps-garmin-fenix-9-pro-amoled,https://cdn.tgdd.vn/Products/Images/7077/370870/dong-ho-thong-min-gps-garmin-fenix-9-pro-amoled-thumb-600x600.jpg
328694,Đồng hồ thông minh,Đồng hồ định vị trẻ em Huawei Watch Kids 4 Pro,2740000,Huawei,Xanh Dương,4.9,"Đã bán 8,7k",https://www.thegioididong.com/dong-ho-thong-minh/huawei-watch-kids-4-pro,https://cdn.tgdd.vn/Products/Images/7077/328694/huawei-watch-kids-4-pro-xanh-tn2-600x600.jpg
322848,Đồng hồ thông minh,Garmin Forerunner 165 43mm dây silicone,3990000,Garmin,Đen,4.9,"Đã bán 5,5k",https://www.thegioididong.com/dong-ho-thong-minh/garmin-forerunner-165,https://cdn.tgdd.vn/Products/Images/7077/322848/garmin-forerunner-165-den-tb-600x600.jpg
367407,Đồng hồ thông minh,Xiaomi Watch S5 46mm dây cao su Fluoro,4690000,Xiaomi,Đen,5,Đã bán 972,https://www.thegioididong.com/dong-ho-thong-minh/xiaomi-watch-s5-46mm-day-cao-su-fluoro,https://cdn.tgdd.vn/Products/Images/7077/367407/xiaomi-watch-s5-46mm-day-cao-su-fluoro-đen-thumb-600x600.jpg
332406,Đồng hồ thông minh,Vòng đeo tay thông minh Mi Band 9 Active,630000,Xiaomi,Trắng,4.9,"Đã bán 7,6k",https://www.thegioididong.com/dong-ho-thong-minh/mi-band-9-active,https://cdn.tgdd.vn/Products/Images/7077/332406/mi-band-9-active-trang-thumb-600x600.jpg
335762,Đồng hồ thông minh,Vòng đeo tay thông minh Huawei Band 10 viền nhựa,690000,Huawei,Đen,4.9,"Đã bán 4,7k",https://www.thegioididong.com/dong-ho-thong-minh/huawei-band-10,https://cdn.tgdd.vn/Products/Images/7077/335762/huawei-band-10-den-tb-600x600.jpg
331078,Đồng hồ thông minh,Huawei Watch D2 48mm dây cao su,7840000,Huawei,Đen,4.9,"Đã bán 2,3k",https://www.thegioididong.com/dong-ho-thong-minh/huawei-watch-d2-day-cao-su,https://cdn.tgdd.vn/Products/Images/7077/331078/huawei-watch-d2-day-cao-su-600x600.jpg
244296,Đồng hồ thông minh,Garmin Forerunner 55 42mm dây silicone,2590000,Garmin,Đen,4.9,"Đã bán 1,6k",https://www.thegioididong.com/dong-ho-thong-minh/garmin-forerunner-55-day-silicone-den?utm_flashsale=1,https://cdn.tgdd.vn/Products/Images/7077/244296/garmin-forerunner-55-day-silicone-den-tn-1-2-600x600.jpg
332404,Đồng hồ thông minh,Vòng đeo tay thông minh Mi Band 9 Pro,1750000,Xiaomi,Hồng,4.9,"Đã bán 6,3k",https://www.thegioididong.com/dong-ho-thong-minh/mi-band-9-pro,https://cdn.tgdd.vn/Products/Images/7077/332404/mi-band-9-pro-hong-tb-600x600.jpg
365405,Đồng hồ thông minh,Garmin Forerunner 70 42.6mm dây silicone,5750000,Garmin,Xanh dương đậm,5,Đã bán 62,https://www.thegioididong.com/dong-ho-thong-minh/garmin-forerunner-70,https://cdn.tgdd.vn/Products/Images/7077/365405/garmin-forerunner-70-xanh-thumb-600x600.jpg
355663,Đồng hồ thông minh,Garmin Venu 4 41mm dây silicone,14240000,Garmin,Trắng Starlight,5,Đã bán 208,https://www.thegioididong.com/dong-ho-thong-minh/garmin-venu-4-41mm-day-silicone,https://cdn.tgdd.vn/Products/Images/7077/355663/garmin-venu-4-41mm-day-silicone-trang-thumb-600x600.jpg
337137,Đồng hồ thông minh,Garmin Vivoactive 6 42.2mm dây silicone,7320000,Garmin,Đen,4.9,Đã bán 331,https://www.thegioididong.com/dong-ho-thong-minh/garmin-vivoactive-6,https://cdn.tgdd.vn/Products/Images/7077/337137/garmin-vivoactive-6-den-tb-600x600.jpg
338698,Đồng hồ thông minh,Garmin Forerunner 970 47mm dây silicone,17660000,Garmin,Xám,5,Đã bán 266,https://www.thegioididong.com/dong-ho-thong-minh/garmin-forerunner-970,https://cdn.tgdd.vn/Products/Images/7077/338698/garmin-forerunner-970-xam-600x600.jpg
338701,Đồng hồ thông minh,Garmin Forerunner 570 47mm dây silicone,12340000,Garmin,Trắng - Xanh,5,Đã bán 222,https://www.thegioididong.com/dong-ho-thong-minh/garmin-forerunner-570-47mm,https://cdn.tgdd.vn/Products/Images/7077/338701/garmin-forerunner-570-47mm-trang-600x600.jpg
365406,Đồng hồ thông minh,Garmin Forerunner 170 42.6mm dây silicone,6950000,Garmin,Trắng,5,Đã bán 43,https://www.thegioididong.com/dong-ho-thong-minh/garmin-forerunner-170,https://cdn.tgdd.vn/Products/Images/7077/365406/garmin-forerunner-170-trang-thumb-600x600.jpg
334987,Đồng hồ thông minh,Garmin Instinct 3 50mm dây silicone,10760000,Garmin,Đen,5,Đã bán 34,https://www.thegioididong.com/dong-ho-thong-minh/garmin-instinct-3-50mm,https://cdn.tgdd.vn/Products/Images/7077/334987/garmin-instinct-3-50mm-den-thumb-600x600.jpg
330180,Đồng hồ thông minh,Huawei Watch GT 5 Pro 42mm viền gốm dây gốm,11990000,Huawei,Trắng,5,Đã bán 141,https://www.thegioididong.com/dong-ho-thong-minh/huawei-watch-gt-5-pro-42mm-vien-gom-day-gom,https://cdn.tgdd.vn/Products/Images/7077/330180/huawei-watch-gt-5-pro-41mm-vien-gom-day-gom-tb-600x600.jpg
334986,Đồng hồ thông minh,Garmin Instinct 3 45mm dây silicone,9660000,Garmin,Đen,5,Đã bán 71,https://www.thegioididong.com/dong-ho-thong-minh/garmin-instinct-3-45mm,https://cdn.tgdd.vn/Products/Images/7077/334986/garmin-instinct-3-45mm-den-thumb-600x600.jpg
334989,Đồng hồ thông minh,Garmin Instinct E 45mm dây silicone,7140000,Garmin,Đen,4.9,Đã bán 28,https://www.thegioididong.com/dong-ho-thong-minh/garmin-instinct-e-45mm,https://cdn.tgdd.vn/Products/Images/7077/334989/garmin-instinct-e-45mm-den-tb-600x600.jpg
340846,Đồng hồ thông minh,Garmin Venu X1 Sapphire 51.2mm dây nylon,17920000,Garmin,Xanh rêu,5,Đã bán 32,https://www.thegioididong.com/dong-ho-thong-minh/garmin-venu-x1-sapphire,https://cdn.tgdd.vn/Products/Images/7077/340846/garmin-venu-x1-reu-tb-600x600.jpg
365217,Đồng hồ thông minh,Xiaomi Redmi Watch 6,2590000,Xiaomi,Đen,5,"Đã bán 12,9k",https://www.thegioididong.com/dong-ho-thong-minh/xiaomi-redmi-watch-6,https://cdn.tgdd.vn/Products/Images/7077/365217/xiaomi-redmi-watch-6-den-600x600.jpg
341452,Đồng hồ thông minh,Huawei Watch GT 6 46mm viền thép dây cao su,4390000,Huawei,Đen,4.9,"Đã bán 4,3k",https://www.thegioididong.com/dong-ho-thong-minh/huawei-watch-gt-6,https://cdn.tgdd.vn/Products/Images/7077/341452/huawei-watch-gt-6-den-thumb-600x600.jpg
332069,Đồng hồ thông minh,Xiaomi Redmi Watch 5 47.5 mm dây TPU,1890000,Xiaomi,Đen,4.9,"Đã bán 42,7k",https://www.thegioididong.com/dong-ho-thong-minh/xiaomi-redmi-watch-5?utm_flashsale=1,https://cdn.tgdd.vn/Products/Images/7077/332069/xiaomi-redmi-watch-5-bac-tb-1-600x600.jpg
329834,Đồng hồ thông minh,Xiaomi Redmi Watch 5 Active 49.1mm dây TPU,880000,Xiaomi,Đen,4.9,"Đã bán 21,1k",https://www.thegioididong.com/dong-ho-thong-minh/redmi-watch-5-active,https://cdn.tgdd.vn/Products/Images/7077/329834/redmi-watch-5-active-den-thb-600x600.jpg
329832,Đồng hồ thông minh,Xiaomi Redmi Watch 5 Lite 48.2mm dây TPU,1190000,Xiaomi,Vàng,4.9,"Đã bán 22,4k",https://www.thegioididong.com/dong-ho-thong-minh/redmi-watch-5-lite,https://cdn.tgdd.vn/Products/Images/7077/329832/redmi-watch-5-lite-kem-tb-600x600.jpg
354262,Đồng hồ thông minh,Huawei Watch GT 6 41mm viền thép dây cao su,4390000,Huawei,Tím,5,"Đã bán 1,6k",https://www.thegioididong.com/dong-ho-thong-minh/huawei-watch-gt-6-41mm-vien-thep-day-cao-su,https://cdn.tgdd.vn/Products/Images/7077/354262/huawei-watch-gt-6-41mm-vien-thep-day-cao-su-tim-thumb-600x600.jpg
341442,Đồng hồ thông minh,Xiaomi Watch S4 41mm dây cao su Fluoro,3990000,Xiaomi,Xanh mint,4.9,"Đã bán 3,6k",https://www.thegioididong.com/dong-ho-thong-minh/xiaomi-watch-s4-41mm,https://cdn.tgdd.vn/Products/Images/7077/341442/xiaomi-watch-s4-41mm-xanh-thumb-1-600x600.jpg
338265,Đồng hồ thông minh,Samsung Galaxy Watch8 40mm dây silicone,8490000,Samsung,Trắng,4.9,Đã bán 3k,https://www.thegioididong.com/dong-ho-thong-minh/samsung-galaxy-watch8?utm_flashsale=1,https://cdn.tgdd.vn/Products/Images/7077/338265/samsung-galaxy-watch8-40mm-trang-tb-600x600.jpg
344809,Đồng hồ thông minh,Apple Watch Ultra 3 GPS + Cellular 49mm viền Titanium dây Milan,26490000,Apple,Titan đen,5,Đã bán 483,https://www.thegioididong.com/dong-ho-thong-minh/apple-watch-ultra-3-gps-cellular-49mm-vien-titanium-day-milan,https://cdn.tgdd.vn/Products/Images/7077/344809/apple-watch-ultra-3-gps-cellular-49mm-vien-titanium-day-milan-den-600x600.jpg
354314,Đồng hồ thông minh,Xiaomi Watch S4 41mm dây Milanese,5690000,Xiaomi,Vàng đồng,5,Đã bán 447,https://www.thegioididong.com/dong-ho-thong-minh/xiaomi-watch-s4-41mm-day-milanese,https://cdn.tgdd.vn/Products/Images/7077/354314/xiaomi-watch-s4-41mm-day-milanese-thumb-600x600.jpg
329474,Đồng hồ thông minh,Garmin Fenix 8 Sapphire 47mm viền Titanium dây silicone,25020000,Garmin,Đen,5,Đã bán 182,https://www.thegioididong.com/dong-ho-thong-minh/garmin-fenix-8-sapphire-47mm?utm_flashsale=1,https://cdn.tgdd.vn/Products/Images/7077/329474/garmin-fenix-8-sapphire-47mm-den-tb-600x600.jpg
335516,Đồng hồ thông minh,Xiaomi Watch S4 47mm dây silicone Đen Cầu Vồng,3510000,Xiaomi,Đen,4.9,"Đã bán 1,6k",https://www.thegioididong.com/dong-ho-thong-minh/xiaomi-watch-s4-47mm-den-cau-vong,https://cdn.tgdd.vn/Products/Images/7077/335516/xiaomi-watch-s4-den-tn-600x600.jpg
360220,Đồng hồ thông minh,Amazfit T-Rex 3 Pro 44mm dây silicone,8690000,Amazfit,Đen - Vàng đồng,5,Đã bán 180,https://www.thegioididong.com/dong-ho-thong-minh/amazfit-t-rex-3-pro-44mm-day-silicone,https://cdn.tgdd.vn/Products/Images/7077/360220/amazfit-t-rex-3-pro-44mm-day-silicone-den-vang-thumb-1-600x600.jpg
340065,Đồng hồ thông minh,Samsung Galaxy Watch8 Classic LTE 46mm dây da,13490000,Samsung,Đen,5,Đã bán 787,https://www.thegioididong.com/dong-ho-thong-minh/samsung-galaxy-watch8-classic-lte-46mm?utm_flashsale=1,https://cdn.tgdd.vn/Products/Images/7077/340065/samsung-galaxy-watch8-classic-lte-46mm-den-tn-600x600.jpg
344765,Đồng hồ thông minh,Apple Watch Ultra 3 GPS + Cellular 49mm viền Titanium dây Trail,23490000,Apple,Titan đen,5,Đã bán 99,https://www.thegioididong.com/dong-ho-thong-minh/apple-watch-ultra-3-gps-cellular-49mm-vien-titanium-day-trail,https://cdn.tgdd.vn/Products/Images/7077/344765/apple-watch-ultra-3-gps-cellular-49mm-vien-titanium-day-trail-den-600x600.jpg
329473,Đồng hồ thông minh,Garmin Fenix 8 Sapphire 43mm viền Titanium dây silicone,25020000,Garmin,Đen,5,Đã bán 44,https://www.thegioididong.com/dong-ho-thong-minh/garmin-fenix-8-sapphire-43mm?utm_flashsale=1,https://cdn.tgdd.vn/Products/Images/7077/329473/garmin-fenix-8-sapphire-43mm-thumb-2-600x600.jpg
329472,Đồng hồ thông minh,Garmin Fenix 8 47mm viền thép dây silicone,22520000,Garmin,Đen,5,Đã bán 35,https://www.thegioididong.com/dong-ho-thong-minh/garmin-fenix-8-47mm?utm_flashsale=1,https://cdn.tgdd.vn/Products/Images/7077/329472/garmin-fenix-8-47mm-tb-600x600.jpg
329479,Đồng hồ thông minh,Garmin Fenix E 47mm viền thép dây silicone,18090000,Garmin,Đen,5,Đã bán 2,https://www.thegioididong.com/dong-ho-thong-minh/garmin-fenix-e-47mm,https://cdn.tgdd.vn/Products/Images/7077/329479/garmin-fenix-e-47mm-tb-600x600.jpg
329468,Đồng hồ thông minh,Garmin Fenix 8 43mm viền thép dây silicone,22520000,Garmin,Trắng,5,Đã bán 13,https://www.thegioididong.com/dong-ho-thong-minh/garmin-fenix-8?utm_flashsale=1,https://cdn.tgdd.vn/Products/Images/7077/329468/garmin-fenix-8-tb-600x600.jpg
333790,Đồng hồ thông minh,Đồng hồ định vị trẻ em Kidcare Sight S1,1990000,Kidcare,Xanh lá,4.9,"Đã bán 59,3k",https://www.thegioididong.com/dong-ho-thong-minh/kidcare-sight-s1?utm_flashsale=1,https://cdn.tgdd.vn/Products/Images/7077/333790/kidcare-sight-s1-xanhla-thumb-600x600.jpg
316991,Đồng hồ thông minh,Đồng hồ định vị trẻ em imoo Z1 Hồng Nhạt,2490000,imoo,Hồng nhạt,4.9,"Đã bán 10,4k",https://www.thegioididong.com/dong-ho-thong-minh/dong-ho-dinh-vi-tre-em-imoo-z1-41-mm-hong-nhat,https://cdn.tgdd.vn/Products/Images/7077/316991/dong-ho-dinh-vi-tre-em-imoo-z1-41-mm-hong-nhat-600x600.jpg
338267,Đồng hồ thông minh,Samsung Galaxy Watch Ultra LTE 47mm (2025) dây silicone,12090000,Samsung,Xanh dương đậm,5,Đã bán 800,https://www.thegioididong.com/dong-ho-thong-minh/samsung-galaxy-watch-ultra-2025,https://cdn.tgdd.vn/Products/Images/7077/338267/galaxy-watch-ultra-2025-xanh-tn-600x600.jpg
318631,Đồng hồ thông minh,Đồng hồ thông minh Zwatch Z6 44mm Xanh dương,490000,Zwatch,Xanh Dương,4.9,Đã bán 2k,https://www.thegioididong.com/dong-ho-thong-minh/zwatch-z6-44mm-day-silicone-xanh-duong,https://cdn.tgdd.vn/Products/Images/7077/318631/zwatch-z6-44mm-day-silicone-xanh-duong-thumb-10-600x600.jpg
322845,Đồng hồ thông minh,Garmin Lily 2 Classic 34mm dây vải,6840000,Garmin,Đen - Vàng,5,Đã bán 73,https://www.thegioididong.com/dong-ho-thong-minh/garmin-lily-2-classic-day-vai,https://cdn.tgdd.vn/Products/Images/7077/322845/garmin-lily-2-classic-day-vai-nau-tb-600x600.jpg
329076,Đồng hồ thông minh,Đồng hồ định vị trẻ em Kidcare K1,1890000,Kidcare,Hồng,4.9,"Đã bán 10,9k",https://www.thegioididong.com/dong-ho-thong-minh/dong-ho-dinh-vi-tre-em-kidcare-k1?utm_flashsale=1,https://cdn.tgdd.vn/Products/Images/7077/329076/dong-ho-dinh-vi-tre-em-kidcare-k1-hong-tn-600x600.jpg
336875,Đồng hồ thông minh,Amazfit Active 2 Sapphire 43.9mm dây da,2990000,Amazfit,Đen,4.9,Đã bán 532,https://www.thegioididong.com/dong-ho-thong-minh/amazfit-active-2-premium,https://cdnv2.tgdd.vn/mwg-static/tgdd/Products/Images/7077/336875/amazfit-active-2-premium-tb-638799784238179304-600x600.jpg
335088,Đồng hồ thông minh,Amazfit Active 2 43.9mm dây silicone,2590000,Amazfit,Đen,4.9,"Đã bán 1,4k",https://www.thegioididong.com/dong-ho-thong-minh/amazfit-active-2,https://cdn.tgdd.vn/Products/Images/7077/335088/amazfit-active-2-tb-600x600.jpg
330159,Đồng hồ thông minh,Huawei Watch GT 5 Pro 46mm viền Titanium dây Titanium,10490000,Huawei,Bạc,4.9,Đã bán 448,https://www.thegioididong.com/dong-ho-thong-minh/huawei-watch-gt-5-pro-46mm-day-titanium,https://cdn.tgdd.vn/Products/Images/7077/330159/huawei-watch-gt-5-pro-46mm-day-titanium-tb-600x600.jpg
315897,Đồng hồ thông minh,Garmin Vivoactive 5 42.2mm dây silicone,5690000,Garmin,Đen,4.9,"Đã bán 1,3k",https://www.thegioididong.com/dong-ho-thong-minh/garmin-vivoactive-5-day-silicone,https://cdn.tgdd.vn/Products/Images/7077/315897/garmin-vivoactive-5-day-silicone-1-1-600x600.jpg
324886,Đồng hồ thông minh,Đồng hồ định vị trẻ em MyKid 4G Lite,1160000,Mykid,Xanh Dương,4.9,"Đã bán 14,4k",https://www.thegioididong.com/dong-ho-thong-minh/mykid-4g-lite,https://cdn.tgdd.vn/Products/Images/7077/324886/mykid-4g-lite-xanh-tn-600x600.jpg
288629,Đồng hồ thông minh,Đồng hồ định vị trẻ em Masstel Smart Hero 10,1260000,Masstel,Xanh Dương,4.9,"Đã bán 9,5k",https://www.thegioididong.com/dong-ho-thong-minh/masstel-smart-hero-10,https://cdn.tgdd.vn/Products/Images/7077/288629/masstel-smart-hero-10-thumbnew-600x600.jpg
236901,Đồng hồ thông minh,Đồng hồ định vị trẻ em Kidcare S6 4G Xanh Dorablue,1800000,Kidcare,Xanh dương đậm,4.9,"Đã bán 8,9k",https://www.thegioididong.com/dong-ho-thong-minh/kidcare-s6-day-silicone-xanh,https://cdn.tgdd.vn/Products/Images/7077/236901/dong-ho-kidcare-s6-xanh-new-tn-600x600.jpg
236904,Đồng hồ thông minh,Đồng hồ định vị trẻ em Kidcare S6 4G,1390000,Kidcare,Xanh Dương,4.9,"Đã bán 46,7k",https://www.thegioididong.com/dong-ho-thong-minh/kidcare-s6-day-silicone?utm_flashsale=1,https://cdn.tgdd.vn/Products/Images/7077/236904/dong-ho-kidcare-s6-xanh-tn-600x600.jpg
339434,Đồng hồ thông minh,Đồng hồ định vị trẻ em Masstel Smart Hero Star,1040000,Masstel,Hồng,4.9,"Đã bán 29,7k",https://www.thegioididong.com/dong-ho-thong-minh/masstel-smart-hero-star,https://cdn.tgdd.vn/Products/Images/7077/339434/masstel-smart-hero-star-hong-thumb-1-600x600.jpg
367385,Đồng hồ thông minh,Đồng hồ định vị trẻ em Kidcare Sight S5 4G,1440000,Kidcare,Đen,4.9,"Đã bán 7,1k",https://www.thegioididong.com/dong-ho-thong-minh/dong-ho-dinh-vi-tre-em-kidcare-sight-s5-4g?utm_flashsale=1,https://cdn.tgdd.vn/Products/Images/7077/367385/dong-ho-dinh-vi-tre-em-kidcare-sight-s5-4g-den-thumb-600x600.jpg
362629,Đồng hồ thông minh,Đồng hồ định vị trẻ em Kidcare Sight S26 4G,1490000,Kidcare,Hồng,4.9,"Đã bán 13,6k",https://www.thegioididong.com/dong-ho-thong-minh/kidcare-sight-s26-4g-44-5mm-day-cao-su?utm_flashsale=1,https://cdn.tgdd.vn/Products/Images/7077/362629/kidcare-sight-s26-4g-44-5mm-day-cao-su-hong-thumb-600x600.jpg
326906,Đồng hồ thông minh,Đồng hồ định vị trẻ em Masstel Smart Hero 6,1190000,Masstel,Xanh Dương,4.9,"Đã bán 27,3k",https://www.thegioididong.com/dong-ho-thong-minh/masstel-smart-hero-6,https://cdn.tgdd.vn/Products/Images/7077/326906/masstel-smart-hero-6-xanh-tb-1-600x600.jpg
337061,Đồng hồ thông minh,Đồng hồ định vị trẻ em Masstel Smart Hero 30,1890000,Masstel,Đen,4.9,"Đã bán 8,6k",https://www.thegioididong.com/dong-ho-thong-minh/masstel-smart-hero-30?utm_flashsale=1,https://cdn.tgdd.vn/Products/Images/7077/337061/masstel-smart-hero-30-den-tb-600x600.jpg
370087,Đồng hồ thông minh,Xiaomi Redmi Watch 6 Active 47 mm dây TPU,1190000,Xiaomi,Đen,,,https://www.thegioididong.com/dong-ho-thong-minh/xiaomi-redmi-watch-6-active-47-mm-day-tpu,https://cdnv2.tgdd.vn/mwg-static/tgdd/Products/Images/7077/370087/xiaomi-redmi-watch-6-active-47-mm-day-tpu-2-639216261893156726-600x600.jpg
369986,Đồng hồ thông minh,Xiaomi Redmi Watch 6 Lite 48 mm dây TPU,1690000,Xiaomi,Đen,,,https://www.thegioididong.com/dong-ho-thong-minh/xiaomi-redmi-watch-6-lite-48-mm-day-tpu,https://cdn.tgdd.vn/Products/Images/7077/369986/xiaomi-redmi-watch-6-lite-48-mm-day-tpu-den-thumb-600x600.jpg
370976,Đồng hồ thông minh,Vòng tay thông minh Samsung Galaxy Fit3 - Hồng,970000,Samsung,Hồng,,,https://www.thegioididong.com/dong-ho-thong-minh/vong-tay-thong-minh-samsung-galaxy-fit3-hong,https://cdnv2.tgdd.vn/mwg-static/tgdd/Products/Images/7077/370976/vong-tay-thong-minh-samsung-galaxy-fit3-hong-thumb-639240312254439754-600x600.jpg
368547,Đồng hồ thông minh,Đồng hồ định vị trẻ em Tammi Watch Kid Plus,1190000,Tammi,Hồng,5,Đã bán 563,https://www.thegioididong.com/dong-ho-thong-minh/dong-ho-dinh-vi-tre-em-tammi-watch-kid-plus,https://cdn.tgdd.vn/Products/Images/7077/368547/dong-ho-dinh-vi-tre-em-tammi-watch-kid-plus-hong-thumb-1-600x600.jpg
368548,Đồng hồ thông minh,Đồng hồ định vị trẻ em Tammi Watch Kid Max,1490000,Tammi,Hồng,5,Đã bán 277,https://www.thegioididong.com/dong-ho-thong-minh/dong-ho-dinh-vi-tre-em-tammi-watch-kid-max,https://cdn.tgdd.vn/Products/Images/7077/368548/dong-ho-dinh-vi-tre-em-tammi-watch-kid-max-hong-thumb-1-600x600.jpg
358457,Đồng hồ thông minh,Đồng hồ định vị trẻ em imoo Z3,3840000,imoo,Xanh Dương,5,"Đã bán 1,2k",https://www.thegioididong.com/dong-ho-thong-minh/dong-ho-dinh-vi-tre-em-imoo-z3,https://cdn.tgdd.vn/Products/Images/7077/358457/dong-ho-dinh-vi-tre-em-imoo-z3-xanh-thumb-1-600x600.jpg
370841,Đồng hồ thông minh,Đồng hồ định vị trẻ em Huawei Kids DRA-L10 X1,4990000,Huawei,Xanh Nước Biển,,,https://www.thegioididong.com/dong-ho-thong-minh/dong-ho-dinh-vi-tre-em-huawei-dra-l10-kids-x1,https://cdn.tgdd.vn/Products/Images/7077/370841/dong-ho-dinh-vi-tre-em-huawei-dra-l10-kids-x1-thumb-xanh-1-600x600.jpg
327123,Đồng hồ thông minh,Đồng hồ định vị trẻ em MyKid 4G V2,1260000,Mykid,Đen,4.9,"Đã bán 13,8k",https://www.thegioididong.com/dong-ho-thong-minh/mykid-4g-v2-day-silicone,https://cdn.tgdd.vn/Products/Images/7077/327123/mykid-4g-v2-day-silicone-den-tn-600x600.jpg
344999,Đồng hồ thông minh,realme Watch 5 50mm dây silicone,1190000,Realme,Bạc,4.9,"Đã bán 1,3k",https://www.thegioididong.com/dong-ho-thong-minh/realme-watch-5-50mm-day-silicone,https://cdn.tgdd.vn/Products/Images/7077/344999/realme-watch-5-50mm-day-silicone-bac-thumb-600x600.jpg
370088,Đồng hồ thông minh,Vòng đeo tay thông minh Mi Band 11 Active,890000,Xiaomi,Đen,,,https://www.thegioididong.com/dong-ho-thong-minh/vong-deo-tay-thong-minh-mi-band-11-active,https://cdnv2.tgdd.vn/mwg-static/tgdd/Products/Images/7077/370088/vong-deo-tay-thong-minh-mi-band-11-active-thumb-639220452597724041-600x600.jpg
313829,Đồng hồ thông minh,Garmin Venu 3S 41mm dây silicone,9830000,Garmin,Hồng,4.9,Đã bán 915,https://www.thegioididong.com/dong-ho-thong-minh/garmin-venu-3s-day-silicone,https://cdn.tgdd.vn/Products/Images/7077/313829/garmin-venu-3s-day-silicone-hong-tn2-600x600.jpg
359399,Đồng hồ thông minh,Zobo G1 42.3mm dây silicone,740000,Zobo,Hồng,5,"Đã bán 1,3k",https://www.thegioididong.com/dong-ho-thong-minh/zobo-g1-423mm-day-silicone,https://cdn.tgdd.vn/Products/Images/7077/359399/zobo-g1-42.3mm-day-silicone-thumb-1-600x600.jpg
359401,Đồng hồ thông minh,Zobo Sporty 1 42mm dây silicone,1240000,Zobo,Đen,4.9,Đã bán 558,https://www.thegioididong.com/dong-ho-thong-minh/zobo-sporty-1-42mm-day-silicone,https://cdn.tgdd.vn/Products/Images/7077/359401/zobo-sporty-1-42mm-day-silicone-thumb-600x600.png
322267,Đồng hồ thông minh,Amazfit Active 42.3mm dây silicone,1790000,Amazfit,Đen,4.9,"Đã bán 3,7k",https://www.thegioididong.com/dong-ho-thong-minh/amazfit-active,https://cdn.tgdd.vn/Products/Images/7077/322267/amazfit-active-den-tb-1-600x600.jpg
363022,Đồng hồ thông minh,Xiaomi Watch 5 47 mm dây cao su Fluoro,5990000,Xiaomi,Xanh lá,4.9,Đã bán 231,https://www.thegioididong.com/dong-ho-thong-minh/xiaomi-watch-5-47-mm-day-cao-su-fluoro?utm_flashsale=1,https://cdn.tgdd.vn/Products/Images/7077/363022/xiaomi-watch-5-47-mm-day-cao-su-fluoro-xanh-600x600.jpg
329598,Đồng hồ thông minh,Đồng hồ định vị trẻ em imoo Z7,4990000,imoo,Xanh Dương,4.9,Đã bán 686,https://www.thegioididong.com/dong-ho-thong-minh/dong-ho-dinh-vi-tre-em-imoo-z7,https://cdn.tgdd.vn/Products/Images/7077/329598/dong-ho-dinh-vi-tre-em-imoo-z7-xanh-600x600.jpg
369501,Đồng hồ thông minh,Đồng hồ định vị trẻ em Zobo K2,890000,Zobo,Xanh Dương,,,https://www.thegioididong.com/dong-ho-thong-minh/dong-ho-dinh-vi-tre-em-zobo-k2?utm_flashsale=1,https://cdnv2.tgdd.vn/mwg-static/tgdd/Products/Images/7077/369501/dong-ho-dinh-vi-tre-em-zobo-k2-thumb-639198203753458889-600x600.jpg
369675,Đồng hồ thông minh,Amazfit Balance 3 51.4mm dây silicone,8690000,Amazfit,Đen,,,https://www.thegioididong.com/dong-ho-thong-minh/amazfit-bip-balance-3-51-4mm-day-silicone,https://cdnv2.tgdd.vn/mwg-static/tgdd/Products/Images/7077/369675/amazfit-bip-balance-3-51-4mm-day-silicone-thumb-639208472873338677-600x600.jpg
305882,Đồng hồ thông minh,Garmin Forerunner 265 Music 46.1mm dây silicone,9180000,Garmin,Đen,4.9,Đã bán 652,https://www.thegioididong.com/dong-ho-thong-minh/garmin-forerunner-265-music-day-silicone,https://cdn.tgdd.vn/Products/Images/7077/305882/garmin-forerunner-265-den-tn-2-600x600.jpg
329945,Đồng hồ thông minh,Amazfit T-Rex 3 47.1mm dây silicone,5490000,Amazfit,Cam,5,Đã bán 936,https://www.thegioididong.com/dong-ho-thong-minh/amazfit-t-rex-3,https://cdn.tgdd.vn/Products/Images/7077/329945/amazfit-t-rex-3-cam-tn-600x600.jpg
359400,Đồng hồ thông minh,Zobo Novabiz 3 50.2mm dây silicone,940000,Zobo,Đen,5,Đã bán 447,https://www.thegioididong.com/dong-ho-thong-minh/zobo-novabiz-3-502mm-day-silicone,https://cdn.tgdd.vn/Products/Images/7077/359400/zobo-novabiz-3-50.2mm-day-silicone-thumb-600x600.jpg
367419,Đồng hồ thông minh,Đồng hồ định vị trẻ em imoo X10,8190000,imoo,Xám nhạt,5,Đã bán 24,https://www.thegioididong.com/dong-ho-thong-minh/dong-ho-dinh-vi-tre-em-imoo-x10,https://cdn.tgdd.vn/Products/Images/7077/367419/dong-ho-dinh-vi-tre-em-imoo-x10-xam-thumb-1-600x600.jpg
322839,Đồng hồ thông minh,Garmin Lily 2 34mm dây silicone,6180000,Garmin,Tím,5,Đã bán 353,https://www.thegioididong.com/dong-ho-thong-minh/garmin-lily-2,https://cdn.tgdd.vn/Products/Images/7077/322839/garmin-lily-2-tim-tb-600x600.jpg
366928,Đồng hồ thông minh,OPPO Watch X3 47.4mm dây cao su,10990000,Oppo,Xám,5,Đã bán 32,https://www.thegioididong.com/dong-ho-thong-minh/oppo-watch-x3-47-4mm-day-cao-su,https://cdnv2.tgdd.vn/mwg-static/tgdd/Products/Images/7077/366928/oppo-watch-x3-47-4mm-day-cao-su-thumb-639143692533934845-600x600.jpg
369504,Đồng hồ thông minh,Đồng hồ định vị trẻ em Zobo S8,1750000,Zobo,Bạc,,,https://www.thegioididong.com/dong-ho-thong-minh/dong-ho-dinh-vi-tre-em-zobo-s8?utm_flashsale=1,https://cdnv2.tgdd.vn/mwg-static/tgdd/Products/Images/7077/369504/dong-ho-dinh-vi-tre-em-zobo-s8-thumb-639198240874233418-600x600.jpg
308291,Đồng hồ thông minh,Garmin Golf Approach S70 47mm dây silicone,14370000,Garmin,Đen,5,Đã bán 61,https://www.thegioididong.com/dong-ho-thong-minh/garmin-golf-approach-s70-day-silicone?utm_flashsale=1,https://cdn.tgdd.vn/Products/Images/7077/308291/garmin-golf-approach-s70-day-silicone-tb-1-600x600.jpg
310710,Đồng hồ thông minh,Garmin Forerunner 265S 41.7mm dây silicone,9180000,Garmin,Đen,5,Đã bán 260,https://www.thegioididong.com/dong-ho-thong-minh/garmin-forerunner-265s-day-silicone,https://cdn.tgdd.vn/Products/Images/7077/310710/garmin-forerunner-265s-den-day-silicone-tb-600x600.jpg
322375,Đồng hồ thông minh,Amazfit Balance 46mm dây nylon,4480000,Amazfit,Xám,5,Đã bán 245,https://www.thegioididong.com/dong-ho-thong-minh/amazfit-balance-day-nylon,https://cdn.tgdd.vn/Products/Images/7077/322375/amazfit-balance-day-vai-tn2-600x600.jpg
322846,Đồng hồ thông minh,Garmin Lily 2 Classic 34mm dây da,7840000,Garmin,Đen - Tím,5,Đã bán 51,https://www.thegioididong.com/dong-ho-thong-minh/garmin-lily-2-classic-day-da,https://cdn.tgdd.vn/Products/Images/7077/322846/garmin-lily-2-classic-day-da-den-tim-tb-600x600.jpg
329514,Đồng hồ thông minh,Garmin Golf Approach S70 42mm dây silicone,13340000,Garmin,Xám nhạt,5,Đã bán 9,https://www.thegioididong.com/dong-ho-thong-minh/garmin-golf-approach-s70-42mm?utm_flashsale=1,https://cdn.tgdd.vn/Products/Images/7077/329514/garmin-golf-approach-s70-42mm-xam-tb-600x600.jpg
330793,Đồng hồ thông minh,Garmin Lily 2 Active 38mm dây silicone,7320000,Garmin,Tím,5,Đã bán 135,https://www.thegioididong.com/dong-ho-thong-minh/garmin-lily-2-active,https://cdn.tgdd.vn/Products/Images/7077/330793/garmin-lily-2-classic-day-vai-tim-tb-600x600.jpg
334983,Đồng hồ thông minh,Garmin Instinct 3 Solar 45mm dây silicone,8640000,Garmin,Đen,5,Đã bán 77,https://www.thegioididong.com/dong-ho-thong-minh/garmin-instinct-3-solar-45mm,https://cdn.tgdd.vn/Products/Images/7077/334983/garmin-instinct-3-solar-45mm-den-tb-600x600.jpg
335627,Đồng hồ thông minh,Garmin Approach S50 43mm dây nylon,9710000,Garmin,Trắng,5,Đã bán 20,https://www.thegioididong.com/dong-ho-thong-minh/garmin-approach-s50-43mm,https://cdn.tgdd.vn/Products/Images/7077/335627/garmin-golf-approach-s50-43mm-trang-tb-600x600.jpg
337773,Đồng hồ thông minh,Bộ kit đo size nhẫn,100000,Samsung,Đen,5,Đã bán 127,https://www.thegioididong.com/dong-ho-thong-minh/bo-kit-do-size-nhan,https://cdn.tgdd.vn/Products/Images/7077/337773/size-kit-600x600.jpg
339863,Đồng hồ thông minh,OPPO Watch X2 mini 43mm dây da,6990000,Oppo,Trắng - Vàng,5,Đã bán 25,https://www.thegioididong.com/dong-ho-thong-minh/oppo-watch-x2-mini-day-da,https://cdn.tgdd.vn/Products/Images/7077/339863/oppo-watch-x2-mini-day-da-tn-600x600.jpg
364650,Đồng hồ thông minh,Garmin Fenix 8 Sapphire 43mm viền thép dây silicone,25020000,Garmin,Vàng nhạt,5,Đã bán 34,https://www.thegioididong.com/dong-ho-thong-minh/garmin-fenix-8-sapphire-43mm-vien-thep-day-silicone?utm_flashsale=1,https://cdnv2.tgdd.vn/mwg-static/tgdd/Products/Images/7077/364650/garmin-fenix-8-sapphire-43mm-vien-thep-day-silicone-thumb-639096978552017615-600x600.jpg
368303,Đồng hồ thông minh,Amazfit Cheetah 2 Pro 48mm dây silicone,9990000,Amazfit,Đen,,Đã bán 6,https://www.thegioididong.com/dong-ho-thong-minh/amazfit-cheetah-2-pro-48mm-day-silicone,https://cdnv2.tgdd.vn/mwg-static/tgdd/Products/Images/7077/368303/amazfit-cheetah-2-pro-48mm-day-silicone-thumb-639174741652171741-600x600.jpg
369503,Đồng hồ thông minh,Đồng hồ định vị trẻ em Zobo S6,1740000,Zobo,Đen,,,https://www.thegioididong.com/dong-ho-thong-minh/dong-ho-dinh-vi-tre-em-zobo-s6?utm_flashsale=1,https://cdn.tgdd.vn/Products/Images/7077/369503/dong-ho-dinh-vi-tre-em-zobo-s6-thumb-den-600x600.jpg
337830,Đồng hồ thông minh,Nhẫn thông minh Samsung Galaxy Ring Size 6,9810000,Samsung,Đen,,Đã bán 1,https://www.thegioididong.com/dong-ho-thong-minh/samsung-galaxy-ring-size-6,https://cdn.tgdd.vn/Products/Images/7077/337830/samsung-galaxy-ring-den-tb-600x600.jpg
337840,Đồng hồ thông minh,Nhẫn thông minh Samsung Galaxy Ring Size 15,9810000,Samsung,Bạc,,Đã bán 2,https://www.thegioididong.com/dong-ho-thong-minh/samsung-galaxy-ring-size-15,https://cdn.tgdd.vn/Products/Images/7077/337840/samsung-galaxy-ring-bac-tb-600x600.jpg
364063,Đồng hồ thông minh,Suunto Run 46mm dây nylon,4590000,Suunto,Vàng,,Đã bán 1,https://www.thegioididong.com/dong-ho-thong-minh/suunto-run-46mm-day-nylon?utm_flashsale=1,https://cdn.tgdd.vn/Products/Images/7077/364063/suunto-run-46mm-day-nylon-vang-thumb-600x600.jpg
364064,Đồng hồ thông minh,Suunto Race S 45mm dây silicone,7390000,Suunto,Cam,,,https://www.thegioididong.com/dong-ho-thong-minh/suunto-race-s-45mm-day-silicone?utm_flashsale=1,https://cdn.tgdd.vn/Products/Images/7077/364064/suunto-race-s-45mm-day-silicone-cam-thumb-600x600.jpg
364065,Đồng hồ thông minh,Suunto Race S Titanium 45mm dây silicone,9390000,Suunto,Trắng,,,https://www.thegioididong.com/dong-ho-thong-minh/suunto-race-s-titanium-45mm-day-silicone?utm_flashsale=1,https://cdn.tgdd.vn/Products/Images/7077/364065/suunto-race-s-titanium-45mm-day-silicone-trang-thumb-1-600x600.jpg
371218,Đồng hồ thông minh,Apple Watch Series 12 GPS 42mm viền nhôm dây silicone,11490000,Apple,Xám - đồng,,,https://www.thegioididong.com/dong-ho-thong-minh/apple-watch-series-12-gps-42mm-vien-nhom-day-silicone,https://cdn.tgdd.vn/Products/Images/7077/371218/apple-watch-series-12-gps-42mm-vien-nhom-day-silicone-dong-thumb-600x600.jpg
371219,Đồng hồ thông minh,Apple Watch Series 12 GPS 46mm viền nhôm dây silicone,12990000,Apple,Xám - đồng,,,https://www.thegioididong.com/dong-ho-thong-minh/apple-watch-series-12-gps-46mm-vien-nhom-day-silicone,https://cdn.tgdd.vn/Products/Images/7077/371219/apple-watch-series-12-gps-46mm-vien-nhom-day-silicone-dong-thumb-600x600.jpg
371221,Đồng hồ thông minh,Apple Watch Series 12 GPS + Cellular 42mm viền nhôm dây silicone,14490000,Apple,Xám - đồng,,,https://www.thegioididong.com/dong-ho-thong-minh/apple-watch-series-12-gps-cellular-42mm-vien-nhom-day-silicone,https://cdn.tgdd.vn/Products/Images/7077/371221/apple-watch-series-12-gps-cellular-42mm-vien-nhom-day-silicone-dong-thumb-600x600.jpg
371223,Đồng hồ thông minh,Apple Watch Series 12 GPS + Cellular 42mm viền Titanium dây silicone,20990000,Apple,Vàng,,,https://www.thegioididong.com/dong-ho-thong-minh/apple-watch-series-12-gps-cellular-42mm-vien-titanium-day-silicone,https://cdn.tgdd.vn/Products/Images/7077/371223/apple-watch-series-12-gps-cellular-42mm-vien-titanium-day-silicone-gold-thumb-600x600.jpg
371225,Đồng hồ thông minh,Apple Watch Series 12 GPS + Cellular 42mm viền Titanium dây Milan,22490000,Apple,Vàng,,,https://www.thegioididong.com/dong-ho-thong-minh/apple-watch-series-12-gps-cellular-42mm-vien-titanium-day-milan,https://cdn.tgdd.vn/Products/Images/7077/371225/apple-watch-series-12-gps-cellular-42mm-vien-titanium-day-milan-gold-thumb-600x600.jpg
371226,Đồng hồ thông minh,Apple Watch Series 12 GPS + Cellular 46mm viền nhôm dây silicone,15990000,Apple,Xám - đồng,,,https://www.thegioididong.com/dong-ho-thong-minh/apple-watch-series-12-gps-cellular-46mm-vien-nhom-day-silicone,https://cdn.tgdd.vn/Products/Images/7077/371226/apple-watch-series-12-gps-cellular-46mm-vien-nhom-day-silicone-dong-thumb-600x600.jpg
371228,Đồng hồ thông minh,Apple Watch Series 12 GPS + Cellular 46mm viền Titanium dây silicone,22490000,Apple,Vàng,,,https://www.thegioididong.com/dong-ho-thong-minh/apple-watch-series-12-gps-cellular-46mm-vien-titanium-day-silicone,https://cdn.tgdd.vn/Products/Images/7077/371228/apple-watch-series-12-gps-cellular-46mm-vien-titanium-day-silicone-gold-thumb-600x600.jpg
371229,Đồng hồ thông minh,Apple Watch Series 12 GPS + Cellular 46mm viền Titanium dây Milan,23990000,Apple,Vàng,,,https://www.thegioididong.com/dong-ho-thong-minh/apple-watch-series-12-gps-cellular-46mm-vien-titanium-day-milan,https://cdn.tgdd.vn/Products/Images/7077/371229/apple-watch-series-12-gps-cellular-46mm-vien-titanium-day-milan-gold-thumb-600x600.jpg
371230,Đồng hồ thông minh,Apple Watch Series 12 GPS + Cellular 42mm viền Ceramic dây silicone,26790000,Apple,Trắng,,,https://www.thegioididong.com/dong-ho-thong-minh/apple-watch-series-12-gps-cellular-42mm-vien-ceramic-day-silicone,https://cdn.tgdd.vn/Products/Images/7077/371230/apple-watch-series-12-gps-cellular-42mm-vien-ceramic-day-silicone-trang-thumb-600x600.jpg
371231,Đồng hồ thông minh,Apple Watch Series 12 GPS + Cellular 46mm viền Ceramic dây silicone,28290000,Apple,Trắng,,,https://www.thegioididong.com/dong-ho-thong-minh/apple-watch-series-12-gps-cellular-46mm-vien-ceramic-day-silicone,https://cdn.tgdd.vn/Products/Images/7077/371231/apple-watch-series-12-gps-cellular-46mm-vien-ceramic-day-silicone-trang-thumb-600x600.jpg
371235,Đồng hồ thông minh,Apple Watch Ultra 4 GPS + Cellular 49mm viền Titanium dây Milan,26990000,Apple,Titan tự nhiên,,,https://www.thegioididong.com/dong-ho-thong-minh/apple-watch-ultra-4-gps-cellular-49mm-vien-titanium-day-milan,https://cdn.tgdd.vn/Products/Images/7077/371235/apple-watch-ultra-4-gps-cellular-49mm-vien-titanium-day-milan-titan-tu-nhien-thumb-600x600.jpg
371332,Đồng hồ thông minh,Apple Watch SE 3 GPS 40mm viền nhôm dây thể thao 2026,6990000,Apple,Ghi đen,,,https://www.thegioididong.com/dong-ho-thong-minh/apple-watch-se-3-gps-40mm-vien-nhom-day-the-thao-2026,https://cdn.tgdd.vn/Products/Images/7077/371332/apple-watch-se-3-gps-40mm-vien-nhom-day-the-thao-2026-navy-thumb-600x600.jpg
371333,Đồng hồ thông minh,Apple Watch SE 3 GPS + Cellular 40mm viền nhôm dây thể thao 2026,8490000,Apple,Ghi đen,,,https://www.thegioididong.com/dong-ho-thong-minh/apple-watch-se-3-gps-cellular-40mm-vien-nhom-day-the-thao-2026,https://cdn.tgdd.vn/Products/Images/7077/371333/apple-watch-se-3-gps-cellular-40mm-vien-nhom-day-the-thao-2026-navy-thumb-600x600.jpg
371335,Đồng hồ thông minh,Apple Watch SE 3 GPS 44mm viền nhôm dây thể thao 2026,7850000,Apple,Vàng đồng,,,https://www.thegioididong.com/dong-ho-thong-minh/apple-watch-se-3-gps-44mm-vien-nhom-day-the-thao-2026,https://cdn.tgdd.vn/Products/Images/7077/371335/apple-watch-se-3-gps-44mm-vien-nhom-day-the-thao-2026-starlight-thumb-600x600.jpg
371336,Đồng hồ thông minh,Apple Watch SE 3 GPS + Cellular 44mm viền nhôm dây thể thao 2026,9350000,Apple,Vàng đồng,,,https://www.thegioididong.com/dong-ho-thong-minh/apple-watch-se-3-gps-cellular-44mm-vien-nhom-day-the-thao-2026,https://cdn.tgdd.vn/Products/Images/7077/371336/apple-watch-se-3-gps-cellular-44mm-vien-nhom-day-the-thao-2026-starlight-thumb-600x600.jpg
364640,Đồng hồ thời trang,Đồng hồ Orient 41.5 mm Nam RA-AK0315L30B,12625000,ORIENT,Bạc,5,Đã bán 18,https://www.thegioididong.com/dong-ho-deo-tay/orient-ra-ak0315l30b-nam,https://cdnv2.tgdd.vn/mwg-static/tgdd/Products/Images/7264/364640/orient-ra-ak0315l30b-nam-thumb-639099710537900990-600x600.jpg
326940,Đồng hồ thời trang,Đồng hồ Baby-G 37.9 mm Nữ BGD-565SJ-9DR,2075000,BABY-G,Vàng,5,Đã bán 30,https://www.thegioididong.com/dong-ho-deo-tay/baby-g-bgd-565sj-9dr-nu,https://cdn.tgdd.vn/Products/Images/7264/326940/baby-g-bgd-565sj-9dr-nu-thumb-600x600.jpg
364641,Đồng hồ thời trang,Đồng hồ Orient 41.5 mm Nam RA-AK0316L30B,11925000,ORIENT,Bạc,,,https://www.thegioididong.com/dong-ho-deo-tay/orient-ra-ak0316l30b-nam?utm_flashsale=1,https://cdnv2.tgdd.vn/mwg-static/tgdd/Products/Images/7264/364641/orient-ra-ak0316l30b-nam-thumb-639099718185649895-600x600.jpg
364642,Đồng hồ thời trang,Đồng hồ Orient 38.5 mm Nam RE-AU0112V00B,17815000,ORIENT,Bạc,,,https://www.thegioididong.com/dong-ho-deo-tay/orient-re-au0112v00b-nam?utm_flashsale=1,https://cdnv2.tgdd.vn/mwg-static/tgdd/Products/Images/7264/364642/orient-re-au0112v00b-nam-thumb-639099730417630213-600x600.jpg
364643,Đồng hồ thời trang,Đồng hồ Orient 38.5 mm Nam RE-AU0114E00B,18715000,ORIENT,Bạc,,Đã bán 1,https://www.thegioididong.com/dong-ho-deo-tay/orient-re-au0114e00b-nam?utm_flashsale=1,https://cdnv2.tgdd.vn/mwg-static/tgdd/Products/Images/7264/364643/orient-re-au0114e00b-nam-thumb-639099737647946034-600x600.jpg
364646,Đồng hồ thời trang,Đồng hồ Orient 41 mm Nam RE-AV0138V00B,24655000,ORIENT,Bạc,,,https://www.thegioididong.com/dong-ho-deo-tay/orient-re-av0138v00b-nam?utm_flashsale=1,https://cdnv2.tgdd.vn/mwg-static/tgdd/Products/Images/7264/364646/orient-re-av0138v00b-nam-thumb-639099754090826637-600x600.jpg
330392,Đồng hồ thời trang,Đồng hồ Orient Sun & Moon 42 mm Nam RA-AS0010S30B,15555000,ORIENT,Nâu,5,Đã bán 120,https://www.thegioididong.com/dong-ho-deo-tay/orient-ra-as0010s30b-nam,https://cdnv2.tgdd.vn/mwg-static/tgdd/Products/Images/7264/330392/orient-ra-as0010s30b-nam-thumb-638642634684583483-600x600.jpg
331125,Đồng hồ thời trang,Đồng hồ Orient Contemporary 40 mm Nam RA-TX0306S10B,7230000,ORIENT,Nâu,5,Đã bán 47,https://www.thegioididong.com/dong-ho-deo-tay/orient-ra-tx0306s10b-nam,https://cdnv2.tgdd.vn/mwg-static/tgdd/Products/Images/7264/331125/orient-ra-tx0306s10b-nam-thumb-638654690266131155-600x600.jpg
364639,Đồng hồ thời trang,Đồng hồ Orient 41.5 mm Nam RA-AK0314E30B,12625000,ORIENT,Bạc,5,Đã bán 16,https://www.thegioididong.com/dong-ho-deo-tay/orient-ra-ak0314e30b-nam,https://cdnv2.tgdd.vn/mwg-static/tgdd/Products/Images/7264/364639/orient-ra-ak0314e30b-nam-thumb-639099693080179572-600x600.jpg
364638,Đồng hồ thời trang,Đồng hồ Orient 41.5 mm Nam RA-AK0313Y30B,13190000,ORIENT,Bạc,5,Đã bán 13,https://www.thegioididong.com/dong-ho-deo-tay/orient-ra-ak0313y30b-nam,https://cdnv2.tgdd.vn/mwg-static/tgdd/Products/Images/7264/364638/orient-ra-ak0313y30b-nam-thumb-639099675664269061-600x600.jpg
283074,Đồng hồ thời trang,Đồng hồ EDIFICE 47 mm Nam EQB-1200HG-1ADR,11320000,EDIFICE CASIO,Đen,4.7,Đã bán 18,https://www.thegioididong.com/dong-ho-deo-tay/edifice-eqb-1200hg-1adr-nam,https://cdn.tgdd.vn/Products/Images/7264/283074/edifice-eqb-1200hg-1adr-nam-thumb-fix-600x600.jpg
367832,Đồng hồ thời trang,Đồng hồ MVW Urban 39 mm Nam SS050326-03,890000,MVW,Màu kết hợp,5,Đã bán 378,https://www.thegioididong.com/dong-ho-deo-tay/mvw-ss050326-03-nam,https://cdnv2.tgdd.vn/mwg-static/tgdd/Products/Images/7264/367832/mvw-ss050326-03-nam-thumb-639159231597135818-600x600.jpg
367833,Đồng hồ thời trang,Đồng hồ MVW Urban 32.5 mm Nam SS050326-04,690000,MVW,Bạc,5,Đã bán 234,https://www.thegioididong.com/dong-ho-deo-tay/mvw-ss050326-04-nam,https://cdnv2.tgdd.vn/mwg-static/tgdd/Products/Images/7264/367833/mvw-ss050326-04-nam-thumb-639159235980668606-600x600.jpg
367831,Đồng hồ thời trang,Đồng hồ MVW Urban 39 mm Nam SS050326-02,890000,MVW,Bạc,5,Đã bán 367,https://www.thegioididong.com/dong-ho-deo-tay/mvw-ss050326-02-nam,https://cdnv2.tgdd.vn/mwg-static/tgdd/Products/Images/7264/367831/mvw-ss050326-02-nam-thumb-639159221603520480-600x600.jpg
367830,Đồng hồ thời trang,Đồng hồ MVW Urban 41 mm Nam SS050326-01,890000,MVW,Màu kết hợp,5,Đã bán 313,https://www.thegioididong.com/dong-ho-deo-tay/mvw-ss050326-01-nam,https://cdnv2.tgdd.vn/mwg-static/tgdd/Products/Images/7264/367830/mvw-ss050326-01-nam-thumb-639159212093282665-600x600.jpg
199205,Đồng hồ thời trang,Đồng hồ BABY-G 38.8 mm Nữ BGA-250-7A2DR,2655000,BABY-G,Trắng,4.9,Đã bán 202,https://www.thegioididong.com/dong-ho-deo-tay/baby-g-bga-250-7a2dr-trang,
360575,Đồng hồ thời trang,Đồng hồ MVW Lucky Gold 40 mm Nam SS30725-08,2240000,MVW,Màu kết hợp,5,Đã bán 348,https://www.thegioididong.com/dong-ho-deo-tay/mvw-ss30725-08-nam,
360576,Đồng hồ thời trang,Đồng hồ MVW Lucky Gold 43 mm Nam SS30725-09,2115000,MVW,Màu kết hợp,5,Đã bán 298,https://www.thegioididong.com/dong-ho-deo-tay/mvw-ss30725-09-nam,
360581,Đồng hồ thời trang,Đồng hồ MVW Lucky Gold 40.2 mm Nam SS30725-16,2240000,MVW,Màu kết hợp,5,Đã bán 317,https://www.thegioididong.com/dong-ho-deo-tay/mvw-ss30725-16-nam,
360580,Đồng hồ thời trang,Đồng hồ MVW Lucky Gold 40.2 mm Nam SS30725-15,2115000,MVW,Vàng,5,Đã bán 220,https://www.thegioididong.com/dong-ho-deo-tay/mvw-ss30725-15-nam,
370179,Phụ kiện,Ốp lưng Magnetic iPhone 17 Pro Max Nhựa cứng TORRAS C1S,369000,TORRAS,Trắng,,,https://www.thegioididong.com/op-lung-flipcover/op-lung-magnetic-iphone-17-pro-max-nhua-cung-torras-c1s?utm_flashsale=1,
337969,Phụ kiện,Sạc nhanh 2 cổng Type-C QC3.0 PD 30W Ugreen X516,250000,Ugreen,Đen,4.9,"Đã bán 6,4k",https://www.thegioididong.com/adapter-sac/adapter-sac-2-cong-type-c-pd-qc-3-0-gan-30w-ugreen-x516-6501?utm_flashsale=1,
367810,Phụ kiện,Loa Bluetooth Xiaomi Sound Play,1590000,Xiaomi,Đen,5,Đã bán 357,https://www.thegioididong.com/loa-laptop/loa-bluetooth-xiaomi-sound-play?utm_flashsale=1,
369653,Phụ kiện,Camera IP 3MP IMOU Cue 2E C32SP,370000,Imou,Trắng,,,https://www.thegioididong.com/camera-giam-sat/camera-ip-imou-cue-2e-c32sp?utm_flashsale=1,
361088,Phụ kiện,Pin sạc dự phòng Polymer 10000mAh Type C PD QC 3.0 15W Aukey PB-Y46 - Xám Đậm,305000,AUKEY,Xám,5,Đã bán 96,https://www.thegioididong.com/sac-dtdd/pin-sac-du-phong-polymer-10000mah-type-c-pd-qc-30-15w-aukey-pb-y46-xam-dam?utm_flashsale=1,
368720,Phụ kiện,Đèn pha năng lượng mặt trời Modi MD-PT58-120-W WH,760000,Modi,Đen,,Đã bán 10,https://www.thegioididong.com/den-nang-luong-mat-troi/den-pha-nang-luong-mat-troi-modi-md-pt58-120-w-wh?utm_flashsale=1,
364553,Phụ kiện,Túi đeo chéo Tomtoc Aviator-T37 Travel Crossbody T37S1D1,918000,TOMTOC,Đen,,Đã bán 3,https://www.thegioididong.com/tui-dung-phu-kien/tui-deo-cheo-tomtoc-aviator-t37-travel-crossbody-t37s1d1?utm_flashsale=1,
366973,Phụ kiện,Quạt cầm tay AVA+ Mini JF329,150000,AVA+,Màu be,5,"Đã bán 1,6k",https://www.thegioididong.com/quat-mini/quat-cam-tay-ava-mini-jf329?utm_flashsale=1,
370235,Phụ kiện,Miếng dán kính cường lực iPhone 16 Pro Max TORRAS TITAN HD Tràn Viền 2 Miếng,279000,TORRAS,Trắng,,,https://www.thegioididong.com/mieng-dan-man-hinh/mieng-dan-kinh-cuong-luc-iphone-16-pro-max-torras-titan-hd-tran-vien-2-mieng?utm_flashsale=1,
370101,Phụ kiện,Sạc nhanh Type-C 20W TORRAS ICENANO Kèm Cáp Type C 1.2m,530000,TORRAS,Trắng,,,https://www.thegioididong.com/adapter-sac/sac-nhanh-type-c-20w-torras-icenano-kem-cap-type-c-1-2m?utm_flashsale=1,
361261,Phụ kiện,Tai nghe Bluetooth True Wireless Aukey EP-M3A - Xám,165000,AUKEY,Xám,4.7,Đã bán 147,https://www.thegioididong.com/tai-nghe/tai-nghe-blutetooth-true-wireless-aukey-ep-m3a-xam?utm_flashsale=1,
369599,Phụ kiện,Camera IP 360 Độ 3MP IMOU Ranger 2 A32P Pro,460000,Imou,Trắng,,,https://www.thegioididong.com/camera-giam-sat/camera-ip-360-do-imou-ranger-2-a32p-pro?utm_flashsale=1,
360665,Phụ kiện,Pin sạc dự phòng Polymer 10000mAh Type C 10.5W Golf G80-C,180000,Golf,Đen,4.9,Đã bán 487,https://www.thegioididong.com/sac-dtdd/pin-sac-du-phong-polymer-10000mah-type-c-10-5w-golf-g80-c?utm_flashsale=1,
370281,Phụ kiện,Ghế Gaming WARRIOR Raider Series WGC206 Hồng Trắng,2890000,WARRIOR,Hồng,,,https://www.thegioididong.com/ghe-gaming-ghe-cong-thai-hoc/ghe-gaming-warrior-raider-series-wgc206-hong?utm_flashsale=1,
363760,Phụ kiện,Túi chống sốc Laptop 14 inch Innostyle Lux Leather Laptop PLS-10BLK-14,668000,Innostyle,Đen,,Đã bán 3,https://www.thegioididong.com/tui-chong-soc/tui-chong-soc-laptop-14-inch-innostyle-lux-leather-laptop-pls-10blk-14?utm_flashsale=1,
368617,Phụ kiện,Bàn Phím Cơ Bluetooth EDRA ThunderBird TGK375WHE,895000,EDRA,Xanh Dương,5,Đã bán 73,https://www.thegioididong.com/ban-phim/ban-phim-co-bluetooth-edra-thunderbird-tgk375whe?utm_flashsale=1,
363852,Phụ kiện,Ốp lưng Magsafe iPhone 16 Pro Max PC TPU Innostyle MPC-A01-16PM,197000,Innostyle,Trắng,,Đã bán 2,https://www.thegioididong.com/op-lung-flipcover/op-lung-magsafe-iphone-16-pro-max-pc-tpu-innostyle-mpc-a01-16pm?utm_flashsale=1,
332248,Phụ kiện,Sạc nhanh Type-C QC4.0+ PD 30W Ugreen Nexode CD319,240000,Ugreen,Xám,5,Đã bán 17k,https://www.thegioididong.com/adapter-sac/adapter-sac-type-c-pd-qc-4-0-gan-30w-ugreen-nexode-cd319?utm_flashsale=1,
368715,Phụ kiện,Đèn đường liền thể năng lượng mặt trời Modi MD-SLT27-50-T WH,415000,Modi,Đen,5,Đã bán 18,https://www.thegioididong.com/den-nang-luong-mat-troi/den-duong-lien-the-nang-luong-mat-troi-modi-md-slt27-50-t-wh?utm_flashsale=1,
360829,Phụ kiện,Balo Laptop 15.6 inch TUCANO Loop Eco,980000,Tucano,Xanh Đậm,5,Đã bán 7,https://www.thegioididong.com/tui-chong-soc/balo-laptop-156-inch-tucano-loop-eco?utm_flashsale=1,
